w,l,nf,flavor,vg,mean_rel_error,vth_error
1e-07,1e-06,1,5,0.0,1.9999829964055427,0.020490015846851173
1e-07,1e-06,1,2,0.0,1.999978880325117,0.022879848591542795
1e-07,5e-07,1,5,0.0,1.9999788595416905,-0.011057381011636114
1e-07,5e-07,1,2,0.0,1.999973841164849,0.004280668423363609
2e-07,1e-06,1,5,0.0,1.9999736342467664,0.01566868447993841
2e-07,5e-07,1,5,0.0,1.9999718891120266,0.011031200381183326
1e-07,1e-06,2,5,0.0,1.999971410609211,0.007765050196274048
1e-07,1e-06,1,4,0.0,1.9999708833229275,-0.06300577260072238
2e-07,1e-06,1,2,0.0,1.9999682058019168,0.04194886926869357
2e-07,1e-06,1,1,0.0,1.9999672921318126,0.01670260428722692
1e-07,5e-07,1,6,0.9,1.9999664232764427,0.06707406068390989
2e-07,5e-07,1,2,0.0,1.9999649995472317,0.018075114158964345
4e-07,1e-06,1,6,0.9,1.999964657445465,0.07084383018105567
2e-07,1e-06,2,6,0.9,1.9999643477381692,0.0703179894710336
1e-07,1e-06,1,6,0.9,1.9999637828474497,0.06154208127930669
2e-07,1e-06,1,4,0.0,1.9999634432184954,-0.018585845763647413
1e-07,1e-06,1,1,0.0,1.999963164432477,0.5839336411403696
1e-07,5e-07,2,5,0.0,1.999962847181082,0.024993776038122917
1e-07,1e-06,1,7,0.9,1.99996212322923,0.09007708470916378
1e-07,1e-06,2,2,0.0,1.9999617965437768,0.05543360089888916
1e-07,5e-07,1,7,0.9,1.9999605148541355,0.12902439422794254
1e-07,1e-06,2,7,0.9,1.9999595347321262,0.13364838576986404
2e-07,5e-07,1,6,0.9,1.999959455717923,0.07536467295655924
2e-07,1e-06,4,6,0.9,1.9999593726775906,0.08730423965242476
1e-07,5e-07,2,6,0.9,1.9999591872725264,0.07522827094533241
2e-07,1e-06,1,7,0.9,1.9999582840587933,0.16064824253116108
2e-07,5e-07,1,1,0.0,1.9999576289029304,0.14774396254894673
2e-07,5e-07,2,6,0.9,1.9999575617411012,0.09358350161742543
4e-07,1e-06,2,6,0.9,1.9999567150652182,0.0868613675162277
1e-07,5e-07,2,2,0.0,1.999956452546849,0.035159892807717585
1e-07,1e-06,4,7,0.9,1.9999562127267303,0.15574291762816245
8e-07,1e-06,1,6,0.9,1.9999559964232607,0.0873125123207959
4e-07,5e-07,1,6,0.9,1.9999559629302148,0.093710608459525
1e-07,1e-06,4,6,0.9,1.9999555248845375,0.07293224236946894
2e-07,1e-06,2,1,0.0,1.9999553399287813,0.060502955058625685
1e-07,5e-07,2,7,0.9,1.9999552376687553,0.13150719574717276
2e-07,1e-06,2,2,0.0,1.9999541134635668,0.017074933750898524
1e-07,1e-06,2,6,0.9,1.999953995090052,0.06408526887111596
4e-07,1e-06,1,7,0.9,1.999953655618191,0.16640502196061857
2e-07,5e-07,1,7,0.9,1.9999529970150924,0.17290312160367483
2e-07,1e-06,2,7,0.9,1.9999528808153166,0.1642624377965833
1e-07,2e-07,1,7,0.9,1.9999522501042637,0.1521098083304369
1e-07,1e-06,2,1,0.0,1.999952189186785,0.2677584228865967
2e-07,1e-06,2,5,0.0,1.9999515907145367,0.016275197405977382
1e-07,1e-06,4,5,0.0,1.9999513042987307,0.04032281511774294
4e-07,5e-07,1,2,0.0,1.9999512760745806,0.01744550087830654
4e-07,1e-06,1,2,0.0,1.9999512350964768,0.04792143385339065
1e-07,5e-07,1,1,0.0,1.9999497570462925,0.5422581055741941
1e-07,1e-06,2,4,0.0,1.9999494470506676,-0.051282707529036964
1e-07,5e-07,4,7,0.9,1.9999494025265712,0.15366961815874391
2e-07,1e-06,1,8,0.9,1.999949357796601,0.19482572045697405
1e-07,1e-06,2,8,0.9,1.9999493134272601,0.19261456270784927
1e-07,1e-06,1,8,0.9,1.999949244876338,0.19098968784170986
2e-07,1e-06,8,6,0.9,1.9999491772671782,0.12086413382313119
1e-07,1e-06,8,6,0.9,1.999949122042694,0.08827019390720173
2e-07,5e-07,2,5,0.0,1.9999487904814046,0.029299219055784365
4e-07,5e-07,1,5,0.0,1.9999484962448755,0.03548032057694994
1e-07,1e-06,8,7,0.9,1.9999479995457938,0.18432432828169748
1e-07,1e-06,1,9,0.9,1.9999478515498286,0.19436381377514883
4e-07,1e-06,1,1,0.0,1.9999477138973145,-0.06942998874191209
1e-07,2e-07,1,5,0.0,1.9999476931638749,-0.06315840274196072
1e-07,2e-07,1,6,0.9,1.9999475374356226,0.09302630053371919
1e-07,5e-07,1,8,0.9,1.9999472754143661,0.196319121390691
2e-07,2e-07,1,5,0.0,1.9999467783686558,-0.01408379369720758
2e-07,1e-06,2,8,0.9,1.9999465111128967,0.20153857616553972
2e-07,5e-07,2,2,0.0,1.9999464902527788,0.0334660217235202
4e-07,1e-06,4,6,0.9,1.9999456027104379,0.12017863042234334
4e-07,1e-06,1,5,0.0,1.99994538944078,0.04223614832554701
4e-07,1e-06,1,8,0.9,1.9999450437536488,0.20303941498492278
2e-07,1e-06,4,7,0.9,1.9999447498276701,0.1917106777636522
2e-07,5e-07,4,6,0.9,1.9999445114235794,0.12913300211933407
1e-07,5e-07,2,8,0.9,1.9999442230592073,0.20295479259094418
4e-07,5e-07,1,1,0.0,1.9999441463006367,-0.04313955367509492
8e-07,1e-06,2,6,0.9,1.9999441281067114,0.12013022621447586
4e-07,1e-06,2,7,0.9,1.9999440121174854,0.19826270509887964
4e-07,5e-07,1,7,0.9,1.999943900926437,0.1920077139311954
8e-07,1e-06,1,7,0.9,1.9999437901869157,0.2060817863265135
1e-07,1e-06,4,8,0.9,1.9999435234070488,0.20100794513894632
2e-07,1e-06,1,9,0.9,1.9999435035144881,0.19798445949457705
2e-07,5e-07,2,7,0.9,1.9999434192690906,0.17623205467834768
1e-07,5e-07,1,4,0.0,1.999943403066561,-0.16681767290143634
1e-07,5e-07,1,9,0.9,1.9999426273937106,0.19804233410307878
2e-07,5e-07,2,1,0.0,1.999942338055013,0.04000803195344349
2e-07,5e-07,1,8,0.9,1.9999415932108946,0.2044473886648588
1.6e-06,1e-06,1,6,0.9,1.9999415831821827,0.27332252491993564
1e-07,1e-06,2,9,0.9,1.9999407865917689,0.19873264087988374
4e-07,5e-07,2,6,0.9,1.9999401623520672,0.1361919045916433
4e-07,1e-06,1,4,0.0,1.9999395787975,0.020084653335877833
1e-07,5e-07,2,9,0.9,1.9999395406647023,0.20708240083773982
1e-07,5e-07,4,6,0.9,1.999938604199564,0.09230458791236343
1e-07,5e-07,4,8,0.9,1.9999378187263812,0.21824260591877306
1e-07,1e-06,4,2,0.0,1.9999373985576372,0.017516796884360697
8e-07,5e-07,1,6,0.9,1.9999370066767876,0.14024687403058472
1e-07,5e-07,8,6,0.9,1.9999363916092705,0.12658474745767187
2e-07,1e-06,1,6,0.9,1.9999361438840428,0.0640928620877998
2e-07,5e-07,1,9,0.9,1.999936094776959,0.20870592973346036
2e-07,5e-07,1,4,0.0,1.9999360437206675,-0.07982534220125892
4e-07,1e-06,2,8,0.9,1.999935910932472,0.21831782927301757
2e-07,1e-06,4,8,0.9,1.9999355683091387,0.2175133747407034
1e-07,1e-06,4,9,0.9,1.9999350784995449,0.20851773560547288
4e-07,1e-06,1,9,0.9,1.9999350644379348,0.21089357697201871
2e-07,5e-07,2,8,0.9,1.9999346150625699,0.2185127273912717
1e-07,2e-07,1,8,0.9,1.9999336415571878,0.21413582699444228
1e-07,5e-07,4,5,0.0,1.9999331639745623,0.012803296488695715
4e-07,5e-07,1,8,0.9,1.9999328175885993,0.2243657213820917
8e-07,1e-06,1,8,0.9,1.9999325179285983,0.2227451021891542
1e-07,5e-07,2,1,0.0,1.9999324701958514,0.178614404894072
2e-07,1e-06,2,4,0.0,1.9999320749754936,-0.010467835501244194
1e-07,5e-07,8,7,0.9,1.9999316299551098,0.2029805150639439
1e-07,1e-06,8,8,0.9,1.9999312703153174,0.2184501967676399
2e-07,1e-06,2,9,0.9,1.9999303444055017,0.2090964778614946
1e-07,2e-07,1,2,0.0,1.9999303382916591,-0.04604922253633259
8e-07,1e-06,1,9,0.9,1.999929808516951,0.2279846049910697
4e-07,1e-06,4,7,0.9,1.9999297857794232,0.2387870039301239
2e-07,2e-07,1,2,0.0,1.9999294284454883,-0.02835984609654496
2e-07,1e-06,8,7,0.9,1.9999292079101516,0.23103585357181453
4e-07,1e-06,2,1,0.0,1.9999289137600704,0.07981667686710636
1e-07,5e-07,4,9,0.9,1.9999288112426512,0.2258133312500884
2e-07,5e-07,4,7,0.9,1.9999285389129124,0.21967874561716316
1e-07,1e-06,8,9,0.9,1.9999279878054488,0.22734787114298177
2e-07,2e-07,1,7,0.9,1.999927882388733,0.17207401202923245
1.6e-06,1e-06,1,7,0.9,1.9999263257848177,0.25045117253969135
4e-07,1e-06,2,9,0.9,1.9999261948235394,0.22929848013666815
8e-07,1e-06,2,7,0.9,1.9999253609269811,0.2486403738759282
1e-07,2e-07,1,9,0.9,1.9999236530028686,0.21921214976391085
2e-07,1e-06,4,9,0.9,1.9999232157031965,0.22951958783975182
1e-07,5e-07,8,8,0.9,1.9999226906455547,0.2490232465910717
4e-07,2e-07,1,2,0.0,1.9999225612848868,0.019008209789653785
2e-07,5e-07,2,9,0.9,1.9999225253312758,0.23091511479181348
4e-07,5e-07,2,7,0.9,1.99992245562111,0.23902536240572458
2e-07,2e-07,1,6,0.9,1.9999210683831248,0.1369373456392487
1e-07,1e-06,4,1,0.0,1.999921047866191,0.6079035586729087
2e-07,1e-06,8,8,0.9,1.9999197247545368,0.24858396211244002
8e-07,5e-07,1,7,0.9,1.9999194777986768,0.24814947364988163
8e-07,1e-06,4,6,0.9,1.9999192299075248,0.19017790252332378
4e-07,5e-07,2,2,0.0,1.9999191053370537,0.025541985104076126
2e-07,1e-06,4,1,0.0,1.999919099655426,0.030079961487959217
4e-07,1e-06,8,6,0.9,1.999918705108054,0.1890927865929418
4e-07,1e-06,4,8,0.9,1.9999182380662588,0.25353326823939226
4e-07,5e-07,1,9,0.9,1.9999182369820339,0.23593791553427557
2.65e-06,1e-06,1,6,0.9,1.999917276900534,0.23372656514378237
4e-07,2e-07,1,5,0.0,1.9999169029643913,0.006226990343214389
2e-07,5e-07,8,6,0.9,1.9999168622881047,0.20332272936094126
4e-07,1e-06,2,2,0.0,1.9999166362859238,0.044450193706337515
1e-07,5e-07,4,2,0.0,1.9999155116955318,0.018626820728324334
2e-07,5e-07,4,8,0.9,1.9999151587635413,0.25162642549670156
4e-07,5e-07,2,1,0.0,1.9999151163038973,0.06463285790927376
2e-07,1e-06,4,5,0.0,1.999914979123536,0.04741217515757601
2e-07,1e-06,4,2,0.0,1.9999145716486642,0.037631921140151126
1.6e-06,1e-06,2,6,0.9,1.9999141111878262,0.18958714848127803
4e-07,5e-07,1,4,0.0,1.9999137542790968,-0.011370192069381613
2e-07,2e-07,1,8,0.9,1.999913386301273,0.24360853871430665
8e-07,5e-07,1,2,0.0,1.999912826507871,0.02593584396801385
4e-07,5e-07,2,8,0.9,1.9999116661062744,0.2605413959908537
8e-07,1e-06,1,1,0.0,1.999911583215135,0.07966684465200691
4e-07,5e-07,4,6,0.9,1.9999112897242022,0.21575375166145316
8e-07,1e-06,2,8,0.9,1.9999084806066663,0.2573693635062389
1e-07,1e-06,8,5,0.0,1.9999072705677174,0.017617904688863928
8e-07,5e-07,2,6,0.9,1.9999067218368651,0.2229979909201862
8e-07,1e-06,2,9,0.9,1.999906480630766,0.2654365825594729
1.6e-06,1e-06,1,8,0.9,1.9999057494829677,0.2651626533021928
1e-07,5e-07,8,9,0.9,1.9999056743045251,0.2603081392380185
2e-07,5e-07,4,5,0.0,1.9999049700621736,0.0219753844377214
8e-07,5e-07,1,8,0.9,1.9999040316651737,0.2677812229554634
4e-07,5e-07,2,5,0.0,1.9999038730959584,0.02162165849289388
4e-07,1e-06,2,5,0.0,1.999903473702922,0.041156766608288375
1.6e-06,1e-06,1,9,0.9,1.9999023800573803,0.2646891728310927
8e-07,1e-06,1,2,0.0,1.9999023080674145,0.018780166251493924
1e-07,1e-06,4,4,0.0,1.9999012203600017,-0.03521050875022935
4e-07,5e-07,2,9,0.9,1.9999009771848066,0.27759959185444516
2e-07,5e-07,4,2,0.0,1.9999007498504007,0.044868691193183374
1e-07,5e-07,2,4,0.0,1.999899462439022,-0.14755981448001732
4e-07,1e-06,4,9,0.9,1.9998993582678417,0.2683099506305424
8e-07,5e-07,1,5,0.0,1.999898596994159,0.0340490879104518
2e-07,1e-06,8,9,0.9,1.9998980947342495,0.2671741101181493
2e-07,2e-07,1,9,0.9,1.9998977311025414,0.25633815783703395
2e-07,5e-07,4,1,0.0,1.9998973889020415,-0.009135876188970271
1.6e-06,5e-07,1,6,0.9,1.9998966916773935,0.23160870823210325
8e-07,5e-07,1,9,0.9,1.9998960544192053,0.2833337871251773
4e-07,1e-06,8,7,0.9,1.9998947938266027,0.3082677665853464
2e-07,5e-07,4,9,0.9,1.9998946886825635,0.26970651158599634
2.65e-06,1e-06,1,7,0.9,1.9998926346853811,0.30277041979078134
2e-07,5e-07,8,7,0.9,1.999892083455959,0.30610068169399607
4e-07,2e-07,1,6,0.9,1.9998904248051637,0.22593490925719975
8e-07,1e-06,4,7,0.9,1.9998899344194192,0.32313044300590993
8e-07,2e-07,1,2,0.0,1.9998864993804866,-0.0005092399091874977
8e-07,1e-06,1,5,0.0,1.9998840725155063,0.02207986707300691
2e-07,5e-07,8,8,0.9,1.9998835649633446,0.3149682259969548
1.6e-06,1e-06,2,7,0.9,1.9998815331017816,0.32495630177416135
1e-07,5e-07,4,1,0.0,1.9998812796578496,0.17404377512989666
4e-07,5e-07,4,7,0.9,1.9998809390769943,0.31895087483733203
4e-07,1e-06,2,4,0.0,1.9998806786499883,-0.0013951779515597451
4e-07,1e-06,8,8,0.9,1.999880110130944,0.3170366953698475
2.65e-06,1e-06,1,9,0.9,1.9998794430164601,0.3041343774676707
1.6e-06,5e-07,1,7,0.9,1.9998791059253829,0.33892417522213436
1e-07,1e-06,8,2,0.0,1.9998784250229733,0.017480036947298716
8e-07,5e-07,2,7,0.9,1.9998759555541734,0.3338927993847122
8e-07,1e-06,1,4,0.0,1.9998756388729686,0.010067236356001374
4e-07,1e-06,4,1,0.0,1.9998745859515228,0.4490332021831495
4e-07,2e-07,1,7,0.9,1.9998742264730365,0.25718085192140694
2e-07,5e-07,2,4,0.0,1.9998726541247769,-0.05226093582998903
1e-07,5e-07,8,5,0.0,1.9998726362458192,0.002715729533686373
2.65e-06,1e-06,1,8,0.9,1.999871056546398,0.3163415885838895
2e-07,1e-06,4,4,0.0,1.999870361807993,-0.009727825396505962
2e-07,2e-07,1,1,0.0,1.9998693071148803,0.01124990314436114
4e-07,2e-07,1,1,0.0,1.9998680634958546,-0.13741132864723993
8e-07,1e-06,4,8,0.9,1.9998679210321744,0.3280249042720173
8e-07,1e-06,8,6,0.9,1.9998672094356604,0.4753656732288635
8e-07,1e-06,4,9,0.9,1.9998665536624702,0.3368271379175042
8e-07,2e-07,1,5,0.0,1.9998661654740038,0.022973054572490437
1e-07,1e-06,8,1,0.0,1.9998661608240345,0.2682543007650079
2.65e-06,1e-06,2,6,0.9,1.9998654374008826,0.2931233144498955
4e-07,5e-07,4,8,0.9,1.9998643136239103,0.32675803665438885
4e-07,2e-07,1,8,0.9,1.999861568405884,0.30095299511453577
1e-07,5e-07,1,0,0.0,1.9998591641621881,0.6594079998345579
1.6e-06,1e-06,4,6,0.9,1.9998568497281792,0.3222319073797323
4e-07,1e-06,8,9,0.9,1.9998564400287804,0.3426291739756245
1.6e-06,1e-06,2,9,0.9,1.9998558394495087,0.3346382903709597
1.6e-06,1e-06,2,8,0.9,1.9998557526363445,0.3407391810211724
1e-07,1e-06,1,0,0.0,1.9998555749150548,0.6640124288520536
8e-07,5e-07,1,4,0.0,1.9998521128238074,0.009905589485910915
8e-07,5e-07,2,8,0.9,1.9998515549452107,0.34293916133182784
4e-07,5e-07,8,6,0.9,1.9998505889942262,0.3607573106986438
4e-07,5e-07,4,1,0.0,1.999847054836324,0.06103809830056062
4e-07,5e-07,4,2,0.0,1.9998445972107106,0.05007637233177997
1e-07,5e-07,8,2,0.0,1.999840085625852,0.037998064257317
2e-07,5e-07,8,9,0.9,1.9998395911432745,0.3402626306211202
8e-07,5e-07,2,2,0.0,1.9998388253912576,0.014609598197739437
8e-07,5e-07,4,6,0.9,1.999838692368486,0.3735338790834615
1.6e-06,5e-07,1,8,0.9,1.9998381960006948,0.3521892986192638
4e-07,1e-06,4,2,0.0,1.9998357157013849,0.006338322926178308
8e-07,5e-07,2,9,0.9,1.999835705090269,0.36469978953890275
2e-07,1e-06,8,1,0.0,1.9998353320615614,-0.03993936734511949
4e-07,5e-07,2,4,0.0,1.9998346663028417,-0.016995412318099645
4e-07,5e-07,4,9,0.9,1.9998335072140194,0.35445600344813843
2e-07,1e-06,8,2,0.0,1.999831423764558,0.015682031169020227
8e-07,1e-06,2,1,0.0,1.999830102673215,0.07155837915420449
2.65e-06,1e-06,2,7,0.9,1.999829773680012,0.42556354529625384
8e-07,1e-06,8,7,0.9,1.9998295397512493,0.45354314125195005
2e-07,5e-07,8,5,0.0,1.999828981062653,0.040671249692013633
3e-06,5e-07,1,6,0.9,1.9998283159010022,0.5442566928622462
2e-07,1e-06,8,5,0.0,1.9998277152643353,0.024495077440212953
1.6e-06,5e-07,1,9,0.9,1.9998262539278862,0.37288884626528895
1e-07,9e-08,1,7,0.9,1.9998257045959253,0.1472769448895989
4e-07,2e-07,1,9,0.9,1.9998246249728706,0.3244353749136386
1.6e-06,5e-07,2,6,0.9,1.9998218205337195,0.5484582348105574
4e-07,5e-07,4,5,0.0,1.9998203175770297,0.0415770139239342
1e-07,9e-08,1,9,0.9,1.9998188481024706,0.24871008624745353
1.6e-06,5e-07,1,1,0.0,1.9998187957170157,0.025576919410359666
1.6e-06,1e-06,4,7,0.9,1.999817233017053,0.47194522252279225
2e-07,5e-07,8,2,0.0,1.9998124917659819,0.046393251874475294
4e-07,5e-07,8,7,0.9,1.9998121438807441,0.44900420470421415
8e-07,1e-06,2,2,0.0,1.9998101957717083,0.022154492365331735
1e-07,1e-06,8,4,0.0,1.999807041171329,-0.03532236639048081
2.65e-06,1e-06,2,8,0.9,1.999806986486418,0.43664397673527805
1e-07,5e-07,4,4,0.0,1.999802353480846,-0.1712367514488261
1.6e-06,5e-07,2,7,0.9,1.9998011336710377,0.48230886877039186
2e-07,5e-07,8,1,0.0,1.9997970921828376,0.012221946111537929
3e-06,5e-07,1,7,0.9,1.9997963403592578,0.4722539687683976
4e-07,1e-06,4,5,0.0,1.9997958541033671,0.03186710098522638
2.65e-06,1e-06,2,9,0.9,1.999795416915978,0.4102072874341202
1.6e-06,5e-07,1,2,0.0,1.9997938927993595,0.018854504046111775
8e-07,2e-07,1,6,0.9,1.9997933228524674,0.37206745339658687
8e-07,1e-06,8,8,0.9,1.9997921035705086,0.46495426394165706
8e-07,5e-07,2,5,0.0,1.99979175272302,0.05263322018200145
1.6e-06,1e-06,1,1,0.0,1.9997915600737088,0.035864385379294594
8e-07,5e-07,4,7,0.9,1.9997914713060403,0.47065949282819874
8e-07,5e-07,2,1,0.0,1.999787169502484,0.35107303749935403
1e-07,9e-08,1,8,0.9,1.9997851870270598,0.2475308376472701
1e-07,5e-07,8,1,0.0,1.9997843515649039,0.0028857215466423503
1.6e-06,2e-07,1,2,0.0,1.999780848218629,0.020644354017495314
1.6e-06,1e-06,4,8,0.9,1.9997778067455028,0.4850491640056834
4e-07,1e-06,4,4,0.0,1.9997758889160238,0.020082190824072477
4e-07,5e-07,8,8,0.9,1.999771094123934,0.4473356750678713
2.65e-06,1e-06,4,6,0.9,1.9997629051136367,0.5076699512656218
8e-07,2e-07,1,7,0.9,1.9997628165442731,0.36329300258967817
2e-07,5e-07,4,4,0.0,1.9997583024555219,-0.07088246284271249
1e-07,2e-07,1,1,0.0,1.999757786514154,0.327596592144879
8e-07,1e-06,8,9,0.9,1.9997568005549553,0.4703135418472938
8e-07,5e-07,4,8,0.9,1.9997566104240476,0.47142174947304416
1.6e-06,1e-06,1,2,0.0,1.9997554536383286,0.022831120016073125
2e-07,1e-06,8,4,0.0,1.9997527724790163,0.00598877488210825
8e-07,1e-06,2,4,0.0,1.9997521640549916,0.009880799387600447
1.6e-06,1e-06,8,6,0.9,1.9997508063262743,0.5580006067102503
1e-07,9e-08,1,6,0.9,1.9997475354114844,0.10575927438415939
1.6e-06,1e-06,4,9,0.9,1.9997412411144686,0.465847054704586
1.6e-06,5e-07,1,5,0.0,1.9997400059132189,0.062438728212416694
1.6e-06,5e-07,2,8,0.9,1.9997381027549992,0.4877871916362966
8e-07,2e-07,1,8,0.9,1.9997361784050298,0.3919637712557918
8e-07,1e-06,2,5,0.0,1.9997340227766984,0.028300125605986604
3e-06,5e-07,1,8,0.9,1.9997316364079434,0.4764594438843698
4e-07,5e-07,8,9,0.9,1.9997145240719931,0.4839175938219315
8e-07,5e-07,8,6,0.9,1.9997145020554274,0.599863755243257
2e-07,9e-08,1,9,0.9,1.9997106895558836,0.2815634390370527
2.65e-06,1e-06,4,7,0.9,1.99971003095878,0.6547732042329957
8e-07,5e-07,4,9,0.9,1.9997091669387583,0.4973490016422
1.6e-06,2e-07,1,5,0.0,1.9997080415828474,0.016215922788324844
3e-06,5e-07,1,9,0.9,1.9997044448063295,0.5033338875900303
4e-07,5e-07,8,1,0.0,1.9997036406113167,0.04625704288878396
8e-07,5e-07,2,4,0.0,1.9997028615289956,0.011310820094897589
4e-07,5e-07,8,2,0.0,1.999701014681272,0.01730887302726003
2e-07,2e-07,1,4,0.0,1.9996993456630228,-0.4233962532956641
1.6e-06,5e-07,2,9,0.9,1.9996988523294046,0.5101036688329793
1.6e-06,2e-07,1,1,0.0,1.999696661435951,0.04977247694039211
8e-07,2e-07,1,1,0.0,1.9996932052044905,0.27237404436133406
1e-07,9e-08,2,9,0.9,1.9996908968998173,0.27287513521223017
8e-07,2e-07,1,9,0.9,1.9996903768422343,0.4139190833899973
1e-07,6e-08,1,9,0.9,1.999687202106451,0.22435037236472516
1.6e-06,1e-06,1,4,0.0,1.9996830519468478,0.016474361187860387
8e-07,1e-06,4,1,0.0,1.9996812608829881,0.07082097116777442
4e-07,1e-06,8,2,0.0,1.9996811357086546,0.01695453215596654
4e-07,2e-07,1,4,0.0,1.9996810089716206,-0.25593030058444444
1.6e-06,5e-07,4,6,0.9,1.9996774191611664,0.6140403605899668
1.6e-06,1e-06,1,5,0.0,1.9996748985707573,0.050630954047019006
1e-07,9e-08,2,7,0.9,1.9996739916630095,0.12197589771483375
8e-07,5e-07,4,2,0.0,1.9996723731628152,0.021051178141551663
2e-07,5e-07,1,0,0.0,1.999664972504179,0.6614671686400158
3e-06,5e-07,2,6,0.9,1.9996642377146627,0.6366980100092402
2.65e-06,1e-06,4,9,0.9,1.999662681193064,0.5974025250743109
4e-07,5e-07,4,4,0.0,1.9996610632784577,-0.0037462745891760907
2.65e-06,1e-06,4,8,0.9,1.999660138616593,0.6589082274897186
1e-07,1e-06,2,0,0.0,1.9996584974991634,0.6632305903449522
1.6e-06,5e-07,1,4,0.0,1.9996579880282188,0.025172183226587763
2e-07,9e-08,1,8,0.9,1.9996542683783551,0.2665169313718185
8e-07,5e-07,1,1,0.0,1.9996515018962864,0.04438098716755656
1.6e-06,1e-06,8,7,0.9,1.9996440891187075,0.7304243014720494
4e-07,5e-07,8,5,0.0,1.9996433953564534,0.040599090442069996
8e-07,5e-07,8,7,0.9,1.999640306688109,0.6820785885201555
2e-07,9e-08,1,7,0.9,1.9996315207466122,0.17845711089980665
8e-07,1e-06,4,2,0.0,1.9996267711598648,0.010526387104709989
4e-07,1e-06,8,5,0.0,1.9996242980675099,0.02841701492318993
1.6e-06,5e-07,2,1,0.0,1.9996173556881303,0.04536497946440787
1.6e-06,5e-07,4,7,0.9,1.9996144714497857,0.7031573231479105
2.65e-06,1e-06,1,1,0.0,1.9996083171321888,0.03960940096477272
1e-07,9e-08,2,8,0.9,1.999605689688344,0.2639328149744067
1.6e-06,1e-06,8,8,0.9,1.9996043296537713,0.734833451647742
1e-07,2e-07,1,4,0.0,1.9996031193124195,-0.6058411058538554
3e-06,5e-07,2,7,0.9,1.999602171410702,0.6920210998020525
1e-07,5e-07,8,4,0.0,1.999601498468359,-0.14623424611506586
1.6e-06,5e-07,2,2,0.0,1.9995921403997539,0.014943583965057461
3e-06,5e-07,1,1,0.0,1.999589892513954,0.035156536197075594
8e-07,2e-07,1,4,0.0,1.9995855244841707,-0.10100722147959884
1.6e-06,1e-06,2,1,0.0,1.9995817729394083,0.037197673914413976
3e-06,5e-07,1,2,0.0,1.9995727574909687,0.03595314932700411
1e-07,9e-08,1,5,0.0,1.9995687071490902,-0.1900603803376334
1e-07,1e-06,4,0,0.0,1.9995680989360558,0.6673444778461042
8e-07,5e-07,4,5,0.0,1.9995668610340016,0.05607719521980836
2.65e-06,1e-06,8,6,0.9,1.9995665282101611,0.7130088940892868
3e-06,2e-07,1,2,0.0,1.9995653034989165,0.00658802469641262
2e-07,9e-08,1,5,0.0,1.9995599250711553,-0.15263603540265402
4e-07,9e-08,1,2,0.0,1.9995551111620997,-0.11361756658731792
1.6e-06,2e-07,1,6,0.9,1.9995533682667297,0.5242818860309058
1.6e-06,1e-06,8,9,0.9,1.9995503055039812,0.687457938654798
4e-07,1e-06,8,4,0.0,1.9995408293086616,0.02845262257135117
4e-07,9e-08,1,5,0.0,1.9995362224594995,-0.0907402070584924
4e-07,2e-07,1,0,0.0,1.999532077034828,0.6554606769805642
1.6e-06,1e-06,2,2,0.0,1.9995263222050135,0.020439723472593374
8e-07,5e-07,8,8,0.9,1.9995262573039643,0.6648644091521729
2.65e-06,1e-06,1,2,0.0,1.9995248996081858,0.0293554565849915
2e-07,5e-07,8,4,0.0,1.9995224697619556,-0.06986708304520861
8e-07,5e-07,4,1,0.0,1.9995205459655299,0.6087661647645892
3e-06,5e-07,2,8,0.9,1.9995133085007495,0.6675655481939728
1.6e-06,2e-07,1,7,0.9,1.999512235684605,0.4571537521284917
1.6e-06,5e-07,4,8,0.9,1.9995114150833586,0.6840362879885368
1e-07,5e-07,2,0,0.0,1.999507557255388,0.663432696768919
8e-07,1e-06,4,4,0.0,1.9995031052889984,0.01577831116835826
1.6e-06,2e-07,1,8,0.9,1.9995010941305806,0.49165430621383094
8e-07,1e-06,4,5,0.0,1.999492352944087,0.04403523806427412
1.6e-06,5e-07,2,5,0.0,1.9994855672395377,0.039917631242481044
1e-07,5e-07,4,0,0.0,1.999481807504612,0.6627012752506619
2e-07,6e-08,1,9,0.9,1.99947721738276,0.22367430886950807
3e-06,5e-07,2,9,0.9,1.9994736007546414,0.6921285942078618
2e-07,9e-08,1,2,0.0,1.999465208454388,-0.1454321837938174
8e-07,5e-07,8,9,0.9,1.9994604434961651,0.6799548495792815
1e-07,9e-08,2,6,0.9,1.999459615706193,0.11019838027613887
3e-06,2e-07,1,1,0.0,1.9994534504873869,0.029374898581404407
2e-07,9e-08,2,9,0.9,1.9994446189198438,0.3060618260887764
8e-07,9e-08,1,2,0.0,1.9994424710593623,-0.07843620540608387
4e-07,9e-08,1,9,0.9,1.9994381908762748,0.3191681718162198
4e-07,9e-08,1,1,0.0,1.9994367629016767,-0.15045594482336522
2.65e-06,1e-06,8,7,0.9,1.9994264651759468,0.7935338992311285
1e-07,9e-08,4,9,0.9,1.9994260947086449,0.2898424668863589
1.6e-06,2e-07,1,9,0.9,1.9994185562046909,0.5138727307837591
1e-07,6e-08,2,9,0.9,1.999415320855937,0.2308796844413037
2e-07,1e-06,1,0,0.0,1.9994080990084153,0.6645088942405001
3e-06,2e-07,1,5,0.0,1.9994045424243125,0.05293405708148491
1.6e-06,5e-07,8,6,0.9,1.9993991115195495,0.6584294368337242
1.6e-06,5e-07,4,9,0.9,1.9993986964910762,0.6916209471796928
8e-07,5e-07,8,2,0.0,1.9993826722074393,0.03890946020464148
1e-07,9e-08,4,7,0.9,1.9993799378432073,0.13777587529071966
8e-07,5e-07,4,4,0.0,1.99937740663946,-0.008259387109918137
8e-07,1e-06,8,1,0.0,1.9993773758382332,0.06876493566108688
4e-07,9e-08,1,8,0.9,1.9993753218078751,0.2826019932177432
2.65e-06,1e-06,8,9,0.9,1.9993655826548768,0.785097573049783
1e-07,9e-08,1,2,0.0,1.9993608754658012,-0.19006696038791449
3e-06,5e-07,4,6,0.9,1.999360855985067,0.6850740938851948
1.6e-06,1e-06,2,5,0.0,1.9993476201261255,0.04937723889417256
1.6e-06,2e-07,1,4,0.0,1.999346559195406,-0.05625106143484826
4e-07,5e-07,8,4,0.0,1.9993455220758747,-0.014439995715593623
1.6e-06,1e-06,2,4,0.0,1.999341483526297,0.0071676014755913675
2e-07,9e-08,1,1,0.0,1.9993385862814985,0.04681718901388843
3e-06,5e-07,1,5,0.0,1.9993372163002665,0.06623630198336583
2e-07,1e-06,4,0,0.0,1.9993371781284424,0.6655477251213325
2.65e-06,1e-06,2,1,0.0,1.999334071552785,0.04828613097865486
2e-07,5e-07,2,0,0.0,1.9993270383062325,0.6643141617663041
8e-07,9e-08,1,5,0.0,1.999325239707342,-0.10011438202688216
2e-07,9e-08,2,8,0.9,1.9993219099156385,0.2794592239056489
1e-07,6e-08,1,8,0.9,1.9993180695163013,0.13779558414623572
3e-06,5e-07,2,1,0.0,1.9993160279571505,0.015807636506307343
2.65e-06,1e-06,8,8,0.9,1.999314980126286,0.794927152119368
2e-07,9e-08,2,7,0.9,1.9993037625612264,0.23785403092166585
1.6e-06,5e-07,2,4,0.0,1.9992855641194587,0.018109845569646454
2.65e-06,1e-06,1,5,0.0,1.9992837885486996,0.03868507728627468
2.65e-06,1e-06,1,4,0.0,1.9992765641096775,0.014280484950452754
1e-07,9e-08,4,8,0.9,1.9992700037128988,0.2749712735031179
3e-06,5e-07,4,7,0.9,1.9992572039401124,0.7894069002771681
1.6e-06,5e-07,8,7,0.9,1.999253284927081,0.7829506012538637
1.6e-06,5e-07,4,1,0.0,1.9992504698686684,0.09109807241685353
8e-07,1e-06,8,2,0.0,1.9992479002026062,0.03049570109960542
3e-06,5e-07,2,2,0.0,1.9992475874729938,0.05011247252012785
4e-07,9e-08,1,7,0.9,1.9992471102533542,0.24965777115584292
4e-07,5e-07,1,0,0.0,1.999237882695153,0.663522485574523
1.6e-06,5e-07,4,2,0.0,1.9992367981832835,0.018773717832995196
2e-07,1e-06,2,0,0.0,1.9992305302529165,0.6677696217028488
8e-07,5e-07,8,1,0.0,1.9992247773548886,0.05893572073441433
2.65e-06,1e-06,2,2,0.0,1.9991780701673771,0.023721956951219036
3e-06,5e-07,1,4,0.0,1.9991640878876957,0.02464234336397675
1.6e-06,9e-08,1,2,0.0,1.9991596219202106,-0.06186468405754708
2e-07,9e-08,2,6,0.9,1.9991527146119843,0.1068399853195088
4e-07,9e-08,1,6,0.9,1.9991510994203836,0.11247565433183523
4e-07,9e-08,2,2,0.0,1.9991405749001525,-0.11049421621970557
8e-07,5e-07,8,5,0.0,1.9991391712867226,0.03996059551864628
3e-06,5e-07,4,8,0.9,1.9991127786891028,0.7811900911966504
2e-07,9e-08,2,5,0.0,1.9991016890734365,-0.15271021031119392
1e-07,5e-07,8,0,0.0,1.9991012067650717,0.6637921586346842
1e-07,9e-08,2,5,0.0,1.9990945681153829,-0.16953329353624158
1.6e-06,5e-07,8,8,0.9,1.9990924607822393,0.7857859383982596
8e-07,2e-07,1,0,0.0,1.9990790757900896,0.6605673398059496
8e-07,1e-06,1,0,0.0,1.9990669664172216,0.6656299121682825
2e-07,9e-08,2,2,0.0,1.9990592475126676,-0.13116948541650275
1.6e-06,1e-06,4,1,0.0,1.9990537381129312,0.04689191761835254
1.6e-06,1e-06,4,2,0.0,1.999046788106429,0.03326174778908564
4e-07,9e-08,2,5,0.0,1.9990466043250161,-0.1093021907872942
4e-07,1e-06,1,0,0.0,1.99904273522816,0.6647353279961381
3e-06,2e-07,1,6,0.9,1.9990372809485364,0.6703524102792937
8e-07,1e-06,8,5,0.0,1.9990328859870576,0.04729581041486197
8e-07,1e-06,8,4,0.0,1.9990289643728185,0.029684244618541467
2e-07,9e-08,2,1,0.0,1.9990256278203642,-0.1775489921039367
3e-06,5e-07,4,9,0.9,1.9990249723621218,0.7863110000907172
4e-07,9e-08,2,9,0.9,1.9990223650722598,0.33571981480828095
2e-07,9e-08,4,9,0.9,1.999013244750045,0.321145421475881
1e-07,4e-08,1,9,0.9,1.999012779363174,0.07095312164751218
1e-07,3e-08,1,9,0.9,1.999012779363174,0.07095312164751218
1.6e-06,5e-07,4,5,0.0,1.998975905547967,0.07673031642817962
3e-06,2e-07,1,8,0.9,1.9989709587751014,0.5669439071073381
2e-07,6e-08,2,9,0.9,1.9989556052035085,0.227100770376915
4e-07,6e-08,1,1,0.0,1.9989541661158818,-0.08919265859669223
3e-06,2e-07,1,7,0.9,1.9989455823989615,0.5274658760385362
1.6e-06,5e-07,8,9,0.9,1.9989435829737936,0.7849725284116269
8e-07,9e-08,2,2,0.0,1.9989401625900878,-0.08363997995342454
1e-07,9e-08,4,6,0.9,1.9989153748496933,0.11308367461345001
2e-07,6e-08,1,1,0.0,1.9989073292055686,0.12429875961014214
1e-07,9e-08,8,9,0.9,1.9989029731143186,0.3014031294332591
1.6e-06,9e-08,1,5,0.0,1.998897025246596,-0.03217654622248145
4e-07,6e-08,1,9,0.9,1.9988852173644598,0.22652220991233157
1.6e-06,9e-08,1,1,0.0,1.9988835855096976,-0.0783175215469526
1e-07,6e-08,1,7,0.9,1.9988722338030278,0.06402352316342597
1e-07,2e-07,1,0,0.0,1.9988675099610151,0.6161108566778686
2e-07,2e-07,1,0,0.0,1.998863599441087,0.645204754670559
8e-07,9e-08,1,9,0.9,1.9988492866261864,0.3463116480694889
1e-07,9e-08,1,1,0.0,1.9988475640375796,0.4655410655130554
1e-07,9e-08,2,2,0.0,1.9988331855512342,-0.19064158313596458
1e-07,6e-08,4,9,0.9,1.9988224685916431,0.2341771741560098
8e-07,5e-07,8,4,0.0,1.9988039574366039,-0.008376208698030019
4e-07,9e-08,2,8,0.9,1.998787508855223,0.292708675597179
3e-06,5e-07,8,6,0.9,1.998778628655553,0.6908172626094787
1e-07,6e-08,2,8,0.9,1.998770865356009,0.13918141917443505
2e-07,9e-08,4,8,0.9,1.9987685772904,0.28686665081906326
3e-06,2e-07,1,9,0.9,1.9987682220762806,0.5780827083247859
1e-07,9e-08,8,7,0.9,1.9987572165113723,0.19160931835853706
2e-07,6e-08,1,8,0.9,1.9987488275037002,0.14635706951101815
1.6e-06,1e-06,4,5,0.0,1.9987478431900445,0.014216208565543731
1e-07,9e-08,8,8,0.9,1.9987348664566855,0.2804525666344777
8e-07,9e-08,1,8,0.9,1.9987340490611707,0.2954761868031418
4e-07,1e-06,2,0,0.0,1.9987197237821739,0.668088955712459
4e-07,1e-06,8,1,0.0,1.9987154816095163,0.2939779060769616
1.6e-06,1e-06,4,4,0.0,1.9986809443334081,0.031415969225061735
3e-06,2e-07,1,4,0.0,1.998657520221791,-0.006818087966865005
2e-07,9e-08,4,7,0.9,1.9986383640750565,0.24441471935851866
2.65e-06,1e-06,4,1,0.0,1.998608427625833,0.05012458751416604
1e-07,6e-08,1,5,0.0,1.9986033909966423,-0.11317747817928803
3e-06,5e-07,4,1,0.0,1.9986007864329707,0.022700130519461292
1.6e-06,5e-07,4,4,0.0,1.9985915767437992,-0.00023548695324071556
2.65e-06,1e-06,2,5,0.0,1.9985886763489866,0.025052976970023733
2.65e-06,1e-06,2,4,0.0,1.9985570204762741,0.02557133319722582
3e-06,5e-07,8,7,0.9,1.998534930667218,0.8043299880900431
4e-07,9e-08,2,7,0.9,1.9985261506665286,0.2596789762644784
2e-07,6e-08,1,5,0.0,1.9985253998040093,-0.06850621745106833
3e-06,9e-08,1,2,0.0,1.9985252217599865,-0.0375647427845347
1e-07,6e-08,1,1,0.0,1.9985107366123434,0.5282775882579455
2e-07,5e-07,4,0,0.0,1.9984954386314684,0.6700688307738313
4e-07,6e-08,2,1,0.0,1.998466289111122,-0.07313654956624693
3e-06,5e-07,2,5,0.0,1.9984658454045126,0.04885392072025396
1.6e-06,5e-07,8,1,0.0,1.998443540634306,0.05471657108281247
1.6e-06,5e-07,8,2,0.0,1.9984332846841344,0.026310349301509106
8e-07,9e-08,2,5,0.0,1.9984320571042269,-0.07936887017700067
3e-06,5e-07,4,2,0.0,1.9984287030291843,0.038216267023740924
8e-07,9e-08,1,7,0.9,1.9984038999296392,0.264044104324629
3e-06,5e-07,2,4,0.0,1.9983920203550773,0.008681381722136172
4e-07,6e-08,1,2,0.0,1.9983400096413502,-0.08497756749517216
4e-07,9e-08,4,2,0.0,1.9983283362357795,-0.10524047806109282
2.65e-06,1e-06,4,2,0.0,1.9983194135123827,0.04266783651844852
4e-07,6e-08,1,5,0.0,1.9983146196411756,-0.08970073072469631
2e-07,9e-08,4,5,0.0,1.998309437686706,-0.15207607405909374
1.6e-06,1e-06,8,1,0.0,1.9982932774139037,0.06644853832486697
3e-06,5e-07,8,8,0.9,1.998253307720443,0.7997556608009475
2e-07,6e-08,1,2,0.0,1.9982322660355503,-0.05651489916876273
4e-07,9e-08,2,6,0.9,1.9982214270230787,0.1167752035415284
4e-07,9e-08,4,1,0.0,1.9982099438468945,-0.06429183099711633
8e-07,9e-08,2,1,0.0,1.9981873893237385,-0.09225729554826811
1.6e-06,9e-08,2,2,0.0,1.9981845031266616,-0.07081361604283665
2e-07,9e-08,4,2,0.0,1.998160379892255,-0.16220370400015616
2e-07,3e-08,1,9,0.9,1.9981552722472782,0.06411837411729
2e-07,4e-08,1,9,0.9,1.9981552722472782,0.06411837411729
1e-07,9e-08,2,1,0.0,1.9981476685643762,0.12316773967178485
1e-07,9e-08,4,5,0.0,1.998145065367939,-0.20173066299675546
8e-07,5e-07,1,0,0.0,1.9981446884866467,0.6648874441048866
1e-07,6e-08,1,6,0.9,1.9981258128699217,-0.002477721328140864
1.6e-06,1e-06,8,2,0.0,1.9981175468651475,0.014934557977406393
2e-07,6e-08,2,1,0.0,1.9980867070951074,-0.15648738193450362
2e-07,6e-08,4,9,0.9,1.9980864978989108,0.22774310720245616
4e-07,9e-08,4,5,0.0,1.99805817677148,-0.1079097565941719
1e-07,3e-08,2,9,0.9,1.9980259570274375,0.06271206045062776
1e-07,4e-08,2,9,0.9,1.9980259570274375,0.06271206045062776
8e-07,9e-08,1,6,0.9,1.9980242178580851,0.15089837604225528
1.6e-06,6e-08,1,1,0.0,1.9980147762065426,-0.06576321054867296
8e-07,6e-08,1,2,0.0,1.9980046554219872,-0.08913866528955539
3e-06,5e-07,8,9,0.9,1.9979950462774703,0.802978835954009
3e-06,9e-08,1,1,0.0,1.9979556948317765,0.008650962762915326
4e-07,6e-08,2,9,0.9,1.9979539928137917,0.22676924578818056
1e-07,9e-08,8,6,0.9,1.9979456361958063,0.11234707820583834
1e-07,6e-08,1,2,0.0,1.9979333713003502,-0.08283991428489113
2e-07,9e-08,8,9,0.9,1.997925512815172,0.3311989815717308
1.6e-06,5e-07,8,5,0.0,1.9979213684497616,0.04058804024218954
2e-07,6e-08,1,7,0.9,1.9979089095799818,0.09131916860396548
8e-07,5e-07,2,0,0.0,1.997900227941998,0.6681099083078292
8e-07,6e-08,1,9,0.9,1.997891421216415,0.2357127391635252
2e-07,9e-08,4,1,0.0,1.9978697856071375,-0.20478922145877465
1.6e-06,5e-07,1,0,0.0,1.99781901835448,0.6652319172704093
8e-07,9e-08,2,9,0.9,1.9978004772068452,0.3576297368028447
4e-07,6e-08,1,8,0.9,1.9977838764199636,0.14992756396172524
4e-07,9e-08,4,9,0.9,1.9977716641456964,0.3453353726681781
1e-07,1e-06,8,0,0.0,1.9977702025306214,0.6652403539132142
1e-07,6e-08,2,7,0.9,1.997733512397544,0.06450984898549787
1e-07,6e-08,8,9,0.9,1.9977283052132957,0.2358340398788567
3e-06,9e-08,1,5,0.0,1.997720194436162,-0.028609243492283554
8e-07,9e-08,4,2,0.0,1.9977200298001214,-0.07572735918883411
2e-07,6e-08,2,8,0.9,1.9976607870486607,0.14466205791801698
1.6e-06,9e-08,1,9,0.9,1.9976536957549527,0.3649823388177191
1e-07,9e-08,4,2,0.0,1.9976493889540035,-0.17511335627315006
8e-07,9e-08,2,8,0.9,1.9976196798961503,0.3006632086380769
4e-07,9e-08,4,8,0.9,1.9975880433982875,0.29731657155214597
2e-07,9e-08,8,8,0.9,1.997560060134166,0.2906223601120617
2e-07,3e-08,1,1,0.0,1.9975306891932854,0.16775661214080873
2e-07,4e-08,1,1,0.0,1.9975306891932854,0.16775661214080873
1.6e-06,9e-08,2,5,0.0,1.997521278759254,-0.042458998606608844
3e-06,9e-08,2,2,0.0,1.997478409250616,-0.06416262629784741
4e-07,3e-08,1,1,0.0,1.9974681531543172,-0.15822080762759383
4e-07,4e-08,1,1,0.0,1.9974681531543172,-0.15822080762759383
1e-07,3e-08,1,1,0.0,1.9974573873220394,0.6099781058462644
1e-07,4e-08,1,1,0.0,1.9974573873220394,0.6099781058462644
1e-07,6e-08,2,1,0.0,1.9974332557753456,0.15639829469648758
8e-07,6e-08,1,5,0.0,1.9974136152831572,-0.08751638168425724
2.65e-06,1e-06,4,5,0.0,1.9974008872228297,0.051708358079355476
1e-07,6e-08,4,8,0.9,1.9973658586274503,0.13728269680248617
1.6e-06,9e-08,1,8,0.9,1.997344765382686,0.3047730736657139
1.6e-06,2e-07,1,0,0.0,1.9973317969382944,0.6636226288721817
3e-06,5e-07,8,1,0.0,1.9973316962885939,0.05756334929013007
2e-07,9e-08,8,7,0.9,1.9973199446808283,0.22829812771417696
3e-06,5e-07,4,5,0.0,1.9973166761337116,0.07631217792493716
8e-07,1e-06,2,0,0.0,1.9972971795477619,0.6663205509569653
1.6e-06,1e-06,8,4,0.0,1.997270587888427,0.018887280932138317
1.6e-06,1e-06,8,5,0.0,1.997215914411191,0.040739089614861834
3e-06,5e-07,1,0,0.0,1.997207114105554,0.6655327129534288
2.65e-06,1e-06,8,1,0.0,1.9971983200243855,0.05276577941248717
2.65e-06,1e-06,1,0,0.0,1.9971957760401473,0.36093635481426417
2e-07,6e-08,2,5,0.0,1.9971823080398583,-0.09317865063140474
1.6e-06,5e-07,8,4,0.0,1.997156406294895,0.01685326613624838
3e-06,2e-07,1,0,0.0,1.9971040004135436,0.6656477508344103
4e-07,9e-08,4,7,0.9,1.9970402754309386,0.2706672203855872
2e-07,1e-06,8,0,0.0,1.997023137180721,0.6675626070247493
8e-07,9e-08,4,5,0.0,1.9970031979164211,-0.08674855497800549
4e-07,6e-08,2,2,0.0,1.996961688484486,-0.10359695003923342
8e-07,9e-08,2,7,0.9,1.996942401027482,0.26819477555134064
1e-07,6e-08,2,5,0.0,1.996933544549701,-0.10772995728330537
2.65e-06,1e-06,4,4,0.0,1.996932427446735,0.02236254690086381
8e-07,6e-08,2,1,0.0,1.9968710287251752,0.22456314814994605
3e-06,6e-08,1,1,0.0,1.99684253234727,-0.025286320970264176
3e-06,5e-07,4,4,0.0,1.996824258291165,0.010150499990967288
3e-06,5e-07,8,2,0.0,1.996812777504455,0.03505160720903944
4e-07,5e-07,2,0,0.0,1.9967956172383274,0.667632770712825
1.6e-06,6e-08,1,2,0.0,1.996779831821789,-0.07289133641747514
3e-06,9e-08,2,1,0.0,1.9967686966398808,-0.05294326116408832
2.65e-06,1e-06,8,2,0.0,1.9967436305966977,0.020165849340049502
4e-07,6e-08,2,5,0.0,1.996730152121676,-0.09125062245360804
4e-07,9e-08,8,2,0.0,1.9967089078839244,-0.10551847608029907
2e-07,9e-08,8,5,0.0,1.9966948237745359,-0.16366855197707597
2e-07,9e-08,8,6,0.9,1.9966791331002434,0.11083012661252128
1.6e-06,5e-07,2,0,0.0,1.996672993248832,0.6688751514918169
4e-07,9e-08,1,4,0.0,1.9965915546951891,-0.279864329815821
1.6e-06,9e-08,1,7,0.9,1.9965830718604596,0.2834453125106994
2e-07,6e-08,2,2,0.0,1.996564244899441,-0.07563859712650178
1.6e-06,9e-08,2,1,0.0,1.9965342999876108,0.032582038133627256
2e-07,4e-08,2,9,0.9,1.9965293490648393,0.06656160070386626
2e-07,3e-08,2,9,0.9,1.9965293490648393,0.06656160070386626
1e-07,9e-08,4,1,0.0,1.9965202575329897,0.07658835095301297
1.6e-06,1e-06,2,0,0.0,1.9964941906419018,0.6656658161458509
8e-07,9e-08,4,1,0.0,1.9964642114587257,-0.09351890495774573
1.6e-06,9e-08,4,2,0.0,1.9964384025431408,-0.06924033121804296
4e-07,9e-08,4,6,0.9,1.9963945688532945,0.1149159179270568
2e-07,6e-08,4,1,0.0,1.9963406440818354,-0.09569365812773967
4e-07,9e-08,8,9,0.9,1.9963251438264984,0.351519479875449
1e-07,9e-08,8,5,0.0,1.9962945148575522,-0.19532445840616242
4e-07,4e-08,1,9,0.9,1.99620081577992,0.06325247367158639
4e-07,3e-08,1,9,0.9,1.99620081577992,0.06325247367158639
4e-07,9e-08,8,5,0.0,1.996139891506121,-0.06514695163740358
2e-07,9e-08,8,1,0.0,1.9961056990412236,-0.14180416986734445
2e-07,9e-08,8,2,0.0,1.9960392035087078,-0.11862667119412706
2e-07,9e-08,1,4,0.0,1.9960225927390678,-0.2627341909001395
1e-07,3e-08,4,9,0.9,1.9960188408019437,0.06342647385161397
1e-07,4e-08,4,9,0.9,1.9960188408019437,0.06342647385161397
1.6e-06,6e-08,1,5,0.0,1.996006474123583,-0.06577550801827992
1.6e-06,6e-08,2,1,0.0,1.9959610194075545,-0.026398443636813762
8e-07,9e-08,2,6,0.9,1.9959440527642023,0.14975087746326596
2e-07,4e-08,2,1,0.0,1.9959107984452515,-0.12802445231436899
2e-07,3e-08,2,1,0.0,1.9959107984452515,-0.12802445231436899
2e-07,6e-08,8,9,0.9,1.9959004786379466,0.22884826170113554
8e-07,6e-08,2,2,0.0,1.995860086127005,-0.0628121482937326
4e-07,6e-08,1,7,0.9,1.9958126040625186,0.10843935554770602
4e-07,6e-08,4,9,0.9,1.9957924000029472,0.2274536598927835
1.6e-06,6e-08,1,9,0.9,1.9957179812729422,0.2481387535371452
1e-07,6e-08,4,7,0.9,1.995689800135814,0.056687050905707054
8e-07,9e-08,1,4,0.0,1.9956870600293761,-0.2584477108970844
1e-07,6e-08,2,2,0.0,1.99568520404992,-0.09883512491169799
1.6e-06,1e-06,1,0,0.0,1.9956764218056378,0.6612252680100323
8e-07,9e-08,8,2,0.0,1.9956555601993298,-0.09734104567291113
8e-07,6e-08,2,9,0.9,1.9956322281892416,0.23651679890587646
2e-07,6e-08,2,7,0.9,1.9956256434017228,0.09632696002815631
2e-07,6e-08,4,8,0.9,1.9954714460374237,0.14295141252173632
4e-07,9e-08,2,1,0.0,1.9954290231002318,-0.1300254605518114
8e-07,9e-08,4,9,0.9,1.9954228669089815,0.3634640281149337
3e-06,9e-08,1,9,0.9,1.9953786721507754,0.3909418582359987
4e-07,4e-08,2,1,0.0,1.9953499442925495,-0.10158815259056753
4e-07,3e-08,2,1,0.0,1.9953499442925495,-0.10158815259056753
1.6e-06,9e-08,4,5,0.0,1.9953196524559786,-0.0684598212392089
8e-07,6e-08,1,8,0.9,1.9953166432728942,0.15705306067395874
1.6e-06,9e-08,1,6,0.9,1.9953048329513876,0.23749461228053034
4e-07,6e-08,2,8,0.9,1.9952660971767717,0.14954689675435506
4e-07,9e-08,8,8,0.9,1.9952653188092335,0.29927974446964567
1e-07,9e-08,8,2,0.0,1.9952649345172215,-0.2001441528121789
1e-07,6e-08,8,8,0.9,1.995177976124659,0.13762633239811356
3e-06,9e-08,4,2,0.0,1.9950938181886895,-0.061898623959398935
3e-06,9e-08,2,5,0.0,1.9950822668913228,-0.044177185081010095
1e-07,6e-08,4,1,0.0,1.9950375705534125,0.12942951012569126
1.6e-06,9e-08,2,9,0.9,1.9950323443880602,0.3723225807586904
1e-07,4e-08,2,1,0.0,1.9950282909687829,0.6098634095674145
1e-07,3e-08,2,1,0.0,1.9950282909687829,0.6098634095674145
3e-06,5e-07,2,0,0.0,1.9950087710255875,0.6658198076580104
8e-07,9e-08,4,8,0.9,1.9949794140905486,0.30378874586190596
2e-07,6e-08,1,6,0.9,1.9949174836155918,-0.0019153951060756902
3e-06,9e-08,1,8,0.9,1.994810132390962,0.3075010988606591
1e-07,6e-08,2,6,0.9,1.9947813951389137,-0.00294778626108938
1e-07,9e-08,1,4,0.0,1.9947187296152447,-0.27824036676801556
8e-07,6e-08,2,5,0.0,1.994693595590915,-0.08448800609202956
2e-07,5e-07,8,0,0.0,1.9946834062281744,0.6682371160684079
3e-06,6e-08,1,2,0.0,1.9946723471971413,-0.05563310474602956
1.6e-06,9e-08,2,8,0.9,1.9946354818652008,0.30875509480734437
1.6e-06,5e-07,4,0,0.0,1.9944875901947134,0.6670624255707887
3e-06,5e-07,8,5,0.0,1.9944829991452984,0.04309363252658527
8e-07,9e-08,1,1,0.0,1.9944730615664383,-0.07980546122910726
2.65e-06,1e-06,8,5,0.0,1.9944688516089872,0.05135166605839536
2e-07,6e-08,4,5,0.0,1.994413175254919,-0.06238742637536876
4e-07,9e-08,8,7,0.9,1.9941386826370482,0.26839256612684037
3e-06,9e-08,4,1,0.0,1.9941211426894174,-0.038439398161649874
8e-07,9e-08,8,5,0.0,1.9941036840808,-0.0924822263613706
2e-07,9e-08,1,0,0.0,1.994024741401493,0.422892566494638
2.65e-06,1e-06,8,4,0.0,1.9939878319299875,0.018213584375932346
3e-06,6e-08,2,1,0.0,1.9938563536196436,-0.06631463440939378
1e-07,6e-08,4,5,0.0,1.9938487505260578,-0.10344975912944088
4e-07,6e-08,4,2,0.0,1.9938481737999196,-0.07965627673823772
8e-07,9e-08,4,7,0.9,1.9938203864250341,0.27347024785780644
2.65e-06,1e-06,2,0,0.0,1.9937096727920658,0.6658135453401955
1.6e-06,9e-08,1,4,0.0,1.993613324976263,-0.23523902562317478
4e-07,1e-06,8,0,0.0,1.9934957561784994,0.6694094644797424
4e-07,6e-08,1,6,0.9,1.9934757102422573,-0.005098483449212765
1.6e-06,9e-08,2,7,0.9,1.993376581941631,0.2804195516818825
4e-07,5e-07,4,0,0.0,1.9933723058552069,0.6661157152908825
4e-07,6e-08,4,5,0.0,1.993334231066358,-0.078236664888095
2e-07,9e-08,1,6,0.9,1.9932312496372007,0.10553007325821123
3e-06,5e-07,8,4,0.0,1.9932201266845084,0.010607162051144647
1.6e-06,6e-08,2,2,0.0,1.9932120637953044,-0.06609191817358528
2e-07,6e-08,4,2,0.0,1.9932030566046657,-0.09071789847576783
4e-07,9e-08,8,6,0.9,1.9931240328819313,0.11924415942373728
1.6e-06,9e-08,8,2,0.0,1.9931022548551034,-0.07229952625137825
2e-07,4e-08,4,9,0.9,1.9931000972781827,0.06908962804742941
2e-07,3e-08,4,9,0.9,1.9931000972781827,0.06908962804742941
8e-07,3e-08,1,9,0.9,1.9929299749628924,0.06622508224279217
8e-07,4e-08,1,9,0.9,1.9929299749628924,0.06622508224279217
4e-07,9e-08,2,4,0.0,1.9928626802519154,-0.283231411008968
4e-07,4e-08,2,9,0.9,1.9927585460265995,0.06258319662322565
4e-07,3e-08,2,9,0.9,1.9927585460265995,0.06258319662322565
2e-07,6e-08,8,1,0.0,1.9927203100280628,-0.17890832375372057
3e-06,9e-08,1,7,0.9,1.992684193836309,0.2890281516313906
1.6e-06,1e-06,4,0,0.0,1.9925454773912528,0.6649825725498473
4e-07,5e-07,8,0,0.0,1.9924503912887943,0.6685074071787735
4e-07,6e-08,8,9,0.9,1.9924417350427468,0.22760125982915175
8e-07,1e-06,4,0,0.0,1.9924166847585192,0.6652831713723601
8e-07,6e-08,4,1,0.0,1.9922517054060669,0.1723404861639546
8e-07,9e-08,4,6,0.9,1.9922212443953005,0.1503889821573854
8e-07,6e-08,4,9,0.9,1.9922171268245266,0.23678828876193028
1e-07,4e-08,8,9,0.9,1.9920113186599082,0.06504877413719776
1e-07,3e-08,8,9,0.9,1.9920113186599082,0.06504877413719776
8e-07,9e-08,8,1,0.0,1.9919315380423264,0.3263663801485708
8e-07,6e-08,4,2,0.0,1.9919050460028447,-0.08319108690524168
3e-06,6e-08,1,5,0.0,1.991880410689238,-0.03888708081187375
1.6e-06,6e-08,2,5,0.0,1.991871731670828,-0.05207509718901249
2e-07,9e-08,2,4,0.0,1.9918131709781353,-0.26272557355903725
2e-07,3e-08,4,1,0.0,1.9917802696666798,-0.08302310851660899
2e-07,4e-08,4,1,0.0,1.9917802696666798,-0.08302310851660899
8e-07,1e-06,8,0,0.0,1.991759297109733,0.6658757874673434
1e-07,9e-08,8,1,0.0,1.9916734679726216,0.09975323713170337
1.6e-06,6e-08,4,1,0.0,1.9916520524789436,-0.04657678484417971
8e-07,9e-08,2,4,0.0,1.9916054409344213,-0.25137606528817336
8e-07,9e-08,8,9,0.9,1.9915648057584776,0.3670951141577584
1.6e-06,3e-08,1,1,0.0,1.9915131155967258,-0.016059023126325567
1.6e-06,4e-08,1,1,0.0,1.9915131155967258,-0.016059023126325567
1e-07,3e-08,4,1,0.0,1.9914006953832621,0.2456131748537591
1e-07,4e-08,4,1,0.0,1.9914006953832621,0.2456131748537591
1e-07,6e-08,8,7,0.9,1.9913770650807756,0.04680490001820245
2e-07,6e-08,4,7,0.9,1.991368685074051,0.10664476493531264
4e-07,3e-08,4,1,0.0,1.9912676303758547,-0.11066339036730721
4e-07,4e-08,4,1,0.0,1.9912676303758547,-0.11066339036730721
3e-06,9e-08,4,5,0.0,1.9912098504639875,-0.050485439846642444
2e-07,6e-08,8,8,0.9,1.9911860314399923,0.14377102776627587
1e-07,6e-08,4,2,0.0,1.9911307793936728,-0.08101409357216194
4e-07,6e-08,2,7,0.9,1.991007819807659,0.10107814951530514
8e-07,5e-07,8,0,0.0,1.9909558341222606,0.6675830907030018
8e-07,6e-08,1,7,0.9,1.9909132916542114,0.11396755413858943
4e-07,6e-08,4,8,0.9,1.990887763658164,0.15072568822711793
3e-06,6e-08,2,2,0.0,1.9908578356009023,-0.05782785260061041
3e-06,9e-08,2,9,0.9,1.990662392858118,0.3947014318498209
1e-07,6e-08,8,1,0.0,1.9906088289430408,0.07462957144045346
1.6e-06,9e-08,4,1,0.0,1.9904332823249244,0.13400918702683617
8e-07,6e-08,2,8,0.9,1.99031726988254,0.1554899969931998
1e-07,4e-08,1,5,0.0,1.9902950142725122,-0.014014295723682735
1e-07,3e-08,1,5,0.0,1.9902950142725122,-0.014014295723682735
3e-06,6e-08,1,9,0.9,1.990264983714097,0.2581341649032904
8e-07,6e-08,4,5,0.0,1.9902475385778142,-0.06931383731795115
1.6e-06,6e-08,2,9,0.9,1.990221633257903,0.24976310872772217
1.6e-06,9e-08,2,6,0.9,1.9902112651610495,0.23994023282086668
3e-06,9e-08,8,2,0.0,1.990147421162596,-0.04967070802759732
8e-07,9e-08,8,8,0.9,1.9898165431803545,0.3067729836702694
3e-06,9e-08,2,8,0.9,1.9898149677966248,0.30696787135181497
8e-07,5e-07,4,0,0.0,1.9897600876752186,0.6676321172394866
1.6e-06,9e-08,8,5,0.0,1.9896839303330804,-0.07366257248626729
2e-07,9e-08,2,0,0.0,1.9895897458874792,0.42327980200271353
3e-06,5e-07,4,0,0.0,1.9895452933176194,0.33046560619369014
1.6e-06,6e-08,1,8,0.9,1.989537166487049,0.16005589296071132
1.6e-06,9e-08,4,9,0.9,1.9895079223969439,0.37539944822517884
2e-07,3e-08,1,5,0.0,1.9894018895042849,-0.008090519503236027
2e-07,4e-08,1,5,0.0,1.9894018895042849,-0.008090519503236027
1.6e-06,9e-08,4,8,0.9,1.9893597941537984,0.31085202458773786
3e-06,9e-08,1,6,0.9,1.989307896360435,0.4114507915736006
1e-07,9e-08,2,4,0.0,1.9891800630061902,-0.2777685568706987
2e-07,6e-08,8,5,0.0,1.9886758328611798,-0.06748325935353239
3e-06,9e-08,1,4,0.0,1.9885722029388648,-0.22773614687635313
1e-07,9e-08,1,0,0.0,1.988472821621026,0.4095381678538469
2.65e-06,1e-06,4,0,0.0,1.9884237899971602,0.6664975449568523
8e-07,6e-08,8,1,0.0,1.9882874172098521,-0.05150866209653071
1.6e-06,9e-08,8,1,0.0,1.9882378234499494,0.0810937792861548
3e-06,6e-08,4,1,0.0,1.988020934343389,-0.05586326507667916
4e-07,9e-08,2,0,0.0,1.9876657186986413,0.47300827873005713
3e-06,9e-08,8,1,0.0,1.987580980981123,-0.08032996957868643
8e-07,6e-08,1,6,0.9,1.9875001724742867,0.0010137341180586346
1.6e-06,9e-08,2,4,0.0,1.9874942821268333,-0.23628944551805608
1e-07,6e-08,8,5,0.0,1.9874714012474446,-0.09451401364866674
4e-07,6e-08,8,2,0.0,1.9873782119330727,-0.07307060437264223
1e-07,6e-08,4,6,0.9,1.9873379455955582,-0.005663757311580753
3e-06,4e-08,1,1,0.0,1.9871812667467033,-0.014076468049849744
3e-06,3e-08,1,1,0.0,1.9871812667467033,-0.014076468049849744
3e-06,9e-08,1,0,0.0,1.987029659017912,0.543621557204065
1.6e-06,6e-08,4,2,0.0,1.987012363761662,-0.07854656670901383
8e-07,9e-08,8,7,0.9,1.9869026801799783,0.28517490817054886
4e-07,6e-08,8,5,0.0,1.9868463369869196,-0.08358842694752733
1.6e-06,9e-08,4,7,0.9,1.9866781121626993,0.28760112447868064
2e-07,6e-08,8,2,0.0,1.9866604902251985,-0.06604773418180443
1.6e-06,5e-07,8,0,0.0,1.9866034736510845,0.668497880207357
1.6e-06,4e-08,1,9,0.9,1.9864126124670096,0.06456382814979188
1.6e-06,3e-08,1,9,0.9,1.9864126124670096,0.06456382814979188
4e-07,6e-08,2,6,0.9,1.9863860719729431,-0.002371546723927531
2e-07,6e-08,4,6,0.9,1.986358643019825,-0.0017785425386623865
4e-07,9e-08,4,4,0.0,1.9860645390208815,-0.2795212442801046
2e-07,3e-08,8,9,0.9,1.986023212415784,0.06500739763574186
2e-07,4e-08,8,9,0.9,1.986023212415784,0.06500739763574186
1.6e-06,1e-06,8,0,0.0,1.9858958368346649,0.6652124091713079
8e-07,4e-08,2,9,0.9,1.9858818750024796,0.06280096559876197
8e-07,3e-08,2,9,0.9,1.9858818750024796,0.06280096559876197
4e-07,3e-08,4,9,0.9,1.985603022768815,0.06575661688987455
4e-07,4e-08,4,9,0.9,1.985603022768815,0.06575661688987455
2e-07,3e-08,1,2,0.0,1.985308524610344,-0.013008204499840637
2e-07,4e-08,1,2,0.0,1.985308524610344,-0.013008204499840637
3e-06,9e-08,2,7,0.9,1.9849877115048102,0.2957143491263676
1e-07,3e-08,1,2,0.0,1.9848707192932271,0.00039538720262555227
1e-07,4e-08,1,2,0.0,1.9848707192932271,0.00039538720262555227
4e-07,3e-08,1,2,0.0,1.9845629378647895,-0.016869640073300607
4e-07,4e-08,1,2,0.0,1.9845629378647895,-0.016869640073300607
1e-07,4e-08,1,8,0.9,1.9845040471536097,0.036728871847108324
1e-07,3e-08,1,8,0.9,1.9845040471536097,0.036728871847108324
1.6e-06,9e-08,1,0,0.0,1.9841661079716126,0.5363290979147999
1e-07,6e-08,1,4,0.0,1.98401463531705,-0.10655282661702181
8e-07,9e-08,8,6,0.9,1.9838581318708974,0.14942797642206207
1.6e-06,6e-08,4,5,0.0,1.9838409185245536,-0.07362518071409496
8e-07,6e-08,8,2,0.0,1.9837718751569906,-0.08304013792923903
4e-07,3e-08,1,5,0.0,1.9836668314026482,-0.009951787550662394
4e-07,4e-08,1,5,0.0,1.9836668314026482,-0.009951787550662394
1e-07,6e-08,8,2,0.0,1.9835239308892607,-0.10661094869698451
4e-07,9e-08,1,0,0.0,1.983307751742402,0.4751122862648653
2e-07,9e-08,4,4,0.0,1.9831340216188504,-0.25146120808584327
1e-07,3e-08,8,1,0.0,1.98312970373503,0.26443876000829747
1e-07,4e-08,8,1,0.0,1.98312970373503,0.26443876000829747
2e-07,6e-08,1,4,0.0,1.9830520024240799,-0.09637808775290446
4e-07,6e-08,4,7,0.9,1.982958155638011,0.1077244349845482
2e-07,6e-08,8,7,0.9,1.9829151917296373,0.10166729792222151
1.6e-06,3e-08,2,1,0.0,1.9828780993896309,-0.07154292901113668
1.6e-06,4e-08,2,1,0.0,1.9828780993896309,-0.07154292901113668
2e-07,4e-08,8,1,0.0,1.9827832666121636,-0.14395976720647785
2e-07,3e-08,8,1,0.0,1.9827832666121636,-0.14395976720647785
3e-06,6e-08,2,5,0.0,1.9827756889224901,-0.037257005035723934
8e-07,6e-08,8,9,0.9,1.98270757924027,0.2377856347238805
8e-07,9e-08,4,4,0.0,1.9824074980536985,-0.2598252982352205
3e-06,6e-08,1,8,0.9,1.9823552130759996,0.157340133586716
1e-07,6e-08,8,6,0.9,1.9823531134488797,-0.0021922571963149118
3e-06,6e-08,4,2,0.0,1.9822570012972083,-0.06462564909762891
3e-06,6e-08,2,9,0.9,1.98207552286128,0.25817540386657645
1.6e-06,6e-08,4,9,0.9,1.9819407706090388,0.25057653151447373
4e-07,6e-08,8,8,0.9,1.9819097233411185,0.15028009468888864
8e-07,6e-08,2,7,0.9,1.98159836988597,0.11011232536861168
1.6e-06,9e-08,4,6,0.9,1.9811498668499934,0.41129913433467585
1.6e-06,6e-08,2,8,0.9,1.9810880619973343,0.1599909472450989
1.6e-06,6e-08,1,7,0.9,1.9809894271818007,0.12997706112751667
4e-07,6e-08,1,4,0.0,1.9809714747306617,-0.12024436237958558
8e-07,6e-08,4,8,0.9,1.9809304634002474,0.15692311068613807
3e-06,9e-08,2,0,0.0,1.9807235657886082,0.15703273616856994
1e-07,4e-08,2,5,0.0,1.9803952172399437,-0.010141198394495454
1e-07,3e-08,2,5,0.0,1.9803952172399437,-0.010141198394495454
3e-06,9e-08,4,9,0.9,1.9802392655469476,0.3961158256210614
1.6e-06,9e-08,8,9,0.9,1.9798301879546276,0.37673097183582194
1.6e-06,6e-08,8,1,0.0,1.9797292799624597,-0.029911343437384996
2e-07,4e-08,2,5,0.0,1.979715386550188,-0.00808147111558144
2e-07,3e-08,2,5,0.0,1.979715386550188,-0.00808147111558144
3e-06,9e-08,4,8,0.9,1.9796821672929892,0.3070774434741057
3e-06,9e-08,2,6,0.9,1.9793190662372608,0.28249414116832655
1e-07,9e-08,4,4,0.0,1.9792398214431237,-0.27513196233178117
1e-07,6e-08,1,0,0.0,1.9789805895501125,0.5120578430328181
3e-06,6e-08,8,1,0.0,1.978959071095264,-0.041577967157653495
1.6e-06,9e-08,8,8,0.9,1.9788821179890188,0.31011276134689136
3e-06,5e-07,8,0,0.0,1.9788478980033808,0.6659885836320425
8e-07,6e-08,8,5,0.0,1.9785842228775934,-0.08699975420375339
2.65e-06,1e-06,8,0,0.0,1.97850398095382,0.6648983776182256
3e-06,4e-08,1,9,0.9,1.9783983151344444,0.06769184433190803
3e-06,3e-08,1,9,0.9,1.9783983151344444,0.06769184433190803
8e-07,4e-08,1,2,0.0,1.9781438511543494,-0.009714936990363188
8e-07,3e-08,1,2,0.0,1.9781438511543494,-0.009714936990363188
2e-07,6e-08,2,6,0.9,1.9779235867448322,-0.0021190923713798326
2e-07,9e-08,4,6,0.9,1.9778012084686902,0.11011881652421474
3e-06,9e-08,2,4,0.0,1.977752552332286,-0.21687508942886835
3e-06,9e-08,8,5,0.0,1.9776022783991962,-0.024202946899778754
4e-07,1e-06,4,0,0.0,1.9768457852125851,0.6676728001401504
1.6e-06,6e-08,8,2,0.0,1.9761235993786077,-0.07584677360143521
4e-07,9e-08,8,1,0.0,1.9751450799953385,-0.0924149568479038
4e-07,6e-08,4,1,0.0,1.974905371850177,0.38189601947876867
1.6e-06,9e-08,2,0,0.0,1.974867034690034,0.5371965588405442
1.6e-06,6e-08,1,6,0.9,1.9747796341188497,0.013366020040259607
8e-07,6e-08,2,6,0.9,1.974673715300161,0.0017553185209150113
8e-07,6e-08,1,4,0.0,1.9744204900481503,-0.11046792902244351
1.6e-06,9e-08,8,7,0.9,1.974149113661928,0.2847229441155211
1e-07,1e-06,1,6,0.6,1.9740475473211283,0.68927903513671
1e-07,4e-08,2,2,0.0,1.9739788050967917,-0.0005671930812114478
1e-07,3e-08,2,2,0.0,1.9739788050967917,-0.0005671930812114478
2e-07,4e-08,2,2,0.0,1.9737994298460475,-0.00808147111558144
2e-07,3e-08,2,2,0.0,1.9737994298460475,-0.00808147111558144
2e-07,6e-08,8,6,0.9,1.9735106398620137,-0.0025647756882866968
2e-07,9e-08,4,0,0.0,1.9734454161410653,0.42227643875129206
4e-07,6e-08,4,6,0.9,1.9732339402100696,-0.0027091216981858512
8e-07,3e-08,1,5,0.0,1.973088008578778,-0.009714936990363188
8e-07,4e-08,1,5,0.0,1.973088008578778,-0.009714936990363188
1.6e-06,4e-08,2,9,0.9,1.9725410108310157,0.0695229838077167
1.6e-06,3e-08,2,9,0.9,1.9725410108310157,0.0695229838077167
8e-07,9e-08,1,0,0.0,1.9723986164908147,0.5086005975812296
2e-07,4e-08,1,8,0.9,1.9723666865121774,0.039079183167253964
2e-07,3e-08,1,8,0.9,1.9723666865121774,0.039079183167253964
1.6e-06,9e-08,4,4,0.0,1.9721796193385444,-0.2415584036765117
8e-07,4e-08,4,9,0.9,1.9721612930044414,0.06313475878232046
8e-07,3e-08,4,9,0.9,1.9721612930044414,0.06313475878232046
2e-07,9e-08,8,0,0.0,1.9721418904358472,0.4216293482601051
4e-07,9e-08,8,4,0.0,1.9715707226949988,-0.2890605758349204
4e-07,3e-08,8,9,0.9,1.9706493995325516,0.07300557034111056
4e-07,4e-08,8,9,0.9,1.9706493995325516,0.07300557034111056
3e-06,9e-08,4,7,0.9,1.9697015162475027,0.29618565652556106
4e-07,9e-08,4,0,0.0,1.9694247262738585,0.47092096936443983
4e-07,3e-08,2,2,0.0,1.9693452439083745,-0.008591219324063037
4e-07,4e-08,2,2,0.0,1.9693452439083745,-0.008591219324063037
4e-07,3e-08,2,5,0.0,1.969131076213833,-0.006763959402032116
4e-07,4e-08,2,5,0.0,1.969131076213833,-0.006763959402032116
1e-07,6e-08,2,4,0.0,1.9687552326837205,-0.10028844761944022
1.6e-06,6e-08,8,5,0.0,1.9684978577151147,-0.06376115891930745
1e-07,1e-06,1,7,0.6,1.9679786154456473,0.7293402154831778
2e-07,9e-08,8,4,0.0,1.9677547768643688,-0.2547828742400692
1e-07,3e-08,2,8,0.9,1.9674351601906988,0.04564010789495529
1e-07,4e-08,2,8,0.9,1.9674351601906988,0.04564010789495529
8e-07,3e-08,2,1,0.0,1.9673740667503758,0.48259006298095697
8e-07,4e-08,2,1,0.0,1.9673740667503758,0.48259006298095697
4e-07,9e-08,8,0,0.0,1.9672797187055777,0.4735959513831536
3e-06,3e-08,2,1,0.0,1.9671881845503312,-0.0030364898211009406
3e-06,4e-08,2,1,0.0,1.9671881845503312,-0.0030364898211009406
3e-06,6e-08,4,9,0.9,1.966477026095328,0.2588830406661149
8e-07,9e-08,8,4,0.0,1.9663635378272448,-0.27553822347060697
2e-07,6e-08,2,4,0.0,1.9661883167430685,-0.08388599215347858
3e-06,6e-08,4,5,0.0,1.9654800335482936,-0.036841835116303456
4e-07,6e-08,8,7,0.9,1.965382012789867,0.11073412675697968
1.6e-06,6e-08,8,9,0.9,1.9653379929469708,0.2513174836453139
3e-06,6e-08,2,8,0.9,1.9653158855652635,0.15525626220813243
1.6e-06,3e-08,4,1,0.0,1.9649216020874747,-0.0160729647527742
1.6e-06,4e-08,4,1,0.0,1.9649216020874747,-0.0160729647527742
1.6e-06,3e-08,1,2,0.0,1.9647969757622747,-0.009973908296943224
1.6e-06,4e-08,1,2,0.0,1.9647969757622747,-0.009973908296943224
8e-07,6e-08,4,7,0.9,1.9644559369480152,0.11649258994122441
3e-06,6e-08,8,2,0.0,1.9642672577559448,-0.054221187866077214
1.6e-06,9e-08,4,0,0.0,1.9639030796712311,0.5382044595093418
8e-07,6e-08,8,8,0.9,1.963725043946703,0.15567629623368046
8e-07,9e-08,2,0,0.0,1.9635561847887384,0.5086234884905068
1.6e-06,6e-08,2,7,0.9,1.9631318891287397,0.12548070628340732
4e-07,6e-08,2,4,0.0,1.9625560445136307,-0.10001058371689475
1e-07,3e-08,4,5,0.0,1.9622366071258253,0.003803752051960707
1e-07,4e-08,4,5,0.0,1.9622366071258253,0.003803752051960707
4e-07,6e-08,8,1,0.0,1.9620995592308734,0.22222802309749562
1.6e-06,6e-08,4,8,0.9,1.9611798389760722,0.1593870599371813
1.6e-06,9e-08,8,6,0.9,1.96110054154882,0.23801743797181069
3e-06,9e-08,8,9,0.9,1.9610000578519151,0.3969231949545506
4e-07,3e-08,8,1,0.0,1.9609811453556172,0.25513478632298886
4e-07,4e-08,8,1,0.0,1.9609811453556172,0.25513478632298886
2e-07,6e-08,2,0,0.0,1.9607964550045949,0.5179251611055139
2e-07,3e-08,4,5,0.0,1.9607520132410787,-0.008077538703752385
2e-07,4e-08,4,5,0.0,1.9607520132410787,-0.008077538703752385
3e-06,9e-08,8,8,0.9,1.9605258675716701,0.3086680616584019
1.6e-06,6e-08,1,4,0.0,1.9599200039304403,-0.11041398199637531
3e-06,6e-08,1,7,0.9,1.9593753844119803,0.13783041666264695
8e-07,3e-08,1,1,0.0,1.9590649008630716,0.002053205738406172
8e-07,4e-08,1,1,0.0,1.9590649008630716,0.002053205738406172
1e-07,9e-08,8,4,0.0,1.9588881381128733,-0.27069298957328136
8e-07,4e-08,2,2,0.0,1.9585118211229513,-0.009709599703484062
8e-07,3e-08,2,2,0.0,1.9585118211229513,-0.009709599703484062
3e-06,9e-08,4,6,0.9,1.957728180578528,0.3145474164539339
3e-06,4e-08,2,9,0.9,1.9573498201529052,0.06768898304730354
3e-06,3e-08,2,9,0.9,1.9573498201529052,0.06768898304730354
3e-06,9e-08,4,4,0.0,1.9544290773215878,-0.23520593958572822
1e-07,1e-06,1,8,0.6,1.953837459885691,0.82087392528827
4e-07,4e-08,1,8,0.9,1.9535599696757693,0.04838642192377278
4e-07,3e-08,1,8,0.9,1.9535599696757693,0.04838642192377278
1.6e-06,3e-08,1,5,0.0,1.9526087120336544,0.010794866887346655
1.6e-06,4e-08,1,5,0.0,1.9526087120336544,0.010794866887346655
8e-07,6e-08,2,4,0.0,1.9524353542967052,-0.1117888545521909
3e-06,9e-08,4,0,0.0,1.9522087724757022,0.1586597660904262
8e-07,4e-08,4,1,0.0,1.9521598587032958,-0.06169029655061731
8e-07,3e-08,4,1,0.0,1.9521598587032958,-0.06169029655061731
1e-07,1e-06,2,6,0.6,1.9521181568698847,0.6870076863023802
1e-07,1e-06,1,9,0.6,1.9512724644513306,0.8196568317721583
2e-07,3e-08,4,2,0.0,1.9510524129403137,-0.008077538703752385
2e-07,4e-08,4,2,0.0,1.9510524129403137,-0.008077538703752385
1.6e-06,6e-08,2,6,0.9,1.9498993814964956,0.013128836895137969
8e-07,6e-08,1,1,0.0,1.9497243909233373,-0.01620285463301918
2e-07,4e-08,2,8,0.9,1.9494457248616655,0.03904425965431871
2e-07,3e-08,2,8,0.9,1.9494457248616655,0.03904425965431871
8e-07,6e-08,4,6,0.9,1.9493853507424093,0.0011866682708592535
3e-06,6e-08,1,6,0.9,1.9492623367022521,0.07206367475615263
4e-07,6e-08,8,6,0.9,1.949192935908507,-0.0034214155776858823
1e-07,3e-08,4,2,0.0,1.9484010257344366,-0.010137317213036456
1e-07,4e-08,4,2,0.0,1.9484010257344366,-0.010137317213036456
8e-07,4e-08,8,9,0.9,1.9480112192163486,0.06503456918294279
8e-07,3e-08,8,9,0.9,1.9480112192163486,0.06503456918294279
1.6e-06,3e-08,4,9,0.9,1.9475360275418716,0.0762580145465224
1.6e-06,4e-08,4,9,0.9,1.9475360275418716,0.0762580145465224
1.6e-06,9e-08,8,4,0.0,1.9473894142134742,-0.23678349029675205
1e-07,5e-07,1,6,0.6,1.9468972344289863,0.6787608761959827
3e-06,3e-08,4,1,0.0,1.9457278971344025,-0.03293135576640904
3e-06,4e-08,4,1,0.0,1.9457278971344025,-0.03293135576640904
8e-07,3e-08,2,5,0.0,1.9455114257882442,-0.009709599703484062
8e-07,4e-08,2,5,0.0,1.9455114257882442,-0.009709599703484062
4e-07,4e-08,4,2,0.0,1.945506148894013,-0.009943738656987278
4e-07,3e-08,4,2,0.0,1.945506148894013,-0.009943738656987278
3e-06,9e-08,8,7,0.9,1.9449732495695535,0.29777845516908164
1e-07,9e-08,4,0,0.0,1.942979325391974,0.4078739786022649
4e-07,3e-08,4,5,0.0,1.9418761433873868,-0.013343696355800683
4e-07,4e-08,4,5,0.0,1.9418761433873868,-0.013343696355800683
1e-07,6e-08,4,4,0.0,1.9389313736150853,-0.1003711619323151
1e-07,5e-07,1,7,0.6,1.9384384247530657,0.7734591648392422
1e-07,1e-06,2,7,0.6,1.9376574970454246,0.7669321228577834
1e-07,4e-08,4,8,0.9,1.9376479834446851,0.03436526874658395
1e-07,3e-08,4,8,0.9,1.9376479834446851,0.03436526874658395
1e-07,1e-06,1,5,0.3,1.9374309397514566,-0.694690427190251
8e-07,6e-08,1,0,0.0,1.93740140533473,0.5337655919532518
3e-06,4e-08,1,2,0.0,1.9369143987977633,-0.006912641025832333
3e-06,3e-08,1,2,0.0,1.9369143987977633,-0.006912641025832333
3e-06,6e-08,8,5,0.0,1.9369134637015446,-0.020778433872893465
2e-07,1e-06,1,7,0.6,1.9361141871067424,0.8026345306446558
3e-06,6e-08,8,9,0.9,1.9348500832958955,0.2587855554154738
3e-06,6e-08,4,8,0.9,1.9343540016487126,0.15616997308957212
3e-06,6e-08,1,0,0.0,1.9336425099691623,0.2210060239271341
1.6e-06,6e-08,8,8,0.9,1.9324806722577044,0.1598520584764237
1.6e-06,4e-08,8,1,0.0,1.932338265345066,-0.010509282679948218
1.6e-06,3e-08,8,1,0.0,1.932338265345066,-0.010509282679948218
2e-07,6e-08,4,4,0.0,1.9320054434736462,-0.10386758273121954
8e-07,6e-08,8,7,0.9,1.9317776617661235,0.11477359019498845
1.6e-06,4e-08,2,2,0.0,1.9308047622680686,-0.023334180629156598
1.6e-06,3e-08,2,2,0.0,1.9308047622680686,-0.023334180629156598
8e-07,4e-08,8,1,0.0,1.9302999989766192,-0.09506955579351772
8e-07,3e-08,8,1,0.0,1.9302999989766192,-0.09506955579351772
4e-07,6e-08,4,4,0.0,1.9291341766830867,-0.08699206220211331
1.6e-06,6e-08,4,7,0.9,1.9282610769506285,0.12833221682117146
2e-07,3e-08,8,5,0.0,1.9270738150544322,-0.008074294773671498
2e-07,4e-08,8,5,0.0,1.9270738150544322,-0.008074294773671498
1.6e-06,9e-08,8,0,0.0,1.926547075859038,0.537968567200751
3e-06,6e-08,2,7,0.9,1.9250699249629577,0.14207548869731018
1e-07,4e-08,1,7,0.9,1.924598311847292,-0.04251886084305391
1e-07,3e-08,1,7,0.9,1.924598311847292,-0.04251886084305391
1e-07,4e-08,8,5,0.0,1.9244060721108702,-0.010134153625612208
1e-07,3e-08,8,5,0.0,1.9244060721108702,-0.010134153625612208
8e-07,4e-08,4,2,0.0,1.9240329263562805,-0.00970918272794663
8e-07,3e-08,4,2,0.0,1.9240329263562805,-0.00970918272794663
2e-07,1e-06,1,8,0.6,1.9227087258904922,0.8204749769106212
2e-07,1e-06,1,5,0.3,1.9226938491847054,-0.6988490975200076
3e-06,6e-08,1,4,0.0,1.921985096905375,-0.10204155492824996
1e-07,5e-07,1,8,0.6,1.9219501120070874,0.8121528764266549
1e-07,1e-06,2,8,0.6,1.9206523548199832,0.8185640764710955
3e-06,9e-08,8,6,0.9,1.9194795962649984,0.24813686960064776
1e-07,5e-07,1,9,0.6,1.9193784217805856,0.8128521564624525
8e-07,4e-08,1,8,0.9,1.9168896384972918,0.038892725186249616
8e-07,3e-08,1,8,0.9,1.9168896384972918,0.038892725186249616
1.6e-06,6e-08,2,4,0.0,1.916847480486232,-0.10784290032310084
3e-06,4e-08,4,9,0.9,1.916424741623116,0.07183297218825717
3e-06,3e-08,4,9,0.9,1.916424741623116,0.07183297218825717
3e-06,9e-08,8,0,0.0,1.9147950682852684,0.12436083736753567
2e-07,1e-06,1,9,0.6,1.914533825698109,0.8203131369189314
3e-06,9e-08,8,4,0.0,1.9140988403071044,-0.23461057943607144
1e-07,9e-08,8,0,0.0,1.9134066134498624,0.4079258612008688
1.6e-06,6e-08,1,0,0.0,1.912587430415427,0.5367294521733134
1e-07,1e-06,2,9,0.6,1.9124077867212006,0.8214686206904805
1e-07,1e-06,4,6,0.6,1.9119578392733256,0.6847402000942288
4e-07,3e-08,2,8,0.9,1.9102367443918187,0.04183043218146404
4e-07,4e-08,2,8,0.9,1.9102367443918187,0.04183043218146404
3e-06,3e-08,8,1,0.0,1.909567681101167,-0.04113778598989093
3e-06,4e-08,8,1,0.0,1.909567681101167,-0.04113778598989093
8e-07,6e-08,4,4,0.0,1.9083478475248523,-0.09866417023152119
4e-07,6e-08,2,0,0.0,1.9083002538996805,0.5147899849157682
3e-06,4e-08,1,5,0.0,1.9061011351882828,-0.004934255109848018
3e-06,3e-08,1,5,0.0,1.9061011351882828,-0.004934255109848018
2e-07,1e-06,2,6,0.6,1.90588339821395,0.6882931037631798
1e-07,1e-06,1,2,0.3,1.9053221807385747,-0.7237278060952124
3e-06,6e-08,2,6,0.9,1.9040824756733574,0.0819179004752488
1.6e-06,3e-08,2,5,0.0,1.9040636765741958,-0.009971451965065548
1.6e-06,4e-08,2,5,0.0,1.9040636765741958,-0.009971451965065548
8e-07,6e-08,8,6,0.9,1.9034612308920242,-0.0007063706690073335
2e-07,4e-08,4,8,0.9,1.9034565528628202,0.03802208231058793
2e-07,3e-08,4,8,0.9,1.9034565528628202,0.03802208231058793
1.6e-06,6e-08,4,6,0.9,1.903171136985082,0.010458664358409753
1e-07,5e-07,2,6,0.6,1.9030957262898602,0.680322881187891
1.6e-06,4e-08,8,9,0.9,1.9009938264331332,0.0669177286047553
1.6e-06,3e-08,8,9,0.9,1.9009938264331332,0.0669177286047553
2e-07,3e-08,8,2,0.0,1.900827052156285,0.004891944989823815
2e-07,4e-08,8,2,0.0,1.900827052156285,0.004891944989823815
2e-07,1e-06,1,6,0.6,1.9000010829379523,0.6886594815552196
4e-07,1e-06,1,2,0.3,1.8983495239297201,-0.7149377243477993
1e-07,3e-08,8,2,0.0,1.8983221073438241,-0.010134153625612208
1e-07,4e-08,8,2,0.0,1.8983221073438241,-0.010134153625612208
2e-07,1e-06,1,2,0.3,1.8981165117168532,-0.7115188530203341
4e-07,1e-06,1,6,0.6,1.8972798568075866,0.6877787369457828
8e-07,9e-08,4,0,0.0,1.8972607151825986,0.5075720886525577
8e-07,3e-08,4,5,0.0,1.895546694694944,-0.00970918272794663
8e-07,4e-08,4,5,0.0,1.895546694694944,-0.00970918272794663
8e-07,9e-08,8,0,0.0,1.8951596497865872,0.5094497227063873
4e-07,3e-08,8,2,0.0,1.8950162129219117,-0.01031552440374639
4e-07,4e-08,8,2,0.0,1.8950162129219117,-0.01031552440374639
2e-07,5e-07,1,6,0.6,1.8920326242867422,0.6800445305741405
1e-07,6e-08,2,0,0.0,1.8887122434061427,0.5123757193204738
4e-07,4e-08,8,5,0.0,1.8884676148346586,-0.009939801860394781
4e-07,3e-08,8,5,0.0,1.8884676148346586,-0.009939801860394781
4e-07,1e-06,1,5,0.3,1.8850901793399544,-0.7031542143841654
1e-07,6e-08,8,4,0.0,1.8843757415735678,-0.08426006531402674
8e-07,1e-06,1,2,0.3,1.8842304417730766,-0.7227896903088336
1.6e-06,6e-08,2,0,0.0,1.8840234750465126,0.5368381344764368
1e-07,1e-06,4,7,0.6,1.8835510380031484,0.7778435871034242
8e-07,6e-08,2,0,0.0,1.8817537997752307,0.5334079617156906
3e-06,4e-08,2,2,0.0,1.8813755819153641,-0.006493267835161243
3e-06,3e-08,2,2,0.0,1.8813755819153641,-0.006493267835161243
1e-07,5e-07,2,7,0.6,1.8813477159351257,0.7783168876828022
2e-07,1e-06,2,7,0.6,1.8803076667258511,0.8042609366392318
2e-07,6e-08,1,0,0.0,1.8797724072679265,0.5189356022477849
2e-07,4e-08,1,7,0.9,1.8789024808727468,-0.038928047757923065
2e-07,3e-08,1,7,0.9,1.8789024808727468,-0.038928047757923065
1e-07,3e-08,8,8,0.9,1.8773773283263449,0.04261065446087452
1e-07,4e-08,8,8,0.9,1.8773773283263449,0.04261065446087452
4e-07,1e-06,1,7,0.6,1.8764457850651381,0.8006667152395487
1e-07,1e-06,2,5,0.3,1.8754520574568763,-0.7163608515888451
3e-06,6e-08,8,8,0.9,1.8721817279461603,0.15657806364039145
1.6e-06,4e-08,4,2,0.0,1.8700620860584216,-0.009970469432314388
1.6e-06,3e-08,4,2,0.0,1.8700620860584216,-0.009970469432314388
2e-07,1e-06,1,1,0.3,1.8700029264512672,-0.545341541954126
4e-07,6e-08,8,4,0.0,1.8699064390559506,-0.09915697279231417
1.6e-06,6e-08,8,7,0.9,1.869068506864663,0.13066360519225226
1e-07,5e-07,1,5,0.3,1.8680370264394146,-0.6961902522430049
4e-07,6e-08,4,0,0.0,1.8669344870224518,0.5147821454175963
2e-07,5e-07,1,7,0.6,1.8667191437472457,0.7955106631129478
2e-07,6e-08,8,4,0.0,1.8642779854201255,-0.0857923214505506
3e-06,6e-08,2,4,0.0,1.8631292535296733,-0.09210012131860668
2e-07,1e-06,2,8,0.6,1.8629697391597482,0.8205300759769771
3e-06,6e-08,4,7,0.9,1.8591917273605592,0.141172100094892
4e-07,1e-06,1,8,0.6,1.8583763968867626,0.8202990612201713
1e-07,5e-07,2,9,0.6,1.8571543094029714,0.8131336195415254
8e-07,1e-06,1,5,0.3,1.8561563811894248,-0.716066886287297
1e-07,3e-08,2,7,0.9,1.8544707337123423,-0.04276242525297588
1e-07,4e-08,2,7,0.9,1.8544707337123423,-0.04276242525297588
1e-07,5e-07,2,8,0.6,1.8544248910133188,0.8111733527100073
1e-07,3e-08,1,4,0.0,1.8535325390826103,-0.002230248197480633
1e-07,4e-08,1,4,0.0,1.8535325390826103,-0.002230248197480633
3e-06,4e-08,8,9,0.9,1.8529567443269372,0.07405636466227956
3e-06,3e-08,8,9,0.9,1.8529567443269372,0.07405636466227956
8e-07,3e-08,8,2,0.0,1.8520450343090609,-0.012343975329840884
8e-07,4e-08,8,2,0.0,1.8520450343090609,-0.012343975329840884
2e-07,5e-07,1,5,0.3,1.8516168377085775,-0.7035627471905793
1e-07,1e-06,4,8,0.6,1.8514459066653806,0.8185444547712135
2e-07,1e-06,2,2,0.3,1.851389618533953,-0.7316286726915932
2e-07,1e-06,2,5,0.3,1.850761165399487,-0.7099426348438801
1.6e-06,4e-08,1,8,0.9,1.84941470750353,0.04918998462174598
1.6e-06,3e-08,1,8,0.9,1.84941470750353,0.04918998462174598
2e-07,1e-06,2,9,0.6,1.8491115833997287,0.8223505511515996
4e-07,1e-06,1,1,0.3,1.8481193204386588,-0.687323338354333
1.6e-06,6e-08,4,4,0.0,1.8463468717605398,-0.08782259122892788
4e-07,1e-06,1,9,0.6,1.8440886687393778,0.8231778993863963
2e-07,5e-07,1,9,0.6,1.8426090217112623,0.8113508837182087
2e-07,5e-07,1,8,0.6,1.841444461717471,0.8103988171144283
8e-07,4e-08,2,8,0.9,1.8411088504686748,0.04070047570656806
8e-07,3e-08,2,8,0.9,1.8411088504686748,0.04070047570656806
1e-07,9e-08,2,0,0.0,1.8387082551645033,0.41057767371639775
4e-07,6e-08,8,0,0.0,1.8384977527767696,0.5138673098889783
1.6e-06,3e-08,4,5,0.0,1.8373799777939912,-0.009970469432314388
1.6e-06,4e-08,4,5,0.0,1.8373799777939912,-0.009970469432314388
4e-07,4e-08,4,8,0.9,1.8371354339327806,0.040442220891661634
4e-07,3e-08,4,8,0.9,1.8371354339327806,0.040442220891661634
4e-07,5e-07,1,2,0.3,1.8355892217566883,-0.7133625219242808
1e-07,1e-06,1,1,0.3,1.833115200521688,-0.47166803101925475
1.6e-06,1e-06,1,2,0.3,1.8326465062638129,-0.7211166158214911
2e-07,1e-06,4,6,0.6,1.8295211962476823,0.687763492871866
4e-07,1e-06,2,2,0.3,1.8291735691339117,-0.7111867534508497
8e-07,5e-07,1,2,0.3,1.8283899486544732,-0.727114946683576
3e-06,6e-08,4,6,0.9,1.8273994806023246,0.06748490486809723
3e-06,3e-08,2,5,0.0,1.8272666916231248,-0.0026961436042187703
3e-06,4e-08,2,5,0.0,1.8272666916231248,-0.0026961436042187703
3e-06,6e-08,2,0,0.0,1.8265176223168063,0.5366977627446965
1e-07,1e-06,2,2,0.3,1.8259725951108858,-0.6822603191476564
2e-07,5e-07,1,2,0.3,1.8258151733028634,-0.6895398460882445
8e-07,6e-08,8,4,0.0,1.8248558672577666,-0.10955878893014304
1.6e-06,6e-08,8,6,0.9,1.8242540734202077,0.012074107491068187
1e-07,2e-07,1,6,0.6,1.824124811083958,0.6106643272029566
1e-07,2e-07,1,7,0.6,1.8211928221687494,0.6608536008569559
1e-07,1e-06,4,9,0.6,1.8209304590450255,0.8214126325211597
4e-07,5e-07,1,5,0.3,1.820908984598234,-0.6920107710075966
2e-07,3e-08,8,8,0.9,1.817844880888289,0.03968446574308884
2e-07,4e-08,8,8,0.9,1.817844880888289,0.03968446574308884
8e-07,3e-08,8,5,0.0,1.8168008587982114,-0.0172416602124299
8e-07,4e-08,8,5,0.0,1.8168008587982114,-0.0172416602124299
2e-07,3e-08,1,4,0.0,1.8162710294849984,-0.013287555860011735
2e-07,4e-08,1,4,0.0,1.8162710294849984,-0.013287555860011735
4e-07,1e-06,2,6,0.6,1.8129419072293753,0.6857258557244557
1e-07,1e-06,8,6,0.6,1.8117150099496064,0.6869835076203825
2e-07,5e-07,2,6,0.6,1.8086548123315977,0.6829590956805076
1e-07,5e-07,1,2,0.3,1.8041989429824916,-0.708072369552603
2e-07,1e-06,2,1,0.3,1.8041387471131523,-0.6460957682067677
3e-06,4e-08,4,2,0.0,1.8009017574419643,-0.00493310378750611
3e-06,3e-08,4,2,0.0,1.8009017574419643,-0.00493310378750611
4e-07,1e-06,2,5,0.3,1.8006691911223183,-0.726253508473178
1e-07,6e-08,4,0,0.0,1.7991821783402642,0.5158391062403072
1e-07,4e-08,1,6,0.9,1.796963120438475,-0.08834493519511268
1e-07,3e-08,1,6,0.9,1.796963120438475,-0.08834493519511268
2e-07,6e-08,4,0,0.0,1.7967288818905245,0.5184922858912866
1e-07,1e-06,8,7,0.6,1.7953853952540917,0.7837587452332386
4e-07,6e-08,1,0,0.0,1.7947314561190635,0.5167793849429344
1e-07,5e-07,4,7,0.6,1.7910706544516999,0.7711024314932496
8e-07,5e-07,1,5,0.3,1.7888806541926368,-0.7087150953577356
2e-07,1e-06,4,7,0.6,1.7875176659152214,0.8031317881715457
8e-07,6e-08,4,0,0.0,1.786358807906628,0.5344570615572068
8e-07,1e-06,2,2,0.3,1.7840058632521103,-0.7423363079243881
4e-07,3e-08,1,7,0.9,1.7832246634493203,0.010540813482724468
4e-07,4e-08,1,7,0.9,1.7832246634493203,0.010540813482724468
1.6e-06,3e-08,8,2,0.0,1.781232746981369,-0.10571866169904864
1.6e-06,4e-08,8,2,0.0,1.781232746981369,-0.10571866169904864
1e-07,2e-07,1,9,0.6,1.7811583009918386,0.6788787885216511
4e-07,5e-07,1,6,0.6,1.7800235865600815,0.6817716343625797
4e-07,1e-06,2,1,0.3,1.7784595017817257,-0.6243340210096213
4e-07,1e-06,2,7,0.6,1.7781278264449991,0.8095506623906299
1e-07,1e-06,4,5,0.3,1.7775964604941799,-0.725433795154098
8e-07,1e-06,1,7,0.6,1.7757139656272032,0.8073403100616384
2e-07,4e-08,2,7,0.9,1.7729187267049693,0.010280854559999733
2e-07,3e-08,2,7,0.9,1.7729187267049693,0.010280854559999733
2e-07,5e-07,2,7,0.6,1.7724424363346085,0.7851738850733548
1.6e-06,6e-08,4,0,0.0,1.7706129478959383,0.5388698660304339
1.6e-06,1e-06,1,5,0.3,1.7705704192005176,-0.7142193504161001
8e-07,1e-06,1,6,0.6,1.7688050564585924,0.6848892182234836
8e-07,5e-07,1,1,0.3,1.7686642643562265,-0.6284810234923859
3e-06,4e-08,1,8,0.9,1.767292736046159,0.043900413178005214
3e-06,3e-08,1,8,0.9,1.767292736046159,0.043900413178005214
2.65e-06,1e-06,1,2,0.3,1.7670950851330045,-0.7050238007825016
1e-07,2e-07,1,8,0.6,1.7635656264839745,0.7051529608058708
3e-06,6e-08,4,0,0.0,1.7630580111266294,0.1722271741489465
4e-07,5e-07,1,1,0.3,1.7618932915126746,-0.703818431162332
4e-07,1e-06,2,8,0.6,1.757076874473301,0.8202038635733845
1.6e-06,5e-07,1,2,0.3,1.7557650141838224,-0.721916145618688
2e-07,5e-07,2,8,0.6,1.752504859056139,0.8091278267718959
3e-06,6e-08,8,7,0.9,1.7523194458016342,0.1402582725721705
3e-06,6e-08,4,4,0.0,1.752311786548725,-0.09628189204591409
4e-07,5e-07,1,7,0.6,1.7512100481363213,0.7956832915502642
2e-07,1e-06,4,8,0.6,1.750546547648329,0.820034717105608
1e-07,1e-06,2,1,0.3,1.7504923297200847,-0.6070670896590067
1e-07,5e-07,4,8,0.6,1.7481927612031611,0.8103863798263191
2e-07,5e-07,2,5,0.3,1.7481236613476532,-0.7080249507051756
8e-07,1e-06,1,8,0.6,1.7477691737147847,0.8229287869618349
8e-07,1e-06,1,9,0.6,1.7465623506630394,0.8224871058238219
2e-07,1e-06,4,5,0.3,1.7447237447084756,-0.7086981952835036
1e-07,5e-07,2,5,0.3,1.744549797044386,-0.7183309781939986
4e-07,3e-08,1,4,0.0,1.7439645974509095,0.005357474158494524
4e-07,4e-08,1,4,0.0,1.7439645974509095,0.005357474158494524
1e-07,4e-08,4,7,0.9,1.7429898376477624,-0.05556949416242024
1e-07,3e-08,4,7,0.9,1.7429898376477624,-0.05556949416242024
2e-07,5e-07,1,1,0.3,1.7423838608457818,-0.7239402127569644
1.6e-06,3e-08,2,8,0.9,1.7422723784655296,0.051270575576608496
1.6e-06,4e-08,2,8,0.9,1.7422723784655296,0.051270575576608496
1e-07,1e-06,8,8,0.6,1.740195255416363,0.8193827950514313
1e-07,5e-07,4,9,0.6,1.7385283982398902,0.8131201520683025
1e-07,5e-07,4,6,0.6,1.737468387397404,0.6769894565955709
4e-07,5e-07,2,2,0.3,1.737005147031311,-0.7000297773702122
4e-07,1e-06,2,9,0.6,1.7363952119936237,0.8229764093761962
1.6e-06,6e-08,8,4,0.0,1.7353950658990331,-0.10113964409331366
2e-07,1e-06,4,2,0.3,1.7349111914807227,-0.7014619875714873
1.6e-06,3e-08,8,5,0.0,1.7324667644166176,-0.10456078186900997
1.6e-06,4e-08,8,5,0.0,1.7324667644166176,-0.10456078186900997
1e-07,1e-06,8,9,0.6,1.7302084432717995,0.8205894547862987
4e-07,5e-07,1,8,0.6,1.730133752043319,0.8119547744283758
2e-07,5e-07,2,9,0.6,1.7279584153913068,0.8145292581535127
2e-07,1e-06,4,9,0.6,1.7278026162913716,0.8220814198468395
1e-07,1e-06,4,2,0.3,1.7261780944176348,-0.6880091737676272
5e-07,1e-06,1,3,0.0,1.7223903999109702,-0.31432255564966205
2e-07,5e-07,2,2,0.3,1.722068147758943,-0.6844854414761472
8e-07,4e-08,4,8,0.9,1.7217700649106813,0.049976026930675196
8e-07,3e-08,4,8,0.9,1.7217700649106813,0.049976026930675196
3e-06,3e-08,4,5,0.0,1.719564912866734,-0.00493310378750611
3e-06,4e-08,4,5,0.0,1.719564912866734,-0.00493310378750611
8e-07,1e-06,2,5,0.3,1.7159314034200448,-0.7309332879054581
4e-07,5e-07,1,9,0.6,1.7152818085619863,0.8140726040458033
1e-07,3e-08,2,4,0.0,1.714460630881609,-0.01870767672851248
1e-07,4e-08,2,4,0.0,1.714460630881609,-0.01870767672851248
2e-07,6e-08,8,0,0.0,1.7141352838014996,0.5186759780124124
4e-07,3e-08,8,8,0.9,1.713554287763558,0.04030367180469793
4e-07,4e-08,8,8,0.9,1.713554287763558,0.04030367180469793
1.6e-06,1e-06,2,2,0.3,1.7122241129389786,-0.7181040888423316
2e-07,1e-06,1,0,0.3,1.711406265013477,-0.12258939763466507
1e-07,5e-07,2,2,0.3,1.7102920270109727,-0.6881830949066683
2e-07,1e-06,8,6,0.6,1.7090477868149114,0.6869454217015373
4e-07,1e-06,4,2,0.3,1.7060303619935486,-0.7182563358041378
1e-07,6e-08,8,0,0.0,1.704618968449021,0.5125367881640271
5e-07,9e-07,1,3,0.0,1.7043865779661083,-0.306723925286338
1.6e-06,1e-06,1,1,0.3,1.7017514433880165,-0.685995720412536
5e-07,5e-07,1,3,0.0,1.6998708258296191,-0.2845068050871761
2e-07,3e-08,2,4,0.0,1.6994447700339896,-0.027360873689831422
2e-07,4e-08,2,4,0.0,1.6994447700339896,-0.027360873689831422
8e-07,5e-07,2,2,0.3,1.6981526933550903,-0.7552323898004963
8e-07,6e-08,8,0,0.0,1.6976729349657163,0.5351509246482561
3e-06,6e-08,8,6,0.9,1.6954660890325997,0.11718649681597207
5e-07,6e-07,1,3,0.0,1.695078952702135,-0.29481239651759783
1e-07,4e-08,1,0,0.0,1.6914474289642663,0.6389976402092308
1e-07,3e-08,1,0,0.0,1.6914474289642663,0.6389976402092308
1.6e-06,5e-07,1,5,0.3,1.689382278010347,-0.6944399886837047
4e-07,1e-06,4,6,0.6,1.6877577471507075,0.6850300189712931
1e-07,1e-06,1,4,0.3,1.6873979285544156,-0.71851885308415
4e-07,5e-07,2,5,0.3,1.68610966129376,-0.7242000257208457
2e-07,3e-08,1,0,0.0,1.6836225520682326,0.6391229705335446
2e-07,4e-08,1,0,0.0,1.6836225520682326,0.6391229705335446
8e-07,1e-06,1,1,0.3,1.6834435991898449,-0.6138524874621905
3e-06,3e-08,8,2,0.0,1.6769775636242357,-0.030904557737073235
3e-06,4e-08,8,2,0.0,1.6769775636242357,-0.030904557737073235
8e-07,1e-06,2,6,0.6,1.6708490100895947,0.6807330421273363
2.65e-06,1e-06,1,5,0.3,1.6707354172975317,-0.6722961160362012
2e-07,2e-07,1,6,0.6,1.6698455731928985,0.63575770187859
1.6e-06,1e-06,1,6,0.6,1.6677032456927279,0.682876718357941
2e-07,1e-06,1,4,0.3,1.6668425544944534,-0.7200788172456378
2e-07,5e-07,4,6,0.6,1.666329648913423,0.6823503848395809
4e-07,4e-08,1,0,0.0,1.6558173301572991,0.6427748858350235
4e-07,3e-08,1,0,0.0,1.6558173301572991,0.6427748858350235
1e-07,6e-08,8,7,0.6,1.653877264330583,-0.01808646519296106
2e-07,2e-07,1,7,0.6,1.6530719057415237,0.6389186329531984
1e-07,5e-07,8,7,0.6,1.6516054396127413,0.7621810678863469
2e-07,1e-06,8,7,0.6,1.651033172860456,0.806340321858225
4e-07,1e-06,4,5,0.3,1.6510127696568957,-0.7038617152499365
8e-07,4e-08,1,4,0.0,1.6496553172020654,0.0037502909880772206
8e-07,3e-08,1,4,0.0,1.6496553172020654,0.0037502909880772206
2.65e-06,1e-06,2,2,0.3,1.6480051539161793,-0.7199287708119285
1e-07,1e-06,1,0,0.3,1.6478913235225512,-0.12049883470450984
3e-06,5e-07,1,2,0.3,1.644954758582967,-0.711875769262702
8e-07,5e-07,2,5,0.3,1.6448660532557984,-0.6925429744904001
1e-07,4e-08,2,6,0.9,1.6400314531249633,-0.08510079182432709
1e-07,3e-08,2,6,0.9,1.6400314531249633,-0.08510079182432709
4e-07,1e-06,4,7,0.6,1.6386875394490363,0.8058681431340223
1e-07,6e-08,8,6,0.6,1.6351251526493336,-0.016413526061118566
2.65e-06,1e-06,1,1,0.3,1.6337137125661176,-0.6428306584908048
2e-07,2e-07,1,9,0.6,1.6330337373305597,0.6898856104671021
4e-07,5e-07,2,6,0.6,1.6325408848804297,0.6813642726702468
8e-07,1e-06,2,7,0.6,1.6323211874166303,0.8149164945005447
8e-07,1e-06,4,2,0.3,1.6290082796538452,-0.7158310221186319
1.6e-06,1e-06,1,7,0.6,1.628159038020073,0.8122152315707186
4e-07,1e-06,4,9,0.6,1.6261190460882908,0.8223295811793706
2e-07,1e-06,8,9,0.6,1.6256182024534067,0.8212304867763673
7.5e-07,1e-06,1,3,0.0,1.625059939241257,-0.2803661927896467
1.6e-06,1e-06,2,5,0.3,1.62378013243907,-0.6949367862404509
2e-07,1e-06,4,1,0.3,1.6234941260716262,-0.6344570598897512
2e-07,5e-07,4,7,0.6,1.6229562423807142,0.7890755182475243
4e-07,1e-06,1,0,0.3,1.6229072094588717,-0.11945680456110414
8e-07,5e-07,1,6,0.6,1.6225389901326526,0.67973299851329
2e-07,1e-06,8,8,0.6,1.6223229147569582,0.8198008033524947
4e-07,4e-08,2,7,0.9,1.6220000303450377,0.006984909882197132
4e-07,3e-08,2,7,0.9,1.6220000303450377,0.006984909882197132
1e-07,5e-07,8,9,0.6,1.62117300556246,0.8137126647490707
8e-07,1e-06,1,0,0.3,1.6195236861214943,-0.11726804749429257
2e-07,5e-07,4,9,0.6,1.6191803262016236,0.8140642800191223
4e-07,1e-06,4,8,0.6,1.6188595503677459,0.8211233024540322
1e-07,5e-07,8,8,0.6,1.6175840487711308,0.8103946073920408
2e-07,6e-08,4,7,0.6,1.6169689953714357,0.010376364566321739
2e-07,2e-07,1,8,0.6,1.6138978860499538,0.7101261706928821
7.5e-07,9e-07,1,3,0.0,1.6130154448423024,-0.27253812441955894
2e-07,4e-08,1,6,0.9,1.6128965295214883,-0.0689078614693707
2e-07,3e-08,1,6,0.9,1.6128965295214883,-0.0689078614693707
1e-07,1e-06,8,5,0.3,1.6113528995192143,-0.6895539104044266
8e-07,1e-06,2,8,0.6,1.6110610252224375,0.8221679704354777
2e-07,5e-07,2,1,0.3,1.609882906202473,-0.7106135691298876
8e-07,1e-06,2,9,0.6,1.6097608438540856,0.8227667870320013
4e-07,5e-07,2,8,0.6,1.6095105562037062,0.8113968412406278
4e-07,1e-06,4,1,0.3,1.6088732209026677,-0.6230980122168754
4e-07,1e-06,1,4,0.3,1.6086520378571354,-0.7111783311767387
2e-07,4e-08,4,7,0.9,1.60792502472605,-0.005322057504893826
2e-07,3e-08,4,7,0.9,1.60792502472605,-0.005322057504893826
2e-07,5e-07,4,8,0.6,1.6071611711626663,0.8093548362086153
4e-07,5e-07,2,7,0.6,1.6069333599893731,0.7918824297435717
3e-06,3e-08,2,8,0.9,1.606928898611606,0.047385771656577355
3e-06,4e-08,2,8,0.9,1.606928898611606,0.047385771656577355
8e-07,1e-06,2,1,0.3,1.6044675136238769,-0.6744810817949943
8e-07,4e-08,1,7,0.9,1.6042298205549321,0.022629730495323047
8e-07,3e-08,1,7,0.9,1.6042298205549321,0.022629730495323047
1.6e-06,1e-06,1,9,0.6,1.6040909636571439,0.8233472323913799
1.6e-06,5e-07,1,1,0.3,1.6006769861973045,-0.6808916720649355
1e-07,5e-07,1,1,0.3,1.6004164034062565,-0.10459476423204966
8e-07,5e-07,1,9,0.6,1.5983002706519487,0.8132116517979306
1.6e-06,1e-06,1,8,0.6,1.5972687333029918,0.8227930384370633
4e-07,5e-07,2,9,0.6,1.596678983514181,0.8133088911441929
5e-07,3e-07,1,3,0.0,1.5949201537663318,-0.30704240425585966
3e-06,6e-08,8,4,0.0,1.5936358708695575,-0.11057538713168891
1.6e-06,6e-08,8,0,0.0,1.590246901124249,0.5379452429767069
8e-07,5e-07,1,7,0.6,1.5882481467952454,0.8018875427271958
2e-07,4e-08,2,0,0.0,1.588065098804117,0.6408487616149641
2e-07,3e-08,2,0,0.0,1.588065098804117,0.6408487616149641
1e-07,5e-07,4,5,0.3,1.5864567800206637,-0.7081584023341532
1.6e-06,5e-07,2,2,0.3,1.5842452017260737,-0.7181354015082289
3e-06,4e-08,8,5,0.0,1.583522485851353,0.007624116968142802
3e-06,3e-08,8,5,0.0,1.583522485851353,0.007624116968142802
8e-07,5e-07,1,8,0.6,1.582815568087737,0.8116907538950235
2e-07,5e-07,4,5,0.3,1.5824918193273747,-0.6913732453779776
4e-07,4e-08,2,4,0.0,1.5807890822357202,-0.04955281476543816
4e-07,3e-08,2,4,0.0,1.5807890822357202,-0.04955281476543816
7.5e-07,6e-07,1,3,0.0,1.576725711370495,-0.28414595551081
3e-06,6e-08,8,0,0.0,1.576339893171623,0.20707593180030837
1e-07,3e-08,4,4,0.0,1.5736405474331205,-0.0042026139677674434
1e-07,4e-08,4,4,0.0,1.5736405474331205,-0.0042026139677674434
2e-07,1e-06,8,5,0.3,1.5731580742166367,-0.6854858236531454
2e-07,1e-06,8,2,0.3,1.5713584916882566,-0.6913940307987624
4e-07,5e-07,4,2,0.3,1.5694462610818822,-0.7284933141835379
2e-07,5e-07,1,0,0.3,1.5641426623829315,-0.11378874482120421
1.6e-06,4e-08,4,8,0.9,1.5638146768248233,0.04333560486431355
1.6e-06,3e-08,4,8,0.9,1.5638146768248233,0.04333560486431355
1e-07,1e-06,4,1,0.3,1.5581011315618432,-0.441380665907125
7.5e-07,5e-07,1,3,0.0,1.5580559525213382,-0.2598203916919799
1e-07,4e-08,8,7,0.9,1.5578495952725016,-0.06147798279584317
1e-07,3e-08,8,7,0.9,1.5578495952725016,-0.06147798279584317
1e-07,9e-08,1,9,0.6,1.5565829273616358,0.3157789597361537
1e-07,1e-06,2,0,0.3,1.5557003033453365,-0.12183181390120226
4e-07,2e-07,1,2,0.3,1.548550494919638,-0.6856903803042735
8e-07,3e-08,8,8,0.9,1.5481285892408658,0.040870738902186496
8e-07,4e-08,8,8,0.9,1.5481285892408658,0.040870738902186496
8e-07,1e-06,4,5,0.3,1.5453531872862627,-0.6955449392414605
1e-06,9e-07,1,3,0.0,1.5405067257011438,-0.27675316376932324
4e-07,5e-07,2,1,0.3,1.5403465510891994,-0.6341969372437899
4e-07,1e-06,8,8,0.6,1.539224524392753,0.8196565448360283
2e-07,5e-07,4,2,0.3,1.5374086356833476,-0.7019624151705142
4e-07,5e-07,4,5,0.3,1.5373237361071577,-0.6885563873698093
4e-07,3e-08,1,6,0.9,1.5366293009812548,-0.0901153308149086
4e-07,4e-08,1,6,0.9,1.5366293009812548,-0.0901153308149086
4e-07,1e-06,8,9,0.6,1.5348392268617688,0.8212115441328645
3e-06,5e-07,1,5,0.3,1.5343815427683372,-0.6608818444400697
1.6e-06,1e-06,4,2,0.3,1.5338933075021959,-0.7080704167536533
4e-07,1e-06,8,7,0.6,1.5325257358677695,0.807729569151364
1e-06,1e-06,1,3,0.0,1.5286380051516062,-0.24017960083096535
4e-07,2e-07,1,5,0.3,1.5285941838905341,-0.6795976552600803
5e-07,1e-06,2,3,0.0,1.5276752143022678,-0.29175198188743023
2.65e-06,1e-06,1,9,0.6,1.5270495737272602,0.8233031592181356
2e-07,5e-07,8,8,0.6,1.5253592630360235,0.8085508260578577
4e-07,1e-06,8,6,0.6,1.5242708432363703,0.6863018509653671
2e-07,5e-07,8,9,0.6,1.5240351863421653,0.813658284746471
2.65e-06,1e-06,1,7,0.6,1.5232169591110682,0.8217738041423353
8e-07,1e-06,4,8,0.6,1.5228238882624634,0.823224145228251
2e-07,5e-07,8,7,0.6,1.522705833388431,0.7889697884758851
4e-07,1e-06,2,0,0.3,1.5217587322433648,-0.1139467940402603
1e-07,6e-08,4,6,0.6,1.5206930873664355,-0.009781472218780785
8e-07,1e-06,4,9,0.6,1.520277230785707,0.822755891804746
8e-07,1e-06,4,7,0.6,1.5200444421300532,0.8179766845925858
2e-07,5e-07,8,6,0.6,1.5197686997860067,0.6822210696459302
1e-07,1e-06,8,2,0.3,1.519017527995779,-0.6904036049968904
1e-07,6e-08,4,7,0.6,1.5182598747196123,0.03075408880969316
2.65e-06,1e-06,1,8,0.6,1.5181997076187574,0.8245098327903375
2e-07,4e-08,4,4,0.0,1.5178137692726925,-0.012351323349044097
2e-07,3e-08,4,4,0.0,1.5178137692726925,-0.012351323349044097
4e-07,5e-07,1,0,0.3,1.5175872635152605,-0.1128192649793458
4e-07,1e-06,8,2,0.3,1.5161577339174068,-0.7115072176916794
8e-07,1e-06,1,4,0.3,1.5154716744036036,-0.719450913086154
1.6e-06,1e-06,2,1,0.3,1.5147338869706735,-0.6518884803107252
2e-07,2e-07,1,5,0.3,1.5143310599138031,-0.6492491344278426
8e-07,5e-07,4,2,0.3,1.5139079057566407,-0.704422318329043
1e-07,5e-07,4,2,0.3,1.5135346072813574,-0.6660242406979913
4e-07,2e-07,1,9,0.6,1.5126974557743726,0.6862809766081901
2.65e-06,1e-06,2,1,0.3,1.5121731462596257,-0.6808850664914328
1.6e-06,1e-06,2,9,0.6,1.511454677766889,0.82351485685699
8e-07,1e-06,4,6,0.6,1.5097113387204657,0.8490182578174637
4e-07,5e-07,4,9,0.6,1.508806123972616,0.8127154416300233
1e-07,5e-07,8,6,0.6,1.507687612060832,0.6799411283539947
1.6e-06,1e-06,2,8,0.6,1.5063703887420672,0.8237426447719293
1e-07,6e-08,8,8,0.6,1.5061173191172181,0.13508680934050593
4e-07,5e-07,4,8,0.6,1.5045978787991063,0.8098523868144718
1.6e-06,1e-06,2,7,0.6,1.503657373195257,0.8176422949358114
3e-06,5e-07,2,2,0.3,1.5026453315330648,-0.7255541590758708
4e-07,5e-07,4,7,0.6,1.5016218568499187,0.7984489000861518
4e-07,2e-07,1,8,0.6,1.5015763728380935,0.7103226180675047
2.65e-06,1e-06,1,6,0.6,1.4954709693765136,0.7363771981595866
8e-07,5e-07,2,9,0.6,1.4951844587282985,0.8123875375994701
7.5e-07,3e-07,1,3,0.0,1.4943556600399162,-0.3153134291483335
4e-07,2e-07,1,7,0.6,1.493784492333865,0.6456235435951796
1e-07,5e-07,2,1,0.3,1.4932024444013257,-0.5823710554930743
1.6e-06,5e-07,2,5,0.3,1.4917389772992213,-0.6722999553869093
2e-07,6e-08,4,6,0.6,1.4904112053193028,-0.02530293875835271
8e-07,5e-07,2,7,0.6,1.489130267503257,0.8083398803493558
1e-07,4e-08,2,0,0.0,1.4875313192249682,0.6415914764049626
1e-07,3e-08,2,0,0.0,1.4875313192249682,0.6415914764049626
1.6e-06,3e-08,1,4,0.0,1.4859133749819582,-0.007069223129025803
1.6e-06,4e-08,1,4,0.0,1.4859133749819582,-0.007069223129025803
8e-07,5e-07,2,8,0.6,1.485795754225514,0.8122648906803789
8e-07,4e-08,1,0,0.0,1.481720691860428,0.6524812751570739
8e-07,3e-08,1,0,0.0,1.481720691860428,0.6524812751570739
4e-07,5e-07,4,6,0.6,1.480775357177487,0.6797387251410116
1.6e-06,1e-06,2,6,0.6,1.4780462026006307,0.6819722435934403
8e-07,5e-07,2,6,0.6,1.4763188162528698,0.6752695285528253
1e-07,1e-06,2,4,0.3,1.4761310701947026,-0.6899877651686621
2e-07,1e-06,2,4,0.3,1.4760614210653216,-0.7208409206431411
1e-06,5e-07,1,3,0.0,1.4749960797113173,-0.2628679270704043
2.65e-06,1e-06,2,5,0.3,1.4737200835307447,-0.6627056650648644
1e-07,5e-07,1,0,0.3,1.47326823896808,-0.1103433412740641
4e-07,1e-06,8,5,0.3,1.4710119685327103,-0.7173541606920321
2e-07,4e-08,4,0,0.0,1.470143861482131,-0.04516184428050263
2e-07,3e-08,4,0,0.0,1.470143861482131,-0.04516184428050263
1e-07,2e-07,1,2,0.3,1.4655199555099754,-0.6428278120413395
8e-07,2e-07,1,2,0.3,1.4652691616053803,-0.6921054719539415
8e-07,3e-08,2,0,0.0,1.4644962173147535,0.03945652540434108
8e-07,4e-08,2,0,0.0,1.4644962173147535,0.03945652540434108
2e-07,2e-07,1,2,0.3,1.4644380909893844,-0.6373726203607429
1.6e-06,5e-07,1,9,0.6,1.464076169060527,0.813149255144085
2e-07,4e-08,2,6,0.9,1.463489518246121,-0.09091610468393989
2e-07,3e-08,2,6,0.9,1.463489518246121,-0.09091610468393989
1e-07,4e-08,2,8,0.6,1.4622683863542787,-0.09590636881315692
1e-07,3e-08,2,8,0.6,1.4622683863542787,-0.09590636881315692
1e-07,6e-08,1,9,0.6,1.4611363543825202,0.23385474567370368
8e-07,1e-06,4,1,0.3,1.4598233016319875,-0.6528542628728704
1.6e-06,5e-07,1,7,0.6,1.4597506630002548,0.8041258268240465
2.65e-06,1e-06,4,2,0.3,1.459161403057939,-0.7407300704157513
8e-07,5e-07,2,1,0.3,1.4585905901983645,-0.663715104185963
1.6e-06,5e-07,1,8,0.6,1.4575061544012182,0.8108210070183216
1e-07,6e-08,2,6,0.6,1.4478449677004832,-0.0012304570631983258
1.6e-06,4e-08,1,0,0.0,1.4430746855748473,-0.018592483555140316
1.6e-06,3e-08,1,0,0.0,1.4430746855748473,-0.018592483555140316
8e-07,2e-07,1,5,0.3,1.4428527379926015,-0.6841013103031912
3e-06,4e-08,4,8,0.9,1.442314956048286,0.04711783073666606
3e-06,3e-08,4,8,0.9,1.442314956048286,0.04711783073666606
4e-07,2e-07,1,6,0.6,1.4405442093030287,0.6479195630395016
3e-06,5e-07,1,1,0.3,1.4394120664222407,-0.664863546782548
2e-07,1e-06,2,0,0.3,1.438575739466955,-0.11858577246317696
1e-07,4e-08,2,7,0.6,1.438270226075462,0.0287184818533799
1e-07,3e-08,2,7,0.6,1.438270226075462,0.0287184818533799
2e-07,4e-08,1,8,0.6,1.4358057535789517,-0.08938878753480645
2e-07,3e-08,1,8,0.6,1.4358057535789517,-0.08938878753480645
1e-07,2e-07,1,5,0.3,1.435360812315037,-0.671301297403867
2.65e-06,1e-06,1,0,0.3,1.4349704387504698,-0.5070768980735026
1.6e-06,1e-06,4,5,0.3,1.4346821216986902,-0.6483003461006313
1e-07,6e-08,2,7,0.6,1.4315380936912872,0.012095345628451742
1.6e-06,5e-07,1,6,0.6,1.4310151201061418,0.6788872010537352
8e-07,3e-08,2,4,0.0,1.4307835418127668,-0.005344527141066147
8e-07,4e-08,2,4,0.0,1.4307835418127668,-0.005344527141066147
2e-07,9e-08,1,9,0.6,1.4289365200567057,0.3383121329286904
5e-07,3e-07,2,3,0.0,1.4264279645978637,-0.29193634592492756
1.6e-06,3e-08,1,7,0.9,1.4252391088845195,0.031134228156036226
1.6e-06,4e-08,1,7,0.9,1.4252391088845195,0.031134228156036226
4e-07,3e-08,4,0,0.0,1.424699598677965,0.05168358624540037
4e-07,4e-08,4,0,0.0,1.424699598677965,0.05168358624540037
1.6e-06,4e-08,2,0,0.0,1.4215336704463089,0.035997992665451894
1.6e-06,3e-08,2,0,0.0,1.4215336704463089,0.035997992665451894
2e-07,6e-08,8,7,0.6,1.4212635843101178,-0.06382777434330622
3e-06,4e-08,1,0,0.0,1.4201228044572647,0.2397554025526607
3e-06,3e-08,1,0,0.0,1.4201228044572647,0.2397554025526607
8e-07,1e-06,8,2,0.3,1.4188064489355692,-0.7206477670678213
4e-07,3e-08,4,7,0.9,1.415829505570534,0.01904494771912646
4e-07,4e-08,4,7,0.9,1.415829505570534,0.01904494771912646
1e-07,9e-08,2,9,0.6,1.415764920891618,0.31701109992704013
1e-07,9e-08,1,8,0.6,1.4150536095700237,0.28784888979944484
8e-07,5e-07,4,5,0.3,1.4149348231667913,-0.677247435752522
8e-07,4e-08,2,7,0.9,1.4148546036903404,0.017819248890679665
8e-07,3e-08,2,7,0.9,1.4148546036903404,0.017819248890679665
1e-06,6e-07,1,3,0.0,1.4124771302120647,-0.25223598133936564
4e-07,3e-08,2,0,0.0,1.4087155809342178,0.6442456128597137
4e-07,4e-08,2,0,0.0,1.4087155809342178,0.6442456128597137
1.6e-06,4e-08,8,8,0.9,1.4058625606814252,0.044759821126650154
1.6e-06,3e-08,8,8,0.9,1.4058625606814252,0.044759821126650154
1e-07,5e-07,1,4,0.3,1.40437007008526,-0.7030949912712139
1e-07,4e-08,4,0,0.0,1.4028330253241879,0.6425977615160424
1e-07,3e-08,4,0,0.0,1.4028330253241879,0.6425977615160424
2e-07,6e-08,2,6,0.6,1.4015241233770046,-0.009401938966399043
2e-07,9e-08,8,6,0.6,1.3998008343416106,0.0981904949314778
2e-07,1e-06,8,1,0.3,1.3971848136486025,-0.5961808372089693
2e-07,4e-08,8,7,0.9,1.3962933836271645,-0.016148412288862615
2e-07,3e-08,8,7,0.9,1.3962933836271645,-0.016148412288862615
1.6e-06,5e-07,2,1,0.3,1.3913442432652725,-0.6492449184789418
2e-07,5e-07,8,5,0.3,1.383939970883104,-0.7070138569685978
4e-07,4e-08,4,4,0.0,1.3837181739585203,-0.002636242517864207
4e-07,3e-08,4,4,0.0,1.3837181739585203,-0.002636242517864207
1e-06,3e-07,1,3,0.0,1.382735301526488,-0.30620860999401844
2e-07,5e-07,1,4,0.3,1.3820951627511895,-0.7139698702176671
1.6e-06,5e-07,4,2,0.3,1.381933781451679,-0.7076630647733115
1e-07,3e-08,4,6,0.9,1.378442037878574,-0.08708164943501544
1e-07,4e-08,4,6,0.9,1.378442037878574,-0.08708164943501544
8e-07,1e-06,8,8,0.6,1.3775019138402003,0.8224158665630804
2e-07,6e-08,8,6,0.6,1.3774539528108742,0.06929069936597915
8e-07,1e-06,2,0,0.3,1.3741470789872536,-0.11560896028763246
2.65e-06,1e-06,2,7,0.6,1.3731031832664065,0.8218553461539525
2e-07,9e-08,8,7,0.6,1.3717130696036093,0.10991606838843032
3e-06,9e-08,8,6,0.6,1.3708640115257367,-0.006012231185565486
2e-07,6e-08,8,8,0.6,1.370506216326548,-0.021866392450721972
8e-07,1e-06,8,9,0.6,1.3703712329454851,0.821980957665233
5e-07,5e-07,2,3,0.0,1.3693184067875213,-0.25502419293715284
8e-07,4e-08,4,0,0.0,1.3690530862449939,0.0031889920344821965
8e-07,3e-08,4,0,0.0,1.3690530862449939,0.0031889920344821965
1e-07,9e-08,8,7,0.6,1.3674829607084082,0.1668322254041777
2e-07,3e-08,8,0,0.0,1.3607140676642713,0.01646289102037035
2e-07,4e-08,8,0,0.0,1.3607140676642713,0.01646289102037035
2.65e-06,1e-06,2,9,0.6,1.3606093359232105,0.8239643112107649
2e-06,3e-07,1,3,0.0,1.358679995251518,-0.24207733430649903
2.65e-06,1e-06,2,6,0.6,1.3585632748115972,0.696916142895808
8e-07,9e-08,8,6,0.6,1.358316716245518,0.047759970227616466
8e-07,1e-06,8,7,0.6,1.3572389284031,0.8139271411465927
1.6e-06,2e-07,1,2,0.3,1.3570499648758696,-0.6806591558146344
4e-07,5e-07,8,9,0.6,1.3470179709026988,0.8126054751637906
1e-07,5e-07,8,5,0.3,1.3463219202113552,-0.6936364420091857
8e-07,1e-06,8,6,0.6,1.346118367530584,0.6786389036337388
1.5e-06,1e-06,1,3,0.0,1.344592091438632,-0.23285146255689004
7.5e-07,5e-07,2,3,0.0,1.3443548170990154,-0.23347601157774533
4e-07,5e-07,1,4,0.3,1.344114990102596,-0.7077285045869725
7.5e-07,3e-07,2,3,0.0,1.343297808682706,-0.26304933213935844
3e-06,3e-08,2,0,0.0,1.3413081715347857,0.020718119653099887
3e-06,4e-08,2,0,0.0,1.3413081715347857,0.020718119653099887
1.6e-06,1e-06,4,1,0.3,1.3395899041286274,-0.6640195266744455
1e-07,5e-07,2,0,0.3,1.3375004735469194,-0.11044545168431169
2.65e-06,1e-06,2,8,0.6,1.3358784866905458,0.823428833986288
2e-07,5e-07,8,2,0.3,1.3357838926563756,-0.6812663411484857
4e-07,5e-07,8,7,0.6,1.3357239491041233,0.8016156643038529
8e-07,1e-06,8,5,0.3,1.3339028578705727,-0.6738092947224026
2e-07,6e-08,1,9,0.6,1.3336556092843832,0.22810995304465537
1e-07,4e-08,8,4,0.0,1.3329677261217905,-0.0042889267616620375
1e-07,3e-08,8,4,0.0,1.3329677261217905,-0.0042889267616620375
4e-07,1e-06,2,4,0.3,1.3319068934045588,-0.7308188220995624
1.6e-06,1e-06,1,0,0.3,1.3308892959900909,-0.11524963430336999
1.5e-06,5e-07,1,3,0.0,1.3281795978088993,-0.24450992378868486
1e-07,3e-08,1,6,0.6,1.3274624346030142,-0.013811659640849294
1e-07,4e-08,1,6,0.6,1.3274624346030142,-0.013811659640849294
1e-07,6e-08,2,9,0.6,1.3274473218513065,0.2339144971610345
1.6e-06,1e-06,4,9,0.6,1.3265271478423168,0.8233325230523526
4e-07,6e-08,8,8,0.6,1.3260308757477515,-0.06389598297777588
8e-07,5e-07,4,9,0.6,1.3257878111115065,0.8117818082286519
4e-07,5e-07,8,8,0.6,1.3250910237553546,0.8094905202052168
4e-07,5e-07,8,2,0.3,1.3247275591585157,-0.6837983403259241
3e-06,9e-08,4,6,0.6,1.3233424271754521,0.12125870914180653
1.5e-06,3e-07,1,3,0.0,1.3232079697369445,-0.2624963141621658
1.6e-06,1e-06,4,7,0.6,1.3219609312158345,0.8171896509584179
4e-07,5e-07,4,1,0.3,1.3214503955730612,-0.3641434323570015
1e-06,3e-07,2,3,0.0,1.3206284248324822,-0.25574107023306025
8e-07,5e-07,4,7,0.6,1.3192286960027026,0.807399398677594
8e-07,5e-07,1,0,0.3,1.317635431342498,-0.11440725811107247
1.6e-06,1e-06,4,8,0.6,1.3163992821898236,0.8236071945056279
1e-07,9e-08,1,7,0.6,1.3160622154839348,0.1818626979583236
1.5e-06,6e-07,1,3,0.0,1.3154965169895292,-0.259464964021363
2e-07,5e-07,4,1,0.3,1.3123427202486428,-0.5989488343350008
8e-07,5e-07,4,8,0.6,1.3121852970264944,0.8126602861834155
1.6e-06,3e-08,4,0,0.0,1.3120858915397706,-0.0007799875020526592
1.6e-06,4e-08,4,0,0.0,1.3120858915397706,-0.0007799875020526592
1.5e-06,9e-07,1,3,0.0,1.3114907836581522,-0.25090724209580717
3e-06,9e-08,8,8,0.6,1.3113569544029091,-0.06419254263731616
2e-07,1e-06,4,0,0.3,1.3105355240922614,-0.11745083366448886
4e-07,3e-08,2,6,0.9,1.3090933324577079,-0.0900152610234328
4e-07,4e-08,2,6,0.9,1.3090933324577079,-0.0900152610234328
3e-06,5e-07,2,5,0.3,1.308784281318895,-0.6505775897555238
2e-07,9e-08,1,8,0.6,1.3087555873645011,0.2969440998098945
4e-07,4e-08,8,0,0.0,1.3069922069624453,0.03797198416859937
4e-07,3e-08,8,0,0.0,1.3069922069624453,0.03797198416859937
4e-07,5e-07,8,5,0.3,1.3041093196489906,-0.6940619885664004
1e-07,9e-08,2,8,0.6,1.3038750983459173,0.29002366780295225
4e-07,5e-07,8,6,0.6,1.3032608325295256,0.6802231825324434
8e-07,2e-07,1,9,0.6,1.302141486526836,0.6842991347636238
1e-07,6e-08,4,8,0.6,1.3020871152826883,0.1373923841970189
7.5e-07,1e-06,2,3,0.0,1.3007052341605905,-0.25884731608848
1e-07,9e-08,8,6,0.6,1.300680817262685,0.10777543249880803
1e-07,9e-08,4,9,0.6,1.3002172357767567,0.3161885060444515
1.6e-06,1e-06,1,4,0.3,1.2994587788857213,-0.7134857739510367
8e-07,6e-08,8,8,0.6,1.298866685401727,-0.08345304396143141
3e-06,4e-08,1,4,0.0,1.2973918843088437,-0.00822082257731005
3e-06,3e-08,1,4,0.0,1.2973918843088437,-0.00822082257731005
2e-07,5e-07,2,0,0.3,1.2966416868967383,-0.10874527571485473
4e-07,9e-08,8,7,0.6,1.2957859292775846,0.08179100315414109
1e-07,1e-06,8,1,0.3,1.2954528757034174,-0.7445644349067799
1.6e-06,2e-07,1,5,0.3,1.2953465794409484,-0.6378649244804839
4e-07,1e-06,8,1,0.3,1.295226824226036,-0.577853474612966
2e-07,6e-08,1,7,0.6,1.293385961460398,-0.0029977651293555396
3e-06,5e-07,1,7,0.6,1.2917990081729187,0.8101823995847071
2e-07,6e-08,2,7,0.6,1.2906462292094074,-0.004253021579223776
3e-06,5e-07,1,8,0.6,1.2904033485459923,0.8127196930025579
2e-07,9e-08,2,9,0.6,1.288488072725103,0.33988185924965914
8e-07,9e-08,8,7,0.6,1.287793355815859,0.03203852135934426
1.6e-06,4e-08,2,4,0.0,1.2866941093755782,-0.007581629480314267
1.6e-06,3e-08,2,4,0.0,1.2866941093755782,-0.007581629480314267
1.6e-06,1e-06,4,6,0.6,1.2866123338878572,0.8353813143509878
2.65e-06,1e-06,4,5,0.3,1.2864575009479817,-0.6566215459648512
2.65e-06,1e-06,4,1,0.3,1.2863053726989975,-0.6905300782499927
3e-06,9e-08,8,9,0.6,1.2859851836373115,0.05225642946622827
3e-06,6e-08,8,8,0.6,1.2855122764110678,-0.12234639969501282
8e-07,5e-07,4,6,0.6,1.2845866438752411,0.6786565736750776
1.6e-06,5e-07,2,9,0.6,1.2831387869598234,0.8127406788506599
4e-07,5e-07,2,0,0.3,1.2807703515890687,-0.10845134830020464
8e-07,5e-07,4,1,0.3,1.280355809843749,-0.6251446200636255
1.6e-06,5e-07,2,8,0.6,1.2800541714124558,0.8115905953235378
1e-07,4e-08,8,0,0.0,1.279696847108308,0.4133030203030411
1e-07,3e-08,8,0,0.0,1.279696847108308,0.4133030203030411
8e-07,3e-08,4,4,0.0,1.2791342716822214,-0.008328553675460815
8e-07,4e-08,4,4,0.0,1.2791342716822214,-0.008328553675460815
3e-06,5e-07,1,9,0.6,1.276920989869516,0.8149180876273
4e-07,6e-08,4,7,0.6,1.2762678743324503,-0.07046466859800679
1e-07,5e-07,8,2,0.3,1.2761628777899348,-0.6513609350498168
1e-06,5e-07,2,3,0.0,1.2734652456773639,-0.2324895201599274
1.6e-06,5e-07,4,5,0.3,1.2711950468878064,-0.6776174344073049
3e-06,9e-08,1,6,0.6,1.271022064017639,0.1673843820175429
2e-07,4e-08,8,4,0.0,1.2695987750246176,-0.009656415186753642
2e-07,3e-08,8,4,0.0,1.2695987750246176,-0.009656415186753642
4e-07,9e-08,4,7,0.6,1.2689442982305876,0.11081648022086626
3e-06,5e-07,2,1,0.3,1.2689283316315654,-0.6426270222724166
2e-07,9e-08,4,6,0.6,1.268568794931952,0.10216694772711038
1.6e-06,9e-08,8,6,0.6,1.2684510057208163,0.04598935426384365
2e-07,4e-08,1,7,0.6,1.268159998517373,-0.08033184033496149
2e-07,3e-08,1,7,0.6,1.268159998517373,-0.08033184033496149
3e-06,4e-08,1,7,0.9,1.2678831296054929,0.076648296395211
3e-06,3e-08,1,7,0.9,1.2678831296054929,0.076648296395211
4e-07,1e-06,4,0,0.3,1.267790779356186,-0.11412399734119172
2e-06,6e-07,1,3,0.0,1.2667230928960507,-0.22713679621210847
8e-07,9e-08,8,8,0.6,1.264931201017672,0.06512701873882576
3e-06,9e-08,4,8,0.6,1.2643848127566455,-0.001074636384322758
2.5e-06,3e-07,1,3,0.0,1.2630613467848142,-0.2517859310936347
4e-07,2e-07,1,1,0.3,1.2627191088446812,-0.5232317296285318
3e-06,3e-08,4,0,0.0,1.2609435045368504,-0.00213196746335953
3e-06,4e-08,4,0,0.0,1.2609435045368504,-0.00213196746335953
3e-06,9e-08,2,6,0.6,1.2601396650108039,0.09898212214976854
1.6e-06,1e-06,8,2,0.3,1.2590112765064938,-0.7054226391351388
8e-07,1e-06,8,1,0.3,1.25835048762834,-0.6592047610186236
3e-06,4e-08,8,7,0.9,1.258313256369218,-0.045719981931603024
3e-06,3e-08,8,7,0.9,1.258313256369218,-0.045719981931603024
2e-07,9e-08,4,7,0.6,1.25764995624104,0.21888841863850333
1.6e-06,5e-07,2,7,0.6,1.2570795470319367,0.8075111486240335
1.6e-06,3e-08,4,4,0.0,1.2569893359991688,-0.009034380242059825
1.6e-06,4e-08,4,4,0.0,1.2569893359991688,-0.009034380242059825
1.6e-06,5e-07,2,6,0.6,1.2544457166949488,0.6730066960384928
2e-07,9e-08,8,8,0.6,1.2537585432512781,0.28784119470194247
3e-06,4e-08,2,4,0.0,1.2532128420094903,-0.009645271346895079
3e-06,3e-08,2,4,0.0,1.2532128420094903,-0.009645271346895079
8e-07,2e-07,1,1,0.3,1.2513305070627503,-0.6426092850400035
3e-06,4e-08,8,8,0.9,1.2511753244838135,0.04313096221974494
3e-06,3e-08,8,8,0.9,1.2511753244838135,0.04313096221974494
4e-07,6e-08,4,8,0.6,1.251084214130819,0.1158543692539529
1.6e-06,9e-08,8,8,0.6,1.2509955846710619,-0.009515103819694115
1e-07,9e-08,8,8,0.6,1.2503945631172755,0.2881090815572093
3e-06,5e-07,1,6,0.6,1.2501575022863356,0.7355540444423863
2e-06,5e-07,1,3,0.0,1.2498042687388407,-0.23890821706446397
2.5e-06,3e-07,2,3,0.0,1.2484078050205387,-0.13837891315002837
8e-07,9e-08,4,6,0.6,1.2479924227193306,0.0837954936468791
8e-07,3e-08,1,6,0.9,1.2460539998802376,-0.06069126607309175
8e-07,4e-08,1,6,0.9,1.2460539998802376,-0.06069126607309175
8e-07,4e-08,8,4,0.0,1.2458776205824422,-0.008505071511716422
8e-07,3e-08,8,4,0.0,1.2458776205824422,-0.008505071511716422
8e-07,2e-07,1,8,0.6,1.2449594064431575,0.707146640186529
8e-07,6e-08,1,7,0.6,1.2448505775401202,-0.04866648048801098
1e-07,1e-06,4,0,0.3,1.2442717515891233,-0.12009215556651254
1.6e-06,3e-08,8,0,0.0,1.2435271899307403,0.0004749236115138
1.6e-06,4e-08,8,0,0.0,1.2435271899307403,0.0004749236115138
2.5e-06,5e-07,1,3,0.0,1.243139647576316,-0.21891086039402174
4e-07,9e-08,8,8,0.6,1.2424805224617743,0.2347096814370293
3e-06,4e-08,8,6,0.9,1.241712830244216,-0.06798802580045132
3e-06,3e-08,8,6,0.9,1.241712830244216,-0.06798802580045132
1e-07,9e-08,2,7,0.6,1.2388899383109333,0.1689579021642576
1.6e-06,6e-08,8,8,0.6,1.2358577922730494,0.18938647478192752
8e-07,3e-08,8,6,0.9,1.2358168464761268,-0.09228481095235974
8e-07,4e-08,8,6,0.9,1.2358168464761268,-0.09228481095235974
8e-07,4e-08,8,0,0.0,1.235163104819676,0.01330958866292875
8e-07,3e-08,8,0,0.0,1.235163104819676,0.01330958866292875
1e-07,9e-08,4,7,0.6,1.2342398769268035,0.14781027680947517
1e-07,3e-08,4,6,0.6,1.2340170422631975,0.011019756325150482
1e-07,4e-08,4,6,0.6,1.2340170422631975,0.011019756325150482
2e-07,4e-08,4,6,0.9,1.232463875815985,-0.08948165281590308
2e-07,3e-08,4,6,0.9,1.232463875815985,-0.08948165281590308
1.6e-06,3e-08,2,7,0.9,1.2321907952009954,0.04726183617496495
1.6e-06,4e-08,2,7,0.9,1.2321907952009954,0.04726183617496495
4e-07,9e-08,1,9,0.6,1.2308173946458838,0.3567354838293886
1e-07,4e-08,4,8,0.6,1.230368226062129,-0.047468257758082666
1e-07,3e-08,4,8,0.6,1.230368226062129,-0.047468257758082666
4e-07,3e-08,8,7,0.9,1.230320467184058,0.0015666539430001375
4e-07,4e-08,8,7,0.9,1.230320467184058,0.0015666539430001375
1e-07,9e-08,4,8,0.6,1.2296450031946116,0.28805900044922683
8e-07,5e-07,8,2,0.3,1.228613105802315,-0.70140540722408
3e-06,9e-08,8,7,0.6,1.227412549272606,0.1477074370162943
1e-07,5e-07,4,1,0.3,1.2271493510135252,-0.6688395196005517
4e-07,9e-08,8,6,0.6,1.2264785964332072,0.05299146744290964
5e-07,5e-07,4,3,0.0,1.226083626845822,-0.24372529335071713
2.5e-06,6e-07,1,3,0.0,1.225886660390395,-0.22895894673918338
2e-06,9e-07,1,3,0.0,1.2252438098468474,-0.24111737311079684
4e-07,6e-08,2,8,0.6,1.2250707626257227,0.12048469238773585
2e-06,1e-06,1,3,0.0,1.2244985524477507,-0.2243341832505863
1e-07,1e-06,8,0,0.3,1.2231629160585444,-0.11876139800087257
8e-07,4e-08,4,7,0.9,1.2225599019752509,0.010150598082592444
8e-07,3e-08,4,7,0.9,1.2225599019752509,0.010150598082592444
1e-07,6e-08,1,8,0.6,1.2205926339846904,0.137057596488616
2e-06,3e-07,4,3,0.0,1.21988355086989,-0.08588665717386496
2e-07,6e-08,1,6,0.6,1.2192735732782694,-0.002438634552116903
1e-07,9e-08,8,9,0.6,1.218898059144164,0.3158113949743782
2e-07,2e-07,1,1,0.3,1.2187839740397015,-0.5990105165447901
4e-07,4e-08,8,4,0.0,1.2186110811955833,-0.005032543052312377
4e-07,3e-08,8,4,0.0,1.2186110811955833,-0.005032543052312377
1e-07,6e-08,4,9,0.6,1.215769290722879,0.23413993426837157
8e-07,6e-08,8,6,0.6,1.2148558627603494,-0.06297544836513078
1.6e-06,1e-06,2,0,0.3,1.2139943485216427,-0.11202094053386524
3e-06,6e-08,4,8,0.6,1.2139634748676176,0.1801919387512551
1e-07,3e-08,8,6,0.6,1.2129100294441684,0.012736959071337012
1e-07,4e-08,8,6,0.6,1.2129100294441684,0.012736959071337012
3e-06,6e-08,8,7,0.6,1.211096611199881,-0.0820531952820634
1e-06,1e-06,2,3,0.0,1.2096336990290593,-0.23943083360258088
2e-06,3e-07,8,3,0.0,1.2082191367197082,-0.004905595379653516
3e-06,9e-08,2,7,0.6,1.207832603699809,0.026054170058963322
1.6e-06,9e-08,8,9,0.6,1.2074988690658013,0.09213282042399273
1e-07,6e-08,1,7,0.6,1.2074263602613404,0.05753387064632676
8e-07,6e-08,8,7,0.6,1.2072267143529931,-0.11299739873739417
2.5e-06,3e-07,4,3,0.0,1.2071366873681748,-0.06267695629897962
3e-06,6e-08,2,8,0.6,1.2059574796370942,-0.08321893133182034
4e-07,9e-08,4,6,0.6,1.2055976411833627,0.08385643352287292
1.6e-06,3e-08,8,6,0.9,1.20535709382373,0.07558834952345338
1.6e-06,4e-08,8,6,0.9,1.20535709382373,0.07558834952345338
1e-07,5e-07,8,0,0.3,1.2037659078703047,-0.10306657292710893
2e-07,5e-07,4,0,0.3,1.2033973786594254,-0.10905406332267473
3e-06,9e-08,2,8,0.6,1.2010781231873058,0.05512958973409521
2.5e-06,9e-07,1,3,0.0,1.2003401112647185,-0.21832146873941605
8e-07,2e-07,1,7,0.6,1.1993671589653723,0.6325336322661702
1.5e-06,1e-06,2,3,0.0,1.1982056070856228,-0.2029374949955971
3e-06,5e-07,1,0,0.3,1.1958113147142786,-0.5813892117293883
4e-07,6e-08,4,6,0.6,1.19580833492205,-0.0639798338463835
1e-07,4e-08,1,8,0.6,1.195548148220005,0.08746651163620311
1e-07,3e-08,1,8,0.6,1.195548148220005,0.08746651163620311
8e-07,5e-07,1,4,0.3,1.195335097041832,-0.709837800524354
1.6e-06,5e-07,4,1,0.3,1.1948311972787562,-0.6782861382444174
1.6e-06,2e-07,1,1,0.3,1.194515126987024,-0.6579599899840498
8e-07,9e-08,8,9,0.6,1.1944823399518163,0.29121198947868565
2e-07,9e-08,2,8,0.6,1.1943889757353827,0.29541499997952947
2.65e-06,1e-06,4,7,0.6,1.1935590649244925,0.8224243364064701
2.5e-06,3e-07,8,3,0.0,1.1932266916617806,-0.0033416345107753487
2e-07,4e-08,4,6,0.6,1.1931073077735834,-0.002381154913237038
2e-07,3e-08,4,6,0.6,1.1931073077735834,-0.002381154913237038
2.5e-06,5e-07,2,3,0.0,1.1918893302791687,-0.1150278396873059
8e-07,6e-08,2,8,0.6,1.1912881261805275,-0.041579202452243724
4e-07,6e-08,2,6,0.6,1.1909317953853442,0.05840047033289106
1.6e-06,6e-08,8,7,0.6,1.1878133411887024,-0.09908671882908546
2e-07,3e-08,8,6,0.6,1.1876352080639168,0.004554579126968883
2e-07,4e-08,8,6,0.6,1.1876352080639168,0.004554579126968883
1.6e-06,3e-08,4,6,0.9,1.1868662902301526,-0.0897782618153228
1.6e-06,4e-08,4,6,0.9,1.1868662902301526,-0.0897782618153228
8e-07,5e-07,8,5,0.3,1.1867682167577036,-0.6774714059272972
2.65e-06,1e-06,4,9,0.6,1.1865260459449711,0.8238587369131934
8e-07,1e-06,2,4,0.3,1.186168876650873,-0.7162746269108305
1e-07,6e-08,2,8,0.6,1.1856579272428702,0.1391544777135281
2e-07,9e-08,4,8,0.6,1.1845392349745354,0.29212083655940263
1.6e-06,1e-06,8,5,0.3,1.1838655049874809,-0.6616690596371295
1e-07,1e-06,4,4,0.3,1.1834575246619856,-0.7041436287993028
1e-07,9e-08,4,9,0.3,1.1823647034609492,0.011710855475578263
1.6e-06,9e-08,2,6,0.6,1.1821982797599024,0.15764261720035566
4e-07,6e-08,8,7,0.6,1.1821530988073659,0.09628805436424101
2.65e-06,1e-06,2,0,0.3,1.181299409102585,-0.7054563538778903
4e-07,6e-08,8,6,0.6,1.1801897260086613,-0.08677119160728466
1.6e-06,4e-08,8,7,0.9,1.178282177254596,-0.01717647027966461
1.6e-06,3e-08,8,7,0.9,1.178282177254596,-0.01717647027966461
8e-07,2e-07,1,6,0.6,1.177365778424285,0.651279637117667
2.5e-06,1e-06,1,3,0.0,1.175924072713344,-0.21828064284621662
1e-07,9e-08,2,8,0.3,1.1747636868653903,0.10333547065031101
2e-07,4e-08,4,8,0.6,1.1745850667515714,-0.11813975995804712
2e-07,3e-08,4,8,0.6,1.1745850667515714,-0.11813975995804712
2e-07,9e-08,2,7,0.6,1.1737502292531885,0.21793385467488344
1.6e-06,6e-08,2,8,0.6,1.173484921799377,-0.06505216856653659
8e-07,9e-08,4,7,0.6,1.1732052330759637,0.06830084238348838
8e-07,9e-08,2,6,0.6,1.1730677326899532,0.11264973988610552
2e-07,6e-08,1,8,0.6,1.1727043695085324,0.14672651661685743
2e-07,3e-08,2,8,0.6,1.1724674136108584,-0.04091316130040677
2e-07,4e-08,2,8,0.6,1.1724674136108584,-0.04091316130040677
3e-06,4e-08,4,4,0.0,1.17213549353513,-0.011324168930287426
3e-06,3e-08,4,4,0.0,1.17213549353513,-0.011324168930287426
3e-06,9e-08,4,7,0.6,1.1717499626343935,-0.05575458263530042
3e-06,9e-08,1,8,0.6,1.1696931191985962,0.13921954981896648
1e-07,3e-08,8,8,0.6,1.1692344383913267,-0.11421795001099169
1e-07,4e-08,8,8,0.6,1.1692344383913267,-0.11421795001099169
3e-06,5e-07,4,2,0.3,1.167644380567892,-0.6866362928708831
1.6e-06,1e-06,8,8,0.6,1.1657450468771253,0.8232629478688778
1.6e-06,9e-08,8,7,0.6,1.1650859247829306,-0.04754634533565544
8e-07,5e-07,8,8,0.6,1.1649483335221162,0.8114589100656175
3e-06,9e-08,2,9,0.6,1.1645123313318544,0.23048390447828893
3e-06,6e-08,4,7,0.6,1.1643814695982664,-0.11443746003704264
1e-07,4e-08,8,6,0.9,1.163589027656601,-0.0785154665262858
1e-07,3e-08,8,6,0.9,1.163589027656601,-0.0785154665262858
3e-06,3e-08,8,5,0.9,1.1628816131268287,-0.0629751861042172
3e-06,4e-08,8,5,0.9,1.1628816131268287,-0.0629751861042172
2.65e-06,1e-06,4,6,0.6,1.1612542736990825,0.6825464789772449
1.5e-06,5e-07,2,3,0.0,1.1605308604076943,-0.20067748977665933
5e-07,1e-06,4,3,0.0,1.159805402496711,-0.28399383895118235
4e-07,6e-08,1,6,0.6,1.159559313049892,-0.022300970689743682
1e-07,9e-08,2,6,0.6,1.158957843922687,0.11568683668960361
3e-06,9e-08,1,7,0.6,1.1589349383805474,0.06891324240520585
2e-06,3e-07,2,3,0.0,1.158756591058593,-0.1706401694949643
2e-07,2e-07,1,0,0.3,1.1582101504484101,-0.0670956745620453
8e-07,5e-07,8,9,0.6,1.1576030968879527,0.8124845669189201
1.6e-06,3e-08,8,4,0.0,1.157128595996727,-0.009119130072065773
1.6e-06,4e-08,8,4,0.0,1.157128595996727,-0.009119130072065773
5e-07,3e-07,4,3,0.0,1.15551580671479,-0.24801932179989367
4e-07,9e-08,1,5,0.3,1.1549382757493092,-0.043214559950278675
1.6e-06,1e-06,8,9,0.6,1.1545657293780627,0.8234051311400026
1e-07,2e-07,1,8,0.3,1.152889154295018,0.17908541300300618
1.6e-06,1e-06,8,7,0.6,1.151929195308007,0.8148308799091608
3e-06,6e-08,8,6,0.6,1.1499788073187702,-0.023178282182574145
1e-07,2e-07,1,9,0.3,1.1498789219489864,0.2592916734620532
2e-07,1e-06,8,0,0.3,1.1490547748538293,-0.11645815276931626
2e-07,9e-08,1,7,0.6,1.1490221291079998,0.19496551127071288
2e-07,6e-08,8,9,0.6,1.1467949087327103,0.21962886809258236
2e-07,9e-08,4,9,0.6,1.1457788919722103,0.3390070670591383
8e-07,5e-07,8,7,0.6,1.1449191131571086,0.8065165380762173
1.5e-06,3e-07,4,3,0.0,1.1430450377535055,-0.13100965902949008
3e-06,2e-07,1,2,0.3,1.1422906077358577,-0.6732170090991484
2e-07,4e-08,8,7,0.6,1.1422792250798943,-0.02826208753856632
2e-07,3e-08,8,7,0.6,1.1422792250798943,-0.02826208753856632
2.5e-06,5e-07,4,3,0.0,1.1414079949827127,-0.005040556763426074
3e-06,4e-08,8,0,0.0,1.1411385237689526,-0.008322985124958548
3e-06,3e-08,8,0,0.0,1.1411385237689526,-0.008322985124958548
1.6e-06,5e-07,1,0,0.3,1.140926057464378,-0.10836355143351067
1.6e-06,1e-06,8,6,0.6,1.1408587991188752,0.6754747072566512
3e-06,9e-08,4,9,0.6,1.1403545223405092,0.10535958283547753
3e-06,4e-08,4,7,0.9,1.1399234606599724,0.012947254762477586
3e-06,3e-08,4,7,0.9,1.1399234606599724,0.012947254762477586
2e-06,5e-07,4,3,0.0,1.1393091637468153,-0.026228663128742502
3e-06,4e-08,4,6,0.9,1.1393045822207661,0.05905219660920037
3e-06,3e-08,4,6,0.9,1.1393045822207661,0.05905219660920037
1e-07,9e-08,4,6,0.6,1.1389468683289607,0.11416954759875719
8e-07,9e-08,4,8,0.6,1.1389326033344689,0.11777938895124701
1.6e-06,6e-08,1,8,0.6,1.136358314632857,-0.04445338985594727
1.5e-06,3e-07,8,3,0.0,1.1358505955725788,-0.04462259357144549
2e-07,9e-08,2,6,0.6,1.1358347420240118,0.10313932057942232
2e-07,1e-06,4,4,0.3,1.1354843843468936,-0.7278698304577095
8e-07,5e-07,8,6,0.6,1.1346886063871175,0.676491219923555
1e-07,6e-08,1,5,0.3,1.1343469357426736,0.02797078166810596
3e-06,3e-08,8,8,0.6,1.1337514790444239,-0.02189852216066522
3e-06,4e-08,8,8,0.6,1.1337514790444239,-0.02189852216066522
1e-07,5e-07,4,0,0.3,1.1310043098480773,-0.1079049545832286
1.6e-06,3e-08,1,6,0.9,1.1305205226848973,-0.09578532946481744
1.6e-06,4e-08,1,6,0.9,1.1305205226848973,-0.09578532946481744
2.5e-06,5e-07,8,3,0.0,1.1303299645794693,0.10720208279323912
4e-07,9e-08,4,8,0.6,1.128937586548472,0.2902032757964648
1e-07,6e-08,2,8,0.3,1.128652668791297,0.010479511336087488
2e-07,3e-08,4,7,0.6,1.1278176321903122,-0.033823820218806866
2e-07,4e-08,4,7,0.6,1.1278176321903122,-0.033823820218806866
1e-07,4e-08,1,9,0.6,1.127661148415066,0.09256865083016137
1e-07,3e-08,1,9,0.6,1.127661148415066,0.09256865083016137
2.65e-06,1e-06,4,8,0.6,1.1257879297569326,0.8221970683978728
3e-06,6e-08,1,8,0.6,1.1248819309955844,-0.05972510437377629
4e-07,6e-08,1,7,0.6,1.1239154203118595,-0.042491198153083554
1.6e-06,6e-08,4,7,0.6,1.1229750200101212,-0.10594787513479667
1e-07,3e-08,8,7,0.6,1.122195635654207,-0.022020936193425267
1e-07,4e-08,8,7,0.6,1.122195635654207,-0.022020936193425267
1.5e-06,3e-07,2,3,0.0,1.122064197615774,-0.21377103929805236
8e-07,6e-08,1,8,0.6,1.122022377816009,0.055689484269768025
4e-07,6e-08,2,7,0.6,1.121853531915235,-0.05495746171881283
8e-07,6e-08,4,7,0.6,1.1208287009032154,0.05997614624332767
1.6e-06,6e-08,8,6,0.6,1.1197491317740846,-0.025629423259667106
8e-07,5e-07,2,0,0.3,1.1188237982733913,-0.1086932475286785
4e-07,9e-08,1,8,0.6,1.117956629013143,0.300702501972986
1e-07,9e-08,2,7,0.3,1.1174332462996097,0.08201821314983349
4e-07,3e-08,4,7,0.6,1.1172411170003935,-0.027145849046864012
4e-07,4e-08,4,7,0.6,1.1172411170003935,-0.027145849046864012
2e-06,5e-07,2,3,0.0,1.117092534079005,-0.15129122181851584
2.65e-06,1e-06,8,2,0.3,1.1158630893311692,-0.6899224847946618
1e-07,9e-08,1,6,0.6,1.1149172012279824,0.11627170944420076
1e-07,6e-08,8,9,0.6,1.114355945868613,0.22977882681585884
2e-07,6e-08,2,8,0.6,1.1119422934215148,0.14094020165212606
4e-07,3e-08,2,8,0.6,1.1107994486979027,-0.11127952517392631
4e-07,4e-08,2,8,0.6,1.1107994486979027,-0.11127952517392631
1.6e-06,6e-08,8,9,0.6,1.1104828131894589,-0.014858836539757836
2e-07,3e-08,8,8,0.6,1.1096104356184497,-0.11792964877129407
2e-07,4e-08,8,8,0.6,1.1096104356184497,-0.11792964877129407
1e-07,9e-08,1,9,0.3,1.1088751680070446,0.12955579482988278
2e-07,6e-08,2,9,0.6,1.1081632376980644,0.2263705173754501
2.65e-06,1e-06,1,4,0.3,1.1074850575463473,-0.7053698807679384
1.6e-06,9e-08,4,6,0.6,1.1055394747109204,0.3495529333143409
1.6e-06,5e-07,4,8,0.6,1.1055148458587973,0.8106587917029309
1.6e-06,9e-08,4,7,0.6,1.1042032765867624,0.010127189761383493
1e-07,6e-08,1,8,0.3,1.1039034905619802,0.06745779484302628
1e-07,9e-08,2,9,0.3,1.1008804515199977,0.06346528439675103
8e-07,6e-08,8,9,0.6,1.1002770526754637,0.0006435503474963022
1.6e-06,1e-06,8,1,0.3,1.0988332937190828,-0.6257795429655233
1.5e-06,5e-07,8,3,0.0,1.0986039348283967,0.0388357263293343
1.6e-06,9e-08,4,8,0.6,1.0976136767113323,0.043673209476561226
2e-06,5e-07,8,3,0.0,1.0973793129231535,0.08680883942140183
2e-07,3e-08,2,6,0.6,1.0965080544796957,-0.014781128992983117
2e-07,4e-08,2,6,0.6,1.0965080544796957,-0.014781128992983117
3e-06,3e-08,2,6,0.9,1.0962472037969289,-0.09692427979882962
3e-06,4e-08,2,6,0.9,1.0962472037969289,-0.09692427979882962
3e-06,6e-08,2,7,0.6,1.0955464108716058,-0.10386561045874043
1e-06,3e-07,4,3,0.0,1.0949125771728325,-0.19355722385120244
1e-07,9e-08,2,6,0.3,1.0932564767760051,0.081781152883173
1e-07,4e-08,2,6,0.6,1.0926851054026943,-0.02291831113981696
1e-07,3e-08,2,6,0.6,1.0926851054026943,-0.02291831113981696
3e-06,6e-08,8,9,0.6,1.0919461186565687,-0.037908159436672806
1e-07,3e-08,1,7,0.6,1.0915779182197909,-0.08690949367475043
1e-07,4e-08,1,7,0.6,1.0915779182197909,-0.08690949367475043
3e-06,3e-08,8,4,0.0,1.0903517755240626,-0.010768248060440189
3e-06,4e-08,8,4,0.0,1.0903517755240626,-0.010768248060440189
3e-06,5e-07,4,5,0.3,1.090336894908822,-0.618874888976223
4e-07,3e-08,8,6,0.9,1.0892577606043126,-0.024839654352306978
4e-07,4e-08,8,6,0.9,1.0892577606043126,-0.024839654352306978
7.5e-07,1e-06,4,3,0.0,1.0874026010701665,-0.23969758936545404
8e-07,3e-08,2,7,0.6,1.087270865978471,-0.013920919763570377
8e-07,4e-08,2,7,0.6,1.087270865978471,-0.013920919763570377
3e-06,3e-08,2,8,0.6,1.0872479958574346,-0.033838998386529984
3e-06,4e-08,2,8,0.6,1.0872479958574346,-0.033838998386529984
4e-07,5e-07,8,1,0.3,1.0867535410705138,-0.560543879403111
7.5e-07,3e-07,8,3,0.0,1.0866908650955975,-0.11630416977056063
1e-07,9e-08,1,0,0.3,1.0861642147540753,-0.15271902811434135
1.6e-06,9e-08,4,9,0.6,1.085002601189705,0.17965260013126644
8e-07,6e-08,4,6,0.6,1.0845460549669388,-0.08091178808712102
7.5e-07,5e-07,4,3,0.0,1.084097288089301,-0.19885259741632866
8e-07,1e-06,4,0,0.3,1.0828284896058327,-0.11518387747761771
1.6e-06,6e-08,4,8,0.6,1.082550304356117,-0.08770306737821737
8e-07,4e-08,2,6,0.9,1.0824111090793214,-0.06075691734636601
8e-07,3e-08,2,6,0.9,1.0824111090793214,-0.06075691734636601
1.6e-06,5e-07,4,7,0.6,1.0820861897452083,0.804387376796217
1e-07,3e-08,4,7,0.6,1.0815557118294448,-0.045717872713339464
1e-07,4e-08,4,7,0.6,1.0815557118294448,-0.045717872713339464
8e-07,9e-08,2,7,0.6,1.081109557130944,0.1915075381154887
3e-06,2e-07,1,5,0.3,1.0805581688953523,-0.613209890874214
8e-07,3e-08,2,8,0.6,1.0805203606915916,-0.08966346706144386
8e-07,4e-08,2,8,0.6,1.0805203606915916,-0.08966346706144386
1e-07,5e-07,2,4,0.3,1.0804904429591795,-0.7093977924337505
1e-07,9e-08,4,7,0.3,1.079979477747706,0.048766771473042536
3e-06,5e-07,2,8,0.6,1.078778398199922,0.8113457535892923
8e-07,6e-08,4,9,0.6,1.0780102579970234,0.14136283483419892
1.5e-06,5e-07,4,3,0.0,1.0763145853937153,-0.10293901552687923
1.6e-06,5e-07,4,9,0.6,1.076148535713385,0.813196904402772
2e-07,6e-08,4,8,0.6,1.075683334189594,0.08919716066074013
4e-07,6e-08,1,9,0.6,1.0719187298231145,0.2239457948405295
3e-06,4e-08,1,7,0.6,1.071485375729774,-0.0016309663130319174
3e-06,3e-08,1,7,0.6,1.071485375729774,-0.0016309663130319174
8e-07,6e-08,2,6,0.6,1.0707169104761702,-0.06420213314526299
1.6e-06,3e-08,1,8,0.6,1.0705711306636858,-0.06191467035174732
1.6e-06,4e-08,1,8,0.6,1.0705711306636858,-0.06191467035174732
3e-06,5e-07,2,6,0.6,1.0701083235662825,0.6929184749976118
1e-06,5e-07,4,3,0.0,1.0698791688716207,-0.1802341182459939
1e-07,9e-08,4,8,0.3,1.0691175490611025,0.06551461324708852
3e-06,5e-07,2,9,0.6,1.067880096868929,0.8135169014733007
8e-07,2e-07,1,0,0.3,1.0671051112583545,-0.06444608188356711
8e-07,3e-08,1,6,0.6,1.0659922060998475,-0.0038338544272973063
8e-07,4e-08,1,6,0.6,1.0659922060998475,-0.0038338544272973063
2e-07,3e-08,2,7,0.6,1.0656850401434403,-0.061651559712394166
2e-07,4e-08,2,7,0.6,1.0656850401434403,-0.061651559712394166
4e-07,9e-08,8,9,0.6,1.0654882734967361,0.3448880580688212
7.5e-07,3e-07,4,3,0.0,1.0636095066503999,-0.20935802003150522
3e-06,5e-07,2,7,0.6,1.0636089028662956,0.8126465684891641
1.6e-06,5e-07,4,6,0.6,1.0625555190052705,0.6735227564693737
8e-07,5e-07,8,1,0.3,1.061441638447226,-0.6409595664383343
4e-07,4e-08,4,6,0.6,1.0609361087163158,0.0025360000660165916
4e-07,3e-08,4,6,0.6,1.0609361087163158,0.0025360000660165916
3e-06,6e-08,2,6,0.6,1.0608881586179992,-0.03917415638916921
1.6e-06,5e-07,2,0,0.3,1.0599717084768305,-0.540618147545914
1e-07,6e-08,2,7,0.3,1.0598420639038908,0.11733471195048412
3e-06,4e-08,1,8,0.6,1.05943553300208,-0.04371347949539213
3e-06,3e-08,1,8,0.6,1.05943553300208,-0.04371347949539213
8e-07,6e-08,4,8,0.6,1.0572840080678712,-0.07043706440712999
3e-06,6e-08,1,7,0.6,1.0570683679646775,0.10637947290242655
3e-06,6e-08,2,9,0.6,1.0557677314834994,0.018838528562125867
2e-07,9e-08,1,6,0.6,1.0545562840311768,0.1071023195725953
3e-06,3e-08,2,7,0.9,1.0544672348245205,0.04502152502841589
3e-06,4e-08,2,7,0.9,1.0544672348245205,0.04502152502841589
4e-07,5e-07,4,0,0.3,1.053958524765973,-0.10583643337056742
1e-07,6e-08,1,6,0.6,1.0522712283102138,0.002256232053959528
4e-07,1e-06,8,0,0.3,1.0517913601932434,-0.11180504118328699
4e-07,4e-08,2,7,0.6,1.0517725962708542,-0.041472276467978686
4e-07,3e-08,2,7,0.6,1.0517725962708542,-0.041472276467978686
2e-07,6e-08,4,9,0.6,1.048044190465601,0.2236594194588034
3e-06,6e-08,8,5,0.9,1.0476207287727708,-0.16648478461845023
2e-06,1e-06,2,3,0.0,1.0476000717319027,-0.18684813557687519
4e-07,2e-07,1,0,0.3,1.0447812667956922,-0.3766111991476149
4e-07,4e-08,8,7,0.6,1.0444940538293057,-0.02005853643976116
4e-07,3e-08,8,7,0.6,1.0444940538293057,-0.02005853643976116
2e-07,3e-08,1,6,0.6,1.0443121381136475,-0.009599971646542388
2e-07,4e-08,1,6,0.6,1.0443121381136475,-0.009599971646542388
8e-07,4e-08,8,7,0.9,1.04420661977518,-0.021082790749887753
8e-07,3e-08,8,7,0.9,1.04420661977518,-0.021082790749887753
2e-07,5e-07,8,0,0.3,1.0426675316212546,-0.10386950802386913
8e-07,4e-08,8,8,0.6,1.0414205692785496,-0.03831072432572849
8e-07,3e-08,8,8,0.6,1.0414205692785496,-0.03831072432572849
1.6e-06,1e-06,4,0,0.3,1.0410536159318164,-0.6133964728170157
1e-07,5e-07,1,8,0.3,1.040688082878254,0.5309351287204027
1.6e-06,9e-08,2,8,0.6,1.0399611202028427,0.17626179611374745
1.6e-06,4e-08,2,8,0.6,1.039832280198975,-0.05123078860043073
1.6e-06,3e-08,2,8,0.6,1.039832280198975,-0.05123078860043073
2e-07,5e-07,8,1,0.3,1.0395083087795416,-0.5471352073488257
4e-07,4e-08,8,8,0.6,1.0393037180795663,-0.047705132349858154
4e-07,3e-08,8,8,0.6,1.0393037180795663,-0.047705132349858154
1e-07,9e-08,1,6,0.3,1.0390806086911393,0.13530523690715612
1e-07,9e-08,1,8,0.3,1.0379433884977227,0.08003613859763548
1e-06,3e-07,8,3,0.0,1.0377493820471542,-0.10533211035136159
3e-06,3e-08,4,8,0.6,1.0359812446651975,-0.024426573365881624
3e-06,4e-08,4,8,0.6,1.0359812446651975,-0.024426573365881624
3e-06,4e-08,8,7,0.6,1.034667664811828,-0.01096659339516387
3e-06,3e-08,8,7,0.6,1.034667664811828,-0.01096659339516387
1.6e-06,4e-08,2,6,0.9,1.0344549697588266,-0.09754994971096817
1.6e-06,3e-08,2,6,0.9,1.0344549697588266,-0.09754994971096817
1e-07,2e-07,1,7,0.3,1.0343501618588171,0.22421544348586453
1.6e-06,5e-07,8,2,0.3,1.033685214053491,-0.6799371700236869
4e-07,4e-08,8,6,0.6,1.0332188711866799,-0.004436397987359508
4e-07,3e-08,8,6,0.6,1.0332188711866799,-0.004436397987359508
1e-06,5e-07,8,3,0.0,1.031887080032909,-0.045541718552594146
2.65e-06,1e-06,8,5,0.3,1.0267147276923398,-0.619046121907273
8e-07,1e-06,8,0,0.3,1.0265418868341512,-0.4002039136384243
3e-06,6e-08,1,6,0.6,1.0249273190454864,-0.054986851175581775
8e-07,4e-08,4,6,0.9,1.0243969654435798,-0.043879153013351324
8e-07,3e-08,4,6,0.9,1.0243969654435798,-0.043879153013351324
3e-06,3e-08,2,7,0.6,1.0242694519956905,-0.001961975486836298
3e-06,4e-08,2,7,0.6,1.0242694519956905,-0.001961975486836298
2e-07,9e-08,8,9,0.6,1.0242558508180877,0.33747343710978134
1.6e-06,3e-08,4,7,0.9,1.0241119999710917,-0.011173752588717598
1.6e-06,4e-08,4,7,0.9,1.0241119999710917,-0.011173752588717598
1e-07,5e-07,4,8,0.3,1.023827506810596,0.04266566411928796
4e-07,3e-08,4,6,0.9,1.0231017239487117,-0.08766562994372483
4e-07,4e-08,4,6,0.9,1.0231017239487117,-0.08766562994372483
1.6e-06,9e-08,2,7,0.6,1.022485735560144,0.05724585745551952
3e-06,3e-08,4,7,0.6,1.0216372449815345,-0.00671110404794123
3e-06,4e-08,4,7,0.6,1.0216372449815345,-0.00671110404794123
1.6e-06,6e-08,4,6,0.6,1.0214372363111741,-0.049367565626609156
1e-07,9e-08,1,7,0.3,1.0209749582970031,0.0733661611325448
2e-07,5e-07,2,4,0.3,1.0207736259485654,-0.7076532225905467
8e-07,3e-08,8,7,0.6,1.0207690689597058,-0.012827849931350527
8e-07,4e-08,8,7,0.6,1.0207690689597058,-0.012827849931350527
1e-07,2e-07,1,0,0.3,1.020625502990372,-0.31729326779047057
8e-07,3e-08,1,8,0.6,1.020269339236692,-0.10855092485697679
8e-07,4e-08,1,8,0.6,1.020269339236692,-0.10855092485697679
4e-07,4e-08,4,8,0.6,1.0197058697064665,-0.07788983730652593
4e-07,3e-08,4,8,0.6,1.0197058697064665,-0.07788983730652593
1.6e-06,3e-08,8,8,0.6,1.0193397390640822,-0.026322052611963395
1.6e-06,4e-08,8,8,0.6,1.0193397390640822,-0.026322052611963395
3e-06,4e-08,1,6,0.9,1.0167703680638362,-0.09752479541559175
3e-06,3e-08,1,6,0.9,1.0167703680638362,-0.09752479541559175
4e-07,4e-08,1,7,0.6,1.0161021083007413,-0.04190042163512267
4e-07,3e-08,1,7,0.6,1.0161021083007413,-0.04190042163512267
1e-07,9e-08,1,2,0.3,1.01605150745734,-0.15011747286458704
8e-07,5e-07,4,0,0.3,1.0151493096719626,-0.1065046483148637
1e-07,5e-07,1,9,0.3,1.0144239095411425,0.5388439730723903
8e-07,9e-08,1,6,0.6,1.0143482499822727,0.13415009096009559
4e-07,9e-08,2,6,0.6,1.0140220892959406,0.09512303054397273
2e-07,6e-08,1,9,0.3,1.012562501210525,0.17115100352347956
4e-07,5e-07,2,4,0.3,1.0121101390398322,-0.6997411009768396
1e-07,9e-08,2,5,0.3,1.0113359513990248,-0.025899505813235857
2.65e-06,1e-06,8,1,0.3,1.009505171522387,-0.6635482927041003
1e-07,1e-06,4,8,0.3,1.0075809852722137,0.3820194381944131
1e-07,2e-07,1,1,0.3,1.0074456309412625,-0.5162972613618365
3e-06,5e-07,4,1,0.3,1.0068150901683883,-0.6642429436844264
4e-07,6e-08,8,9,0.6,1.0066963575940062,0.017446291741632564
8e-07,4e-08,4,7,0.6,1.006511581518221,-0.013093887524043085
8e-07,3e-08,4,7,0.6,1.006511581518221,-0.013093887524043085
1.6e-06,4e-08,8,7,0.6,1.0062677781126936,-0.010768434228649842
1.6e-06,3e-08,8,7,0.6,1.0062677781126936,-0.010768434228649842
3e-06,6e-08,4,9,0.6,1.005912712362677,-0.010092581205944584
2.65e-06,1e-06,8,7,0.6,1.0055026029557532,0.8204874104901673
4e-07,9e-08,2,7,0.6,1.0043260001719434,0.2083936077827328
4e-07,6e-08,1,5,0.3,1.0017965275023677,0.011762489027211664
1e-07,5e-07,2,8,0.3,1.0010931717784128,0.3040908131591975
2.65e-06,1e-06,8,6,0.6,1.0009380312015892,0.6972349471118462
8e-07,3e-08,8,6,0.6,1.0009252391299874,-0.0008060578801142304
8e-07,4e-08,8,6,0.6,1.0009252391299874,-0.0008060578801142304
1e-07,9e-08,8,9,0.3,1.000489313131305,0.037642112085819246
8e-07,4e-08,4,8,0.6,1.0002303826400367,-0.05511408063208967
8e-07,3e-08,4,8,0.6,1.0002303826400367,-0.05511408063208967
1.6e-06,3e-08,4,8,0.6,0.9988341913273897,-0.035650560666392134
1.6e-06,4e-08,4,8,0.6,0.9988341913273897,-0.035650560666392134
1e-07,5e-07,2,9,0.3,0.9985872221131382,0.33076879711572527
2e-07,5e-07,2,9,0.3,0.9979436800386772,0.048950961178596986
4e-07,1e-06,4,4,0.3,0.9974730391717962,-0.6983838991520127
3e-06,2e-07,1,1,0.3,0.9960050302634571,-0.6393879742900918
7.5e-07,5e-07,8,3,0.0,0.9959839468264866,-0.07435089774150705
1e-07,6e-08,1,7,0.3,0.9939443384626134,0.13591064369226286
1.6e-06,5e-07,1,4,0.3,0.9937952135341697,-0.6819535685502841
1e-07,1e-06,4,9,0.3,0.9921074117809028,0.3607262942226841
3e-06,5e-07,8,8,0.6,0.9920842982065043,0.8019912908514657
3e-06,6e-08,1,9,0.6,0.9920593114092231,0.046526309145088623
1e-07,9e-08,8,8,0.3,0.9916793903257792,-0.010577618313893034
2.65e-06,1e-06,8,8,0.6,0.9915745143071357,0.8213288394658956
1.6e-06,6e-08,1,7,0.6,0.9883140889828292,-0.07008097273217345
4e-07,4e-08,2,6,0.6,0.9882140891897004,-0.005809877953078385
4e-07,3e-08,2,6,0.6,0.9882140891897004,-0.005809877953078385
8e-07,9e-08,1,5,0.3,0.9877861082721555,-0.026131002437191242
1e-07,1e-06,8,8,0.3,0.9866109207982285,0.04461059913311283
1.6e-06,6e-08,2,6,0.6,0.9862344439833578,-0.058714517729637206
4e-07,9e-08,4,9,0.6,0.9855747363275604,0.3526608301139894
1.6e-06,5e-07,8,6,0.6,0.9843995286712481,0.664149882156308
3e-06,4e-08,8,0,0.9,0.9832651626745811,-0.10640328172517832
3e-06,3e-08,8,0,0.9,0.9832651626745811,-0.10640328172517832
1.6e-06,2e-07,1,8,0.6,0.9804002067315306,0.700304927372542
1.6e-06,3e-08,1,7,0.6,0.980037937813519,-0.010578756813965445
1.6e-06,4e-08,1,7,0.6,0.980037937813519,-0.010578756813965445
1.6e-06,6e-08,2,9,0.6,0.9797408066045381,0.060049510946579565
3e-06,5e-07,4,6,0.6,0.9788181359642033,0.782473417076456
2e-07,9e-08,1,9,0.3,0.977630814072808,0.03135449377412658
8e-07,4e-08,4,6,0.6,0.9767923353939045,0.00032418592225552656
8e-07,3e-08,4,6,0.6,0.9767923353939045,0.00032418592225552656
1.6e-06,5e-07,8,7,0.6,0.9767558067936454,0.7980816217458335
1.6e-06,5e-07,8,8,0.6,0.9765658936917504,0.8086375795411144
1.6e-06,5e-07,8,9,0.6,0.9762375872083039,0.8118022325950672
1.6e-06,9e-08,2,9,0.6,0.9760933800256592,0.359164558154729
1.6e-06,2e-07,1,0,0.3,0.9760568922785792,-0.5648411207759174
4e-07,6e-08,1,8,0.6,0.9757382011730451,0.13718414594857298
1e-07,1e-06,8,9,0.3,0.9756102866825713,0.04406492862100686
4e-07,9e-08,1,7,0.6,0.9753966354392766,0.23004609054654424
3e-06,5e-07,4,8,0.6,0.974860883804036,0.8091785371029905
2.5e-06,1e-06,2,3,0.0,0.9743446569093868,-0.179418354574154
5e-07,3e-07,8,3,0.0,0.9740830901531791,-0.18393658519389733
1.6e-06,3e-08,2,7,0.6,0.9737192387465201,-0.010610687651896489
1.6e-06,4e-08,2,7,0.6,0.9737192387465201,-0.010610687651896489
4e-07,3e-08,1,8,0.6,0.9736407455315506,-0.10014798356594766
4e-07,4e-08,1,8,0.6,0.9736407455315506,-0.10014798356594766
2e-07,6e-08,1,8,0.3,0.9732599615950408,0.06682654337156824
8e-07,6e-08,2,7,0.6,0.9730231933404372,-0.08659217834649818
1.6e-06,4e-08,4,7,0.6,0.9718046756796281,-0.009743361856789229
1.6e-06,3e-08,4,7,0.6,0.9718046756796281,-0.009743361856789229
1.6e-06,5e-07,8,5,0.3,0.9702054394497704,-0.6386876092491331
1.6e-06,1e-06,2,4,0.3,0.9698293112037929,-0.6828247156628909
2e-07,3e-08,8,6,0.9,0.9696054575903851,-0.08017397057664352
2e-07,4e-08,8,6,0.9,0.9696054575903851,-0.08017397057664352
1.6e-06,6e-08,2,7,0.6,0.968311657607131,-0.027231154460379353
8e-07,6e-08,1,5,0.3,0.9673309479020359,0.01978711724530602
1e-07,1e-06,2,8,0.3,0.9672636126867141,0.5643775789416934
1.6e-06,2e-07,1,6,0.6,0.9652070463127519,0.6419054133848557
1e-06,1e-06,4,3,0.0,0.9648217280941592,-0.20753456214506272
8e-07,4e-08,2,6,0.6,0.9620285688268149,-0.00012316672149761954
8e-07,3e-08,2,6,0.6,0.9620285688268149,-0.00012316672149761954
1e-07,9e-08,8,7,0.3,0.9619852294189315,0.040842896998935174
2e-07,5e-07,1,9,0.3,0.9619608499039745,0.3111076491471749
2.65e-06,1e-06,8,9,0.6,0.9612811738310427,0.8224413972749317
1e-07,5e-07,4,9,0.3,0.9596693135911654,0.03609849113854069
1.6e-06,2e-07,1,9,0.6,0.9594687142520621,0.6939337365846375
1e-07,1e-06,2,9,0.3,0.9588006708104662,0.5145004470078358
1e-07,5e-07,8,8,0.3,0.9560046512012157,0.19297450831907004
4e-07,9e-08,2,8,0.6,0.9557108369337364,0.29650753599862156
1.6e-06,4e-08,2,6,0.6,0.9556415300306151,0.001515869043661966
1.6e-06,3e-08,2,6,0.6,0.9556415300306151,0.001515869043661966
3e-06,6e-08,4,6,0.6,0.9547686207474045,-0.02257585616299948
2e-07,2e-07,1,9,0.3,0.9543681827464457,0.018178361369561857
3e-06,9e-08,8,5,0.9,0.9541963918438334,-0.1368788079381047
3e-06,4e-08,1,6,0.6,0.9509380696217382,-0.00047326903425720657
3e-06,3e-08,1,6,0.6,0.9509380696217382,-0.00047326903425720657
8e-07,4e-08,1,7,0.6,0.950205462859406,-0.022844473183091407
8e-07,3e-08,1,7,0.6,0.950205462859406,-0.022844473183091407
1.6e-06,9e-08,1,6,0.6,0.9486053210963469,0.18082804102354055
1e-07,6e-08,8,7,0.3,0.9481546950207733,0.13591198561683476
3e-06,2e-07,1,9,0.6,0.9477311310799259,0.684276296681243
1e-07,5e-07,8,1,0.3,0.9472114125516178,-0.560036045838722
3e-06,5e-07,8,6,0.6,0.9470546088129017,0.7070053444987645
1.6e-06,2e-07,1,7,0.6,0.9467370770498345,0.607438922288721
1e-07,6e-08,8,8,0.3,0.9459621118342438,-0.0003285128593456532
8e-07,9e-08,4,9,0.6,0.9435536595632698,0.3454871206085575
4e-07,6e-08,4,9,0.6,0.9430972888181459,0.20962405502966278
3e-06,5e-07,4,9,0.6,0.9398643981873931,0.8133766897987871
4e-07,5e-07,8,0,0.3,0.9384568287787982,-0.5387544675873116
3e-06,3e-08,8,7,0.0,0.9384345902255605,-0.05646639418757893
3e-06,4e-08,8,7,0.0,0.9384345902255605,-0.05646639418757893
8e-07,9e-08,2,8,0.6,0.9380428242417154,0.2689601492852476
1e-07,9e-08,2,2,0.3,0.9377880989829978,-0.08002007845928011
1e-07,6e-08,2,9,0.3,0.9348465666372526,0.07682098315372521
1.6e-06,3e-08,1,6,0.6,0.9348026063921882,-0.0017546690888270433
1.6e-06,4e-08,1,6,0.6,0.9348026063921882,-0.0017546690888270433
1.6e-06,6e-08,4,9,0.6,0.9344174803044492,0.001773174001143074
2e-07,5e-07,1,8,0.3,0.9334738975854424,0.2643424714840763
8e-07,9e-08,1,9,0.6,0.9327568921320625,0.3658193386284906
3e-06,5e-07,4,7,0.6,0.9315140226334808,0.8086844112750063
2e-07,1e-06,2,8,0.3,0.9302025738918633,0.3574733257386946
5e-07,5e-07,8,3,0.0,0.9299581011589968,-0.17384221107479614
1e-07,6e-08,4,9,0.3,0.9297334176552349,0.09598202760836183
4e-07,3e-08,1,6,0.6,0.9297113679423802,0.0014077096781964227
4e-07,4e-08,1,6,0.6,0.9297113679423802,0.0014077096781964227
3e-06,5e-07,8,7,0.6,0.9293297761036285,0.7921471362388317
2e-06,1e-06,4,3,0.0,0.9290970723799269,-0.07778463037329153
3e-06,9e-08,1,9,0.6,0.9290678154047504,0.3791641441137427
3e-06,2e-07,1,6,0.6,0.9282155120751044,0.6326724930112866
2e-07,1e-06,4,9,0.3,0.9279490790096572,0.041488042211371035
3e-06,2e-07,1,7,0.6,0.9279453481154686,0.6111264344340865
2.65e-06,1e-06,4,0,0.3,0.92771824099238,-0.5723809868184675
3e-06,5e-07,2,0,0.3,0.9257024525037487,-0.7358863151673602
1e-07,3e-08,2,9,0.6,0.9253519440155957,0.0933391556639783
1e-07,4e-08,2,9,0.6,0.9253519440155957,0.0933391556639783
1.6e-06,3e-08,8,6,0.6,0.9250904430448106,-0.005176625102764454
1.6e-06,4e-08,8,6,0.6,0.9250904430448106,-0.005176625102764454
3e-06,3e-08,2,6,0.6,0.9247694358400891,-0.0034290651230267644
3e-06,4e-08,2,6,0.6,0.9247694358400891,-0.0034290651230267644
3e-06,4e-08,8,8,0.0,0.922560779932307,-0.059704566635600975
3e-06,3e-08,8,8,0.0,0.922560779932307,-0.059704566635600975
1.6e-06,5e-07,8,1,0.3,0.9206330448521018,-0.6132847343490229
8e-07,9e-08,1,7,0.6,0.92011300745738,0.1662974779859376
3e-06,3e-08,8,6,0.6,0.9194758250861602,-0.012924133904870488
3e-06,4e-08,8,6,0.6,0.9194758250861602,-0.012924133904870488
1e-07,6e-08,2,6,0.3,0.9194224759772893,0.12774425098877373
1e-07,5e-07,2,7,0.3,0.9178099586667245,0.3918479096513913
1e-07,5e-07,4,6,0.3,0.9171395865016475,0.08323030433166045
3e-06,5e-07,8,9,0.6,0.9159673692269639,0.8089117356527267
2.5e-06,1e-06,4,3,0.0,0.9158250578581357,-0.054115139685408264
1e-07,9e-08,4,6,0.3,0.9158014537539912,0.05661641810063489
2e-07,1e-06,2,9,0.3,0.9154693770396785,0.3218959440043379
1e-07,5e-07,1,7,0.3,0.9120468142661897,0.5263965132868955
1.6e-06,4e-08,4,6,0.6,0.9108059528537966,0.0009658947686017327
1.6e-06,3e-08,4,6,0.6,0.9108059528537966,0.0009658947686017327
2e-07,9e-08,4,8,0.3,0.9107071515367979,0.03958895723513933
1e-07,6e-08,4,7,0.3,0.9106236604501387,0.08825755240613731
1e-07,5e-07,8,9,0.3,0.9100070473489501,0.15784174740118562
1e-07,1e-06,8,7,0.3,0.907022779232288,0.0653595612015474
2e-07,3e-08,1,9,0.6,0.906332160549767,0.09725506875111374
2e-07,4e-08,1,9,0.6,0.906332160549767,0.09725506875111374
4e-07,9e-08,2,9,0.6,0.9060550987279388,0.35350611665787973
8e-07,5e-07,8,0,0.3,0.905561961368039,-0.5367936271483703
1e-07,1e-06,4,7,0.3,0.9027585614290825,0.4269704561589031
3e-06,3e-08,8,6,0.0,0.9005759211745932,0.0867300542329199
3e-06,4e-08,8,6,0.0,0.9005759211745932,0.0867300542329199
8e-07,9e-08,1,8,0.6,0.9002381803913263,0.29485033473763916
1e-07,1e-06,2,7,0.3,0.8991328072131803,0.5401572725630595
1e-07,5e-07,8,6,0.3,0.8987648829315857,-0.002188957558064031
3e-06,3e-08,8,8,0.3,0.8986128607312652,-0.3206291941923491
3e-06,4e-08,8,8,0.3,0.8986128607312652,-0.3206291941923491
1e-07,5e-07,2,6,0.3,0.8981764519371662,0.46394180874619523
3e-06,4e-08,8,7,0.3,0.8974231929794293,0.22743103665152342
3e-06,3e-08,8,7,0.3,0.8974231929794293,0.22743103665152342
8e-07,9e-08,2,9,0.6,0.8948275694162812,0.36195662578473276
1e-07,5e-07,4,7,0.3,0.89387343501521,0.048235124673120966
3e-06,4e-08,4,6,0.6,0.8935280244867598,-0.007209724514027155
3e-06,3e-08,4,6,0.6,0.8935280244867598,-0.007209724514027155
8e-07,5e-07,2,4,0.3,0.8922846007305759,-0.7043578828258136
5e-07,1e-06,8,3,0.0,0.8919298579754553,-0.25795300493652623
4e-07,3e-08,2,9,0.6,0.8917697076843499,-0.09271124971913688
4e-07,4e-08,2,9,0.6,0.8917697076843499,-0.09271124971913688
1e-07,5e-07,1,6,0.3,0.8910884837791787,0.5687526046487257
4e-07,6e-08,2,9,0.6,0.8903145085881732,0.2191552405906802
2.5e-06,1e-06,8,3,0.0,0.8899701310628281,0.11125054684782021
8e-07,6e-08,1,6,0.6,0.8896116249198049,0.1180385647329229
8e-07,1e-06,4,4,0.3,0.8878340370061037,-0.6942140471295133
1.6e-06,4e-08,8,5,0.9,0.8867199943742236,-0.03843604052674038
1.6e-06,3e-08,8,5,0.9,0.8867199943742236,-0.03843604052674038
1e-07,1e-06,8,4,0.3,0.8856587815107589,-0.6893132617612809
2e-07,9e-08,2,2,0.3,0.8841150972247946,-0.037347752991977234
3e-06,2e-07,1,8,0.6,0.8828918692694326,0.6870407641684059
1e-07,3e-08,1,1,0.3,0.8828781433640145,0.06383448841031947
1e-07,4e-08,1,1,0.3,0.8828781433640145,0.06383448841031947
1e-07,5e-07,8,7,0.3,0.8826878470350439,-0.002105803306966858
4e-07,6e-08,4,1,0.3,0.8825468149539317,0.06914926249067455
1e-07,1e-06,8,6,0.3,0.8821120993709691,0.7452503437057706
2e-07,2e-07,1,7,0.3,0.8809206543004494,0.36089207390520456
2e-07,1e-06,8,9,0.3,0.8801202134191396,0.12223305789691719
8e-07,6e-08,1,9,0.6,0.8777980753217138,0.22656799508501152
1e-07,6e-08,4,8,0.3,0.8725102755578691,0.0506494856456029
2e-07,9e-08,1,5,0.3,0.8722150542390603,-0.13515107334509002
3e-06,5e-07,8,2,0.3,0.8706862771659379,-0.6762553167284967
1.6e-06,5e-07,4,0,0.3,0.8702318205524119,-0.6130823027891269
2e-07,2e-07,1,8,0.3,0.8698011722200214,0.5963359951213331
3e-06,4e-08,4,5,0.9,0.868845321272215,-0.03600606500583742
3e-06,3e-08,4,5,0.9,0.868845321272215,-0.03600606500583742
8e-07,6e-08,2,9,0.6,0.8685746443434408,0.20380483696453794
2e-07,9e-08,1,8,0.3,0.8667480155602917,0.07778404098918978
1e-07,6e-08,8,9,0.3,0.8650675591140382,0.14741848288330128
2e-07,1e-06,8,8,0.3,0.8649835230304095,0.17304681887290652
1e-07,1e-06,1,8,0.3,0.8644833577673386,0.736824236633774
1.6e-06,9e-08,1,7,0.6,0.8641546558940103,0.08709142715194956
1.6e-06,1e-06,8,0,0.3,0.8640308987834437,-0.4937053145724749
2e-07,9e-08,4,7,0.3,0.8632200168419644,-0.006369385167034114
2e-07,1e-06,2,7,0.3,0.8628564137560428,0.41154400816249354
3e-06,6e-08,8,0,0.9,0.8625832187395768,-0.1527249474228341
1.6e-06,9e-08,1,9,0.6,0.8623465926909916,0.36760841993475846
2e-07,3e-08,1,1,0.3,0.8602589902035757,0.06556913922363117
2e-07,4e-08,1,1,0.3,0.8602589902035757,0.06556913922363117
3e-06,4e-08,8,4,0.9,0.8590720396241748,-0.017898712033515618
3e-06,3e-08,8,4,0.9,0.8590720396241748,-0.017898712033515618
2e-07,5e-07,1,7,0.3,0.8590299215338077,0.3292120986379345
2e-07,1e-06,8,4,0.3,0.8576358505833721,-0.6951842573068843
1e-07,1e-06,1,7,0.3,0.8573196748994103,0.6682423038900893
4e-07,3e-08,4,9,0.6,0.8566639624622008,-0.09637034841524325
4e-07,4e-08,4,9,0.6,0.8566639624622008,-0.09637034841524325
2e-07,1e-06,4,7,0.3,0.856578081172651,0.05917880196681036
2e-07,9e-08,2,7,0.3,0.855621944578518,0.023679049369522698
2e-07,9e-08,2,8,0.3,0.8552341286795443,0.012751990431666416
1e-07,2e-07,1,6,0.3,0.8539068906322307,0.18061333092464749
1.5e-06,1e-06,4,3,0.0,0.853070166111294,-0.1663573057186587
4e-07,9e-08,1,6,0.6,0.8524891530088169,0.10394720765424548
2e-06,1e-06,8,3,0.0,0.8521157957923187,0.044390770372694455
2e-07,5e-07,2,8,0.3,0.852113294339218,0.03097320100266987
2e-07,5e-07,8,8,0.3,0.8512748194019544,-0.009815739576776505
1e-07,1e-06,1,9,0.3,0.8506171932335477,0.7472697457074967
2e-07,5e-07,2,6,0.3,0.8493222326745411,0.5197269059644892
2e-07,1e-06,4,8,0.3,0.8484437845542316,0.042410186873541034
2e-07,5e-07,4,8,0.3,0.8462833271645718,0.31688661255678174
2e-07,5e-07,4,6,0.3,0.8458931399513935,-0.0009266679728040517
3e-06,4e-08,8,2,0.9,0.8448287833475904,-0.029635926969017456
3e-06,3e-08,8,2,0.9,0.8448287833475904,-0.029635926969017456
2e-07,5e-07,4,7,0.3,0.8443543240766225,-0.0025208250444321845
2e-07,5e-07,1,6,0.3,0.8436655688033413,0.4361212177955243
3e-06,3e-08,8,5,0.6,0.8435077707163137,0.18023033275083444
3e-06,4e-08,8,5,0.6,0.8435077707163137,0.18023033275083444
2e-07,1e-06,1,9,0.3,0.8405784071674403,0.4961758612523491
3e-06,6e-08,8,7,0.0,0.839651530329444,0.08172961303355386
2e-07,9e-08,8,7,0.3,0.8391367441678277,0.005528620416439312
1e-07,6e-08,1,9,0.3,0.8370761752802258,0.06606323265235192
2e-07,6e-08,4,7,0.3,0.8367537145405317,0.08328408864418863
8e-07,6e-08,1,2,0.3,0.8356118353670154,0.03296018408546919
1.6e-06,6e-08,1,9,0.6,0.8353937162146952,0.22493982124415057
4e-07,4e-08,1,1,0.3,0.8339896316568354,0.058978536941313275
4e-07,3e-08,1,1,0.3,0.8339896316568354,0.058978536941313275
2e-07,4e-08,4,9,0.6,0.8335200787319069,0.10530566418936724
2e-07,3e-08,4,9,0.6,0.8335200787319069,0.10530566418936724
1.6e-06,5e-07,8,0,0.3,0.8334035719928119,-0.506258918418256
3e-06,4e-08,8,9,0.0,0.8332023979463983,0.033607267545669006
3e-06,3e-08,8,9,0.0,0.8332023979463983,0.033607267545669006
3e-06,3e-08,8,6,0.3,0.8326411446727526,0.06105426853735521
3e-06,4e-08,8,6,0.3,0.8326411446727526,0.06105426853735521
1e-07,6e-08,8,6,0.3,0.8306725712383836,0.0756657500054847
4e-07,3e-08,1,9,0.6,0.829824241602628,0.03529615703724716
4e-07,4e-08,1,9,0.6,0.829824241602628,0.03529615703724716
3e-06,6e-08,8,8,0.0,0.8293725152882979,0.06474112953506916
2e-07,1e-06,1,8,0.3,0.8289261473072542,0.5027859217902135
1e-07,1e-06,4,6,0.3,0.828837585000246,0.4799578826080357
2e-07,1e-06,8,7,0.3,0.8286667588251462,0.25909294919067694
3e-06,6e-08,8,7,0.3,0.8273059235855262,-0.005998990043789232
2e-07,5e-07,8,7,0.3,0.8255711098178198,-0.007426452548425333
1e-07,1e-06,2,6,0.3,0.8251485671366685,0.5723882622805496
2e-07,9e-08,4,6,0.3,0.8247473052983555,0.023062106054181686
1e-07,3e-08,4,9,0.6,0.8241025464497508,0.03799609580278611
1e-07,4e-08,4,9,0.6,0.8241025464497508,0.03799609580278611
2e-07,1e-06,8,6,0.3,0.8234132261906568,0.0035512099351052706
3e-06,2e-07,1,0,0.3,0.8222232687383713,-0.470053366483996
2e-07,1e-06,1,7,0.3,0.8215392636804347,0.5282844637400879
2e-07,6e-08,1,0,0.3,0.8213898379622512,0.05334002142515126
1.5e-06,1e-06,8,3,0.0,0.8213815160219097,-0.03135685835112889
1e-07,9e-08,8,6,0.3,0.8193054977302848,0.03604215060661842
3e-06,6e-08,8,8,0.3,0.8177143663973169,-0.032206327611799423
2e-07,1e-06,4,6,0.3,0.8170832548925775,0.7415513127447677
2e-07,5e-07,8,6,0.3,0.8156576561573153,-0.0050634018325188546
2e-07,9e-08,8,6,0.3,0.8147250579915823,0.03873218756701269
1e-07,5e-07,4,4,0.3,0.8147145040685272,-0.6943044439191355
2e-07,5e-07,2,7,0.3,0.8106444513654851,0.04137688490059743
1.6e-06,3e-08,8,9,0.6,0.8106095203298104,-0.07991485157053144
1.6e-06,4e-08,8,9,0.6,0.8106095203298104,-0.07991485157053144
8e-07,3e-08,4,9,0.6,0.8084752088420313,0.0029939766129728207
8e-07,4e-08,4,9,0.6,0.8084752088420313,0.0029939766129728207
2e-07,9e-08,2,9,0.3,0.8043371693743164,0.010025625597871568
8e-07,4e-08,1,9,0.6,0.8041269368785029,0.001256030013880638
8e-07,3e-08,1,9,0.6,0.8041269368785029,0.001256030013880638
4e-07,1e-06,1,9,0.3,0.8037221012074358,0.17287356389507758
3e-06,6e-08,1,5,0.3,0.803092805899643,0.051430735719941945
3e-06,9e-08,8,8,0.3,0.8029877739426187,-0.010778161005504105
3e-06,9e-08,8,7,0.3,0.7988423392422981,-0.0010823534375260513
2e-07,9e-08,4,9,0.3,0.7981798084594839,-0.02358949383897846
3e-06,6e-08,8,6,0.0,0.7976417652587275,0.08804996749836103
3e-06,9e-08,8,6,0.3,0.7974190707604071,-0.002935628160121717
2e-07,5e-07,8,9,0.3,0.7966193975209315,-0.006119404005776818
3e-06,4e-08,4,9,0.6,0.7966029124575205,-0.08287504583704328
3e-06,3e-08,4,9,0.6,0.7966029124575205,-0.08287504583704328
3e-06,9e-08,8,0,0.9,0.7959840912743992,-0.1283719956963975
1e-07,9e-08,4,2,0.3,0.7951651469905656,-0.052659162222611355
1e-07,6e-08,2,5,0.3,0.7951284543780438,-0.005468596300305828
1e-07,9e-08,1,1,0.3,0.7930757095043826,0.036849562906391686
2e-07,9e-08,8,8,0.3,0.7929200527547579,0.037176630427788515
2e-07,1e-06,2,6,0.3,0.7923397421867333,0.4712903370597267
2e-07,5e-07,4,9,0.3,0.7912851714286513,0.07610683398357632
4e-07,9e-08,2,2,0.3,0.789957568232679,-0.04882446739842794
3e-06,4e-08,2,9,0.6,0.7896917334128135,-0.09183215802735223
3e-06,3e-08,2,9,0.6,0.7896917334128135,-0.09183215802735223
3e-06,9e-08,8,7,0.0,0.7888867328776892,0.05123780878222084
3e-06,4e-08,8,0,0.6,0.7878786436828994,0.4046147092762158
3e-06,3e-08,8,0,0.6,0.7878786436828994,0.4046147092762158
2.65e-06,1e-06,2,4,0.3,0.7851502636244192,-0.6431793554891746
2e-07,2e-07,1,6,0.3,0.7849996877664098,0.038857030735900744
3e-06,5e-07,8,5,0.3,0.7846740333915805,-0.5527399070490824
2e-07,9e-08,2,6,0.3,0.7843458878036627,0.049471682730863886
4e-07,1e-06,1,8,0.3,0.7837315969164603,0.22038679779792147
1e-07,6e-08,4,6,0.3,0.7826132478332202,0.08682233858280242
3e-06,5e-07,4,0,0.3,0.7819935846601284,-0.8184237967384377
3e-06,6e-08,4,5,0.9,0.7817023374978328,-0.1096859700098674
2e-07,5e-07,4,4,0.3,0.7793338063554038,-0.6928062537948498
8e-07,4e-08,8,9,0.6,0.7775227432421952,-0.09928836619570777
8e-07,3e-08,8,9,0.6,0.7775227432421952,-0.09928836619570777
1e-07,3e-08,1,9,0.3,0.7767891086661953,-0.23258132857091912
1e-07,4e-08,1,9,0.3,0.7767891086661953,-0.23258132857091912
1e-07,3e-08,2,8,0.3,0.7767463545279432,0.2626946805948105
1e-07,4e-08,2,8,0.3,0.7767463545279432,0.2626946805948105
3e-06,6e-08,8,9,0.0,0.7762021714204043,0.04543440241680652
3e-06,9e-08,8,8,0.0,0.7755107805204474,0.037479253701954374
1e-07,3e-08,8,9,0.6,0.7729863257440903,-0.07639186167271009
1e-07,4e-08,8,9,0.6,0.7729863257440903,-0.07639186167271009
2e-07,6e-08,1,7,0.3,0.7727976112148838,0.10092870272807031
8e-07,3e-08,1,1,0.3,0.770299149269399,0.04380018068488711
8e-07,4e-08,1,1,0.3,0.770299149269399,0.04380018068488711
2.65e-06,1e-06,8,0,0.3,0.768830226467928,-0.4563452694664638
4e-07,4e-08,8,9,0.6,0.7672690093807446,0.04872976676057758
4e-07,3e-08,8,9,0.6,0.7672690093807446,0.04872976676057758
1.6e-06,3e-08,2,9,0.6,0.7663459926680818,0.0014606472352657884
1.6e-06,4e-08,2,9,0.6,0.7663459926680818,0.0014606472352657884
3e-06,9e-08,8,6,0.0,0.7653992996479348,0.04890437978089168
3e-06,9e-08,8,0,0.3,0.7646851696424648,-0.026867600809232728
4e-07,5e-07,2,8,0.3,0.7645307979670143,0.6872091717633633
4e-07,5e-07,1,7,0.3,0.764314892815739,0.02982729038533949
4e-07,1e-06,2,9,0.3,0.7637106668459025,0.031680309870118495
3e-06,6e-08,8,6,0.3,0.7618077042617626,0.017270039051204944
3e-06,4e-08,8,1,0.9,0.7602473174480082,-0.010973637542724124
3e-06,3e-08,8,1,0.9,0.7602473174480082,-0.010973637542724124
1.6e-06,9e-08,8,0,0.3,0.7591971555154254,-0.0038389614881625955
3e-06,6e-08,8,2,0.9,0.7589411127122874,-0.11841541084068136
8e-07,4e-08,2,9,0.6,0.7588322866456818,-0.09311474120404417
8e-07,3e-08,2,9,0.6,0.7588322866456818,-0.09311474120404417
4e-07,5e-07,1,8,0.3,0.7586623666555382,0.023218539496608237
2e-07,6e-08,2,8,0.3,0.7571126535228598,0.004838488655053874
2e-07,9e-08,1,1,0.3,0.7561409307072999,0.012617299383600011
1.6e-06,6e-08,8,5,0.9,0.7558913066400637,-0.11881441705369572
4e-07,1e-06,4,9,0.3,0.7551122598767489,0.12766706188704002
7.5e-07,1e-06,8,3,0.0,0.7543623809892395,-0.1869477786825411
4e-07,1e-06,2,8,0.3,0.7536782199346423,0.03578160054266133
3e-06,6e-08,8,4,0.9,0.7531706264592697,-0.15340842075536693
3e-06,9e-08,8,9,0.3,0.7513387701086323,-0.01812528734340002
1e-07,9e-08,1,5,0.3,0.7501329047856224,-0.22976915520268565
2e-07,6e-08,8,9,0.3,0.7473314894428321,0.03351877893515398
2e-07,6e-08,4,9,0.3,0.7472185014814821,0.041650424868700964
3e-06,9e-08,8,9,0.0,0.7451292221790158,0.027790965343522434
4e-07,9e-08,1,2,0.3,0.742839965074664,-0.09691447816962684
4e-07,1e-06,8,8,0.3,0.7415077029225977,-0.004988098175114475
1.6e-06,4e-08,8,0,0.9,0.7410268319024584,-0.011170420231161382
1.6e-06,3e-08,8,0,0.9,0.7410268319024584,-0.011170420231161382
8e-07,9e-08,1,1,0.3,0.7408405094825208,-0.02702948852381637
3e-06,5e-07,1,4,0.3,0.7400164604897335,-0.6496146411978926
4e-07,1e-06,8,4,0.3,0.7359532392799311,-0.6779172485515329
4e-07,3e-08,1,5,0.3,0.7353162980018547,0.04551787419949016
4e-07,4e-08,1,5,0.3,0.7353162980018547,0.04551787419949016
4e-07,5e-07,2,9,0.3,0.7351192770215829,0.20183416718473746
1.6e-06,3e-08,8,7,0.3,0.7346057497568734,0.05563504052370556
1.6e-06,4e-08,8,7,0.3,0.7346057497568734,0.05563504052370556
4e-07,5e-07,1,9,0.3,0.7338635182122736,0.03103230544842217
4e-07,9e-08,1,1,0.3,0.7329226727620876,0.014616658240285352
1.6e-06,3e-08,8,8,0.3,0.7313494649622418,-0.16369678040690794
1.6e-06,4e-08,8,8,0.3,0.7313494649622418,-0.16369678040690794
4e-07,5e-07,2,6,0.3,0.7312793081383383,0.00012491538135694924
1.6e-06,4e-08,1,9,0.6,0.7304576309882905,-0.085893400019519
1.6e-06,3e-08,1,9,0.6,0.7304576309882905,-0.085893400019519
4e-07,1e-06,1,7,0.3,0.7303252614410188,0.3124838247439898
4e-07,1e-06,4,7,0.3,0.7302569574125204,0.5359745597830745
4e-07,5e-07,4,8,0.3,0.7298371436038245,-0.007944560371266673
4e-07,1e-06,8,7,0.3,0.7286661710603168,-0.0033180242121542136
3e-06,5e-07,8,0,0.3,0.7282167386212042,-0.36906946471743673
1.6e-06,9e-08,1,8,0.6,0.7258274455682612,0.10689454714014834
1.6e-06,6e-08,1,5,0.3,0.7253599920017365,0.05203056617720392
2e-07,2e-07,1,4,0.3,0.7253138039267008,-0.6515396787211194
4e-07,1e-06,8,9,0.3,0.7246126660308297,-0.006511468966044154
4e-07,5e-07,2,7,0.3,0.7240920884271888,-0.003129634937913295
3e-06,6e-08,8,9,0.3,0.7215983829205664,-0.010398694111577678
4e-07,9e-08,8,8,0.3,0.7211011670688897,0.013101734301433021
3e-06,5e-07,8,1,0.3,0.720747012563969,-0.5912688394084408
8e-07,9e-08,8,0,0.3,0.719405716851178,-0.009481628483225646
4e-07,3e-08,1,2,0.3,0.7190715127894434,0.01897859509079003
4e-07,4e-08,1,2,0.3,0.7190715127894434,0.01897859509079003
2e-07,3e-08,8,9,0.6,0.7178255555860704,-0.09589853159920828
2e-07,4e-08,8,9,0.6,0.7178255555860704,-0.09589853159920828
1.6e-06,4e-08,8,7,0.0,0.717713248999264,0.17304056694212028
1.6e-06,3e-08,8,7,0.0,0.717713248999264,0.17304056694212028
4e-07,5e-07,8,8,0.3,0.7159087647825502,-0.009509685107604637
4e-07,5e-07,8,7,0.3,0.7156333730479812,-0.007933213883118406
4e-07,5e-07,4,7,0.3,0.7142228083192704,-0.006354134782932563
3e-06,4e-08,4,0,0.9,0.7135619297659364,-0.16385576563818294
3e-06,3e-08,4,0,0.9,0.7135619297659364,-0.16385576563818294
4e-07,5e-07,1,6,0.3,0.7130414203474317,0.4143427046308714
8e-07,1e-06,8,8,0.3,0.7130237554811435,-0.006731909962401139
8e-07,3e-08,1,2,0.3,0.7106596484893399,0.04264159222106534
8e-07,4e-08,1,2,0.3,0.7106596484893399,0.04264159222106534
4e-07,1e-06,8,6,0.3,0.7098390047136106,-0.0004572677155948446
8e-07,1e-06,8,6,0.3,0.709755017412282,-0.0038173776702871143
4e-07,5e-07,4,9,0.3,0.7096914217800884,-0.0037109403278431374
4e-07,9e-08,4,7,0.3,0.7095590881498739,0.02427276917233223
3e-06,3e-08,1,9,0.6,0.7088660345129029,0.002496890859485096
3e-06,4e-08,1,9,0.6,0.7088660345129029,0.002496890859485096
3e-06,6e-08,1,1,0.3,0.7088120132354538,0.05999362704647104
4e-07,1e-06,4,6,0.3,0.7086742224245688,0.003981158257766015
4e-07,9e-08,4,8,0.3,0.7077093652157854,-0.008930374009672226
1.6e-06,6e-08,8,7,0.3,0.7070360692965877,0.011133366139619794
3e-06,3e-08,8,9,0.6,0.7068322402515619,-0.041777397767630314
3e-06,4e-08,8,9,0.6,0.7068322402515619,-0.041777397767630314
1e-07,4e-08,2,1,0.3,0.70636035819031,0.07844445450480841
1e-07,3e-08,2,1,0.3,0.70636035819031,0.07844445450480841
3e-06,9e-08,8,2,0.9,0.7047056165300589,-0.11215445802048424
1.6e-06,4e-08,2,0,0.3,0.7043155960424217,0.011040056090085848
1.6e-06,3e-08,2,0,0.3,0.7043155960424217,0.011040056090085848
1.6e-06,3e-08,8,8,0.0,0.703919453343387,0.05704929369206374
1.6e-06,4e-08,8,8,0.0,0.703919453343387,0.05704929369206374
8e-07,1e-06,8,9,0.3,0.7039162390191646,-0.005978163976121498
8e-07,1e-06,8,7,0.3,0.7030807342315463,-0.005806928784131915
1.6e-06,6e-08,2,2,0.3,0.7028977790124281,0.050261403347932276
3e-06,4e-08,4,7,0.3,0.7027019406525021,0.10887211474724179
3e-06,3e-08,4,7,0.3,0.7027019406525021,0.10887211474724179
3e-06,6e-08,8,1,0.9,0.7024224651460551,-0.10869510334652926
4e-07,5e-07,4,6,0.3,0.7011892367018786,-0.003464947072962188
4e-07,5e-07,8,6,0.3,0.7009941078738164,-0.005908671638516827
1e-07,3e-08,1,6,0.3,0.7007054580520319,0.054788254016993276
1e-07,4e-08,1,6,0.3,0.7007054580520319,0.054788254016993276
4e-07,5e-07,4,4,0.3,0.7005225734769632,-0.6588497983419802
8e-07,5e-07,1,8,0.3,0.7002330042843719,-0.004708026536016319
3e-06,4e-08,4,8,0.3,0.6998221279433837,-0.2646801588904719
3e-06,3e-08,4,8,0.3,0.6998221279433837,-0.2646801588904719
2e-07,1e-06,1,6,0.3,0.6994314568962422,0.5629377360352041
8e-07,5e-07,2,6,0.3,0.6984230400854713,-0.005260560761112143
2e-07,3e-08,2,9,0.6,0.6983843348115524,0.029089977783263443
2e-07,4e-08,2,9,0.6,0.6983843348115524,0.029089977783263443
2e-07,9e-08,8,9,0.3,0.6970408424631073,-0.007542629947648427
4e-07,1e-06,2,7,0.3,0.6968535726336051,0.042889389329923255
3e-06,4e-08,8,9,0.3,0.6965691088832008,-0.22261137770219827
3e-06,3e-08,8,9,0.3,0.6965691088832008,-0.22261137770219827
1.6e-06,3e-08,1,2,0.3,0.6959417716935474,0.02739152595499761
1.6e-06,4e-08,1,2,0.3,0.6959417716935474,0.02739152595499761
8e-07,1e-06,4,9,0.3,0.6957225499167872,-0.004358259781825025
4e-07,9e-08,8,7,0.3,0.6952118230783295,0.01651901848939874
1.6e-06,9e-08,1,2,0.3,0.69513467736984,-0.032105423638931985
4e-07,1e-06,4,8,0.3,0.6951037926475633,0.30487026652998156
1.6e-06,9e-08,8,8,0.3,0.6950486640809033,-0.005125155844733498
1e-07,6e-08,1,6,0.3,0.6938618116705205,0.13645145206037496
4e-07,5e-07,8,9,0.3,0.693014074903375,-0.005482706592684017
8e-07,9e-08,8,8,0.3,0.6924040752534356,-0.001480354682586893
2e-07,9e-08,1,2,0.3,0.692364690546835,-0.1722187198308599
8e-07,5e-07,8,8,0.3,0.6918612533680674,-0.009800006881951262
8e-07,1e-06,4,7,0.3,0.6913184439586713,-0.0037818529072591867
1e-06,1e-06,8,3,0.0,0.6910463822444246,-0.1384608303900956
3e-06,9e-08,4,5,0.9,0.6907788479186017,-0.09312546907203262
1e-07,3e-08,2,7,0.3,0.6907728727333253,0.041138632285517895
1e-07,4e-08,2,7,0.3,0.6907728727333253,0.041138632285517895
1.6e-06,3e-08,1,0,0.3,0.6906126029262009,0.00766492284589837
1.6e-06,4e-08,1,0,0.3,0.6906126029262009,0.00766492284589837
2e-07,9e-08,1,7,0.3,0.690386183488828,0.05914241676702525
1.6e-06,6e-08,8,8,0.3,0.6902462844874917,-0.013863627580717908
2e-07,6e-08,4,6,0.3,0.6897710422050809,0.07261773820904516
8e-07,5e-07,1,7,0.3,0.689378715164885,-0.004186427007419002
2e-07,3e-08,1,8,0.3,0.688804567969193,0.016109223735036593
2e-07,4e-08,1,8,0.3,0.688804567969193,0.016109223735036593
8e-07,1e-06,4,6,0.3,0.6884924924311233,-0.0016538997538931843
1.6e-06,9e-08,8,5,0.9,0.6881558542492167,-0.10238175619095002
3e-06,9e-08,8,4,0.9,0.6874961464277067,-0.14752554484957847
8e-07,9e-08,2,5,0.3,0.6871890321501088,0.006356163066185139
8e-07,3e-08,1,5,0.3,0.6870063585062491,0.028365520751391204
8e-07,4e-08,1,5,0.3,0.6870063585062491,0.028365520751391204
1e-07,4e-08,4,1,0.3,0.6864196601570056,0.09569361015872913
1e-07,3e-08,4,1,0.3,0.6864196601570056,0.09569361015872913
8e-07,6e-08,2,2,0.3,0.6863966290645447,0.04211133754922769
8e-07,1e-06,2,9,0.3,0.6860305154768183,0.2193191023112414
1.6e-06,9e-08,8,6,0.3,0.6857764293877032,-0.0007897012866876496
2e-07,6e-08,1,1,0.3,0.6856981269450213,0.10099391591133433
2e-07,6e-08,1,6,0.3,0.6849765068820373,0.09438303740010756
8e-07,5e-07,8,6,0.3,0.6844570388034685,-0.007183760893889279
1.6e-06,9e-08,8,7,0.3,0.6836638283374479,0.0013146923330129567
8e-07,5e-07,4,7,0.3,0.6835688471509709,-0.007956032292677828
1.6e-06,4e-08,2,5,0.3,0.6834569938767496,0.027634214445620198
1.6e-06,3e-08,2,5,0.3,0.6834569938767496,0.027634214445620198
4e-07,1e-06,2,6,0.3,0.6824957615851833,0.5440705780675186
2e-07,6e-08,8,8,0.3,0.6823168976047531,0.009718776065549717
8e-07,9e-08,8,7,0.3,0.6822349225665731,0.006897720912647953
3e-06,6e-08,4,7,0.3,0.6821929778717422,0.007870134290519526
4e-07,9e-08,1,8,0.3,0.6804398540577208,0.02573140926575712
1.6e-06,6e-08,1,6,0.6,0.6800699279201113,-0.05841685550745379
2e-07,6e-08,8,7,0.3,0.6795478022292907,0.03374202664530601
1.6e-06,5e-07,2,4,0.3,0.679294281638018,-0.6565218539985704
4e-07,4e-08,2,5,0.3,0.6792240414584682,0.042751222886947216
4e-07,3e-08,2,5,0.3,0.6792240414584682,0.042751222886947216
8e-07,5e-07,1,9,0.3,0.6789167070709825,0.7877967907890078
1e-07,1e-06,1,6,0.3,0.6786458838300625,0.6068335382375676
8e-07,5e-07,4,6,0.3,0.6785724393680577,-0.006638236858066193
8e-07,5e-07,2,7,0.3,0.6781073815752133,-0.006666889697763856
8e-07,5e-07,4,8,0.3,0.6778956987704613,-0.008944840054723513
8e-07,9e-08,8,6,0.3,0.6775708976108266,0.003139394303241283
3e-06,9e-08,4,8,0.3,0.6775362905246651,-0.005733856553937988
3e-06,4e-08,4,7,0.0,0.6768019627040502,0.00894048464333047
3e-06,3e-08,4,7,0.0,0.6768019627040502,0.00894048464333047
3e-06,6e-08,4,8,0.3,0.6762592953202716,-0.021703746694092363
8e-07,4e-08,4,2,0.3,0.6755576559670275,0.030968890384400982
8e-07,3e-08,4,2,0.3,0.6755576559670275,0.030968890384400982
1.6e-06,4e-08,8,6,0.0,0.6755140468469693,-0.045402007337736916
1.6e-06,3e-08,8,6,0.0,0.6755140468469693,-0.045402007337736916
3e-06,6e-08,8,5,0.6,0.6747465918747075,0.01169594201653923
8e-07,9e-08,1,2,0.3,0.6745250278202678,-0.09986087698114365
1e-07,6e-08,2,1,0.3,0.6743456315623624,0.10823196739730956
4e-07,6e-08,8,8,0.3,0.6734835033380425,0.014253462761868452
8e-07,6e-08,8,8,0.3,0.6730281160038925,0.015258999695166864
8e-07,5e-07,8,9,0.3,0.672244943683302,-0.0069982736638909415
8e-07,5e-07,4,9,0.3,0.671649928661828,-0.006571460342355451
8e-07,1e-06,1,9,0.3,0.6713960366075991,0.02678821076375404
3e-06,4e-08,4,0,0.3,0.6709032583769714,0.016798230217468513
3e-06,3e-08,4,0,0.3,0.6709032583769714,0.016798230217468513
8e-07,1e-06,2,6,0.3,0.6702326110828225,0.0029957966096914035
8e-07,1e-06,2,8,0.3,0.669275465880593,0.4459454303257252
8e-07,1e-06,2,7,0.3,0.6690425651719373,0.7876537049973069
8e-07,5e-07,2,8,0.3,0.6678021544709483,-0.008183789293024213
3e-06,9e-08,4,6,0.3,0.6674587871082879,0.0009655166305370111
8e-07,5e-07,8,7,0.3,0.6668499608602527,-0.008385397420021867
4e-07,2e-07,1,7,0.3,0.666801947873964,-6.696155713936669e-05
8e-07,1e-06,4,8,0.3,0.6667057923040339,-0.004933024930898866
4e-07,2e-07,1,8,0.3,0.6658173410314154,-0.004282742452508259
1.6e-06,4e-08,4,9,0.6,0.6639546139935717,-0.09741436309293372
1.6e-06,3e-08,4,9,0.6,0.6639546139935717,-0.09741436309293372
1e-07,3e-08,4,8,0.3,0.663949133172376,-0.03796047614173481
1e-07,4e-08,4,8,0.3,0.663949133172376,-0.03796047614173481
1.6e-06,3e-08,8,6,0.3,0.6633743857016086,0.11254520352389699
1.6e-06,4e-08,8,6,0.3,0.6633743857016086,0.11254520352389699
8e-07,4e-08,4,0,0.3,0.6628400925923403,0.010792307243370325
8e-07,3e-08,4,0,0.3,0.6628400925923403,0.010792307243370325
4e-07,9e-08,8,9,0.3,0.6623714348060759,-0.010356956669636874
4e-07,2e-07,1,6,0.3,0.6618191066574899,0.0002339961604927998
8e-07,1e-06,1,8,0.3,0.6617365167136339,0.02490307519424617
3e-06,4e-08,1,1,0.3,0.6613703825629648,0.03811728355062838
3e-06,3e-08,1,1,0.3,0.6613703825629648,0.03811728355062838
2e-07,6e-08,2,6,0.3,0.6613484090739543,0.08175604370925571
2e-07,3e-08,2,8,0.3,0.6611801176304128,0.015123699289609494
2e-07,4e-08,2,8,0.3,0.6611801176304128,0.015123699289609494
8e-07,4e-08,8,0,0.3,0.6596537469789262,0.00616421525207711
8e-07,3e-08,8,0,0.3,0.6596537469789262,0.00616421525207711
3e-06,3e-08,8,4,0.6,0.6583250923486028,0.32729791633529537
3e-06,4e-08,8,4,0.6,0.6583250923486028,0.32729791633529537
1e-07,2e-07,1,4,0.3,0.6580257518720118,-0.6236300103079098
1e-07,6e-08,1,1,0.3,0.6578151489329446,0.054791302353027094
3e-06,9e-08,4,7,0.3,0.6576732835665757,0.002951852900334284
3e-06,4e-08,4,1,0.3,0.6576427209425542,0.03129066113247814
3e-06,3e-08,4,1,0.3,0.6576427209425542,0.03129066113247814
1e-07,3e-08,2,9,0.3,0.6573238054163795,0.10095726473288699
1e-07,4e-08,2,9,0.3,0.6573238054163795,0.10095726473288699
3e-06,3e-08,4,8,0.0,0.6569847001327188,-0.05971057046979866
3e-06,4e-08,4,8,0.0,0.6569847001327188,-0.05971057046979866
2e-07,9e-08,1,6,0.3,0.6563223541430521,0.03749097798281398
1.6e-06,1e-06,4,4,0.3,0.6550676698851422,-0.6436810100824615
1.6e-06,6e-08,8,7,0.0,0.6547077379612519,0.045057169829719856
1.6e-06,3e-08,2,2,0.3,0.6537626340095,0.02321290388740027
1.6e-06,4e-08,2,2,0.3,0.6537626340095,0.02321290388740027
1.6e-06,3e-08,4,2,0.3,0.6526278455476258,0.023853269743902672
1.6e-06,4e-08,4,2,0.3,0.6526278455476258,0.023853269743902672
8e-07,3e-08,1,0,0.3,0.6522685870721356,-0.008535511285350128
8e-07,4e-08,1,0,0.3,0.6522685870721356,-0.008535511285350128
1.6e-06,9e-08,8,9,0.3,0.6509063542201475,-0.006969420114315672
4e-07,9e-08,4,9,0.3,0.6494811442563765,-0.01891318638824868
8e-07,6e-08,2,5,0.3,0.6478349335498044,0.041518283311670956
8e-07,5e-07,2,9,0.3,0.6476055385600195,-0.0052640618073566126
3e-06,4e-08,1,0,0.3,0.647441560061168,0.002015520128900272
3e-06,3e-08,1,0,0.3,0.647441560061168,0.002015520128900272
3e-06,6e-08,8,0,0.6,0.647066879370536,-0.026908808396665873
8e-07,5e-07,1,6,0.3,0.6460396290866454,-0.0008407680609915369
1.6e-06,1e-06,8,8,0.3,0.6449832146511872,-0.0066588268559267805
8e-07,3e-08,8,5,0.9,0.6449048740248208,0.023177586206896528
8e-07,4e-08,8,5,0.9,0.6449048740248208,0.023177586206896528
1.6e-06,6e-08,8,0,0.9,0.6447399583607278,-0.10574620555576025
8e-07,3e-08,2,0,0.3,0.6445080787324005,0.01927854487565006
8e-07,4e-08,2,0,0.3,0.6445080787324005,0.01927854487565006
8e-07,9e-08,8,9,0.3,0.6430751051112915,0.002138578538082303
1.6e-06,4e-08,4,0,0.3,0.6429230857828804,0.010284098335658354
1.6e-06,3e-08,4,0,0.3,0.6429230857828804,0.010284098335658354
3e-06,9e-08,8,1,0.9,0.6421167179490123,-0.10677533335248446
1.6e-06,9e-08,4,0,0.3,0.6413603880202592,-0.03707618817007319
4e-07,1e-06,1,6,0.3,0.6413216032868643,0.39487598788416456
3e-06,5e-07,1,8,0.3,0.6411084260566509,-0.010288711651390114
4e-07,6e-08,2,8,0.3,0.6408004681635053,0.005835043259003192
2e-07,3e-08,1,7,0.3,0.6407803965570216,0.02316488208534656
2e-07,4e-08,1,7,0.3,0.6407803965570216,0.02316488208534656
3e-06,4e-08,8,0,0.3,0.640607195496141,0.02849731321352289
3e-06,3e-08,8,0,0.3,0.640607195496141,0.02849731321352289
1.6e-06,3e-08,8,4,0.9,0.6401993347492863,-0.02146205248781785
1.6e-06,4e-08,8,4,0.9,0.6401993347492863,-0.02146205248781785
2e-07,9e-08,1,4,0.3,0.6398809087238466,-0.15956029237216535
1.6e-06,6e-08,8,6,0.3,0.6396557824121675,0.03645673151562301
1.6e-06,6e-08,8,9,0.3,0.6396501839199631,0.01753315499697128
1.6e-06,3e-08,8,2,0.3,0.6392130867980306,0.03067637754443342
1.6e-06,4e-08,8,2,0.3,0.6392130867980306,0.03067637754443342
3e-06,5e-07,8,8,0.3,0.6391785057415693,-0.010169531758710937
1.6e-06,4e-08,8,9,0.0,0.6391037162596759,-0.05052377036088285
1.6e-06,3e-08,8,9,0.0,0.6391037162596759,-0.05052377036088285
4e-07,6e-08,4,8,0.3,0.6382103076309227,0.024760146692480833
8e-07,1e-06,1,6,0.3,0.637834168356341,0.7773145122508798
1.6e-06,6e-08,8,8,0.0,0.6372270572943495,0.033776687061721655
8e-07,4e-08,8,8,0.3,0.6364574891945027,-0.3803476781365334
8e-07,3e-08,8,8,0.3,0.6364574891945027,-0.3803476781365334
1.6e-06,1e-06,8,6,0.3,0.6358595586189981,-0.004009636357808932
2e-07,6e-08,2,7,0.3,0.633670978175178,0.05747765556612561
1.6e-06,6e-08,4,5,0.3,0.63304782714808,0.062404289337204655
3e-06,4e-08,2,5,0.9,0.6329810127126805,0.03701192250372426
3e-06,3e-08,2,5,0.9,0.6329810127126805,0.03701192250372426
1.6e-06,1e-06,8,9,0.3,0.6328340130225862,-0.004839367784505888
4e-07,9e-08,4,6,0.3,0.6328174552923543,0.02861259201006927
8e-07,1e-06,1,7,0.3,0.631913201339741,0.029148175890420847
1.6e-06,4e-08,8,0,0.3,0.6318307613136789,0.016662858372440637
1.6e-06,3e-08,8,0,0.3,0.6318307613136789,0.016662858372440637
8e-07,4e-08,2,5,0.3,0.6298380502277293,0.030454371964047544
8e-07,3e-08,2,5,0.3,0.6298380502277293,0.030454371964047544
4e-07,9e-08,8,6,0.3,0.6294404470527556,0.03416861101134505
3e-06,5e-07,1,7,0.3,0.6289082553973646,-0.007834775706892616
8e-07,4e-08,8,7,0.3,0.6288817532140232,0.1395554340840744
8e-07,3e-08,8,7,0.3,0.6288817532140232,0.1395554340840744
1e-07,3e-08,1,8,0.3,0.6280738836279548,0.16261364839395798
1e-07,4e-08,1,8,0.3,0.6280738836279548,0.16261364839395798
3e-06,9e-08,8,0,0.6,0.6278269316654618,-0.022427345518420683
4e-07,9e-08,2,7,0.3,0.6274659367322747,0.006636449823438695
4e-07,2e-07,1,9,0.3,0.6271701360121084,0.003578039048020676
2e-07,4e-08,4,8,0.3,0.6266644839407916,-0.02844691135923888
2e-07,3e-08,4,8,0.3,0.6266644839407916,-0.02844691135923888
2.65e-06,1e-06,8,8,0.3,0.6266367911794629,-0.006064743872003953
3e-06,3e-08,4,6,0.0,0.6255046258382769,-0.05189607438016508
3e-06,4e-08,4,6,0.0,0.6255046258382769,-0.05189607438016508
3e-06,5e-07,2,8,0.3,0.6254274734029888,-0.010542275514679456
3e-06,6e-08,4,7,0.0,0.6252129174293541,0.038199426885793364
1.6e-06,6e-08,4,2,0.3,0.6248592528263195,0.04547038049012364
1.6e-06,4e-08,4,5,0.9,0.6247344400673799,0.04334005738533414
1.6e-06,3e-08,4,5,0.9,0.6247344400673799,0.04334005738533414
3e-06,6e-08,2,5,0.3,0.6237699292281468,0.06927951552073575
8e-07,6e-08,8,0,0.3,0.6227033910809042,0.0027625371320794123
1.6e-06,4e-08,8,2,0.9,0.6223675780947742,0.007593065865216353
1.6e-06,3e-08,8,2,0.9,0.6223675780947742,0.007593065865216353
3e-06,9e-08,2,0,0.3,0.6222362650819321,-0.021400286757751408
1.6e-06,5e-07,2,8,0.3,0.6219776950613343,-0.008946590454801617
3e-06,9e-08,4,0,0.3,0.6219359108488313,-0.04323959140671629
1.6e-06,5e-07,4,8,0.3,0.6212678734172352,-0.009610942791675625
3e-06,6e-08,4,0,0.9,0.6207819831682142,-0.10247545847643502
4e-07,2e-07,1,4,0.3,0.6204780380802701,-0.61574556993555
3e-06,9e-08,8,5,0.6,0.6195882364047204,-0.011969067088131807
1.6e-06,4e-08,8,5,0.6,0.6195829697481512,0.16864571347576962
1.6e-06,3e-08,8,5,0.6,0.6195829697481512,0.16864571347576962
3e-06,4e-08,2,8,0.3,0.6188190716866672,0.0027464459592933185
3e-06,3e-08,2,8,0.3,0.6188190716866672,0.0027464459592933185
1.6e-06,9e-08,8,7,0.0,0.6185854128610352,0.03362265248665397
1.6e-06,5e-07,8,8,0.3,0.6183769415438582,-0.009396952961367888
8e-07,6e-08,1,4,0.3,0.6180634558684812,0.02872287932109774
1.6e-06,9e-08,1,5,0.3,0.617939403143785,-0.029859945576470537
1.6e-06,1e-06,2,9,0.3,0.6173164840350004,-0.0027389238487856016
1.6e-06,4e-08,8,5,0.3,0.6169701774354074,0.03502187513536603
1.6e-06,3e-08,8,5,0.3,0.6169701774354074,0.03502187513536603
1.6e-06,6e-08,8,6,0.0,0.6168739533366421,0.05419753129467697
3e-06,3e-08,4,2,0.3,0.6166286586473688,0.03500396193620314
3e-06,4e-08,4,2,0.3,0.6166286586473688,0.03500396193620314
3e-06,4e-08,2,0,0.3,0.6166044396781449,0.007430987059937277
3e-06,3e-08,2,0,0.3,0.6166044396781449,0.007430987059937277
2e-07,6e-08,2,0,0.3,0.615631894819503,0.007634314431359535
1.6e-06,1e-06,4,6,0.3,0.6153043725865714,-0.00320600417734751
3e-06,4e-08,4,6,0.3,0.615084419183315,0.04273190817312355
3e-06,3e-08,4,6,0.3,0.615084419183315,0.04273190817312355
8e-07,9e-08,4,6,0.3,0.6150534523413829,0.03828728448569685
1.6e-06,3e-08,8,9,0.3,0.6150476776125858,-0.07357450755318962
1.6e-06,4e-08,8,9,0.3,0.6150476776125858,-0.07357450755318962
8e-07,9e-08,1,4,0.3,0.6148751096609344,-0.09415700453921244
2e-07,6e-08,1,2,0.3,0.6148635392608635,0.03894250983559511
8e-07,4e-08,4,1,0.3,0.6141437288847867,0.0106694307566777
8e-07,3e-08,4,1,0.3,0.6141437288847867,0.0106694307566777
3e-06,3e-08,8,1,0.3,0.6130393379975008,0.03102405169613276
3e-06,4e-08,8,1,0.3,0.6130393379975008,0.03102405169613276
1.6e-06,5e-07,8,6,0.3,0.6128061548659302,-0.006902416605986561
2.65e-06,1e-06,8,6,0.3,0.6124422304889039,-0.003998431677029957
1.6e-06,9e-08,2,0,0.3,0.6122120721066195,0.027054513354439202
8e-07,9e-08,4,8,0.3,0.6122094889417771,0.01153678021302218
3e-06,6e-08,4,8,0.0,0.6121788794421311,0.027237883245460837
1.6e-06,1e-06,8,7,0.3,0.6114872445002016,-0.005282731591663037
1.6e-06,1e-06,4,9,0.3,0.611479103815789,-0.00385587184237568
3e-06,3e-08,8,5,0.3,0.610816516744003,0.051257853702602385
3e-06,4e-08,8,5,0.3,0.610816516744003,0.051257853702602385
3e-06,4e-08,4,2,0.9,0.609040709916017,-0.06673398394281205
3e-06,3e-08,4,2,0.9,0.609040709916017,-0.06673398394281205
3e-06,3e-08,4,9,0.3,0.6090071027948859,-0.00962136481320916
3e-06,4e-08,4,9,0.3,0.6090071027948859,-0.00962136481320916
2e-07,6e-08,8,6,0.3,0.6089126790999243,0.04125015896498552
1.6e-06,4e-08,8,0,0.6,0.6083669976630942,0.2650418716363815
1.6e-06,3e-08,8,0,0.6,0.6083669976630942,0.2650418716363815
4e-07,6e-08,1,1,0.3,0.6080813506684188,0.04864108891216179
1e-07,3e-08,8,8,0.3,0.6080645885911542,-0.02560576467347625
1e-07,4e-08,8,8,0.3,0.6080645885911542,-0.02560576467347625
8e-07,6e-08,8,7,0.3,0.6079912621010597,0.0074786240033910545
1.6e-06,5e-07,2,6,0.3,0.6077185083048631,-0.006244839641504574
4e-07,9e-08,2,8,0.3,0.6071542581012523,-0.001639745173617202
3e-06,4e-08,8,2,0.3,0.606355961135281,0.036906748107411125
3e-06,3e-08,8,2,0.3,0.606355961135281,0.036906748107411125
2.5e-06,3e-07,8,3,0.9,0.6061659780599078,-0.12547956200972804
4e-07,6e-08,4,9,0.3,0.6061012455573795,0.06051004167288254
8e-07,9e-08,4,7,0.3,0.6059768676377806,0.020728252399601077
2e-07,3e-08,8,8,0.3,0.6054587734750777,0.08560293014170023
2e-07,4e-08,8,8,0.3,0.6054587734750777,0.08560293014170023
1.6e-06,5e-07,2,9,0.3,0.6053410557932267,-0.00557308650588928
3e-06,4e-08,4,4,0.9,0.6045200761169481,-0.027626996387015323
3e-06,3e-08,4,4,0.9,0.6045200761169481,-0.027626996387015323
2.65e-06,1e-06,8,9,0.3,0.6044050803327277,-0.0038255347610587354
3e-06,3e-08,4,5,0.3,0.6042865286518512,0.03986242665157469
3e-06,4e-08,4,5,0.3,0.6042865286518512,0.03986242665157469
2e-07,4e-08,8,7,0.3,0.6039781046430426,-0.006023405712189789
2e-07,3e-08,8,7,0.3,0.6039781046430426,-0.006023405712189789
1e-07,5e-07,1,8,0.0,0.6039377692504979,0.6240033074436011
2e-07,4e-08,4,1,0.3,0.6038608082154427,-0.030558232238547922
2e-07,3e-08,4,1,0.3,0.6038608082154427,-0.030558232238547922
4e-07,3e-08,8,8,0.3,0.6037964335527315,-0.012140665508825865
4e-07,4e-08,8,8,0.3,0.6037964335527315,-0.012140665508825865
3e-06,4e-08,4,9,0.0,0.6032830200380958,0.042631009832518996
3e-06,3e-08,4,9,0.0,0.6032830200380958,0.042631009832518996
8e-07,4e-08,2,2,0.3,0.6032727933128137,0.013479814509127941
8e-07,3e-08,2,2,0.3,0.6032727933128137,0.013479814509127941
1.6e-06,1e-06,4,7,0.3,0.6031445220394049,-0.00463048113093667
3e-06,9e-08,1,0,0.3,0.6031054354291708,-0.04714206359376233
1e-07,9e-08,8,5,0.3,0.6026718475362298,-0.005296456017889473
3e-06,6e-08,2,1,0.3,0.6025469308842414,0.039443368159911785
3e-06,5e-07,4,8,0.3,0.6025249844766896,-0.010037887802258338
3e-06,3e-08,2,1,0.3,0.6022350425848878,0.034497312701016525
3e-06,4e-08,2,1,0.3,0.6022350425848878,0.034497312701016525
3e-06,3e-08,2,2,0.3,0.601856986977713,0.03001714624482521
3e-06,4e-08,2,2,0.3,0.601856986977713,0.03001714624482521
1.6e-06,9e-08,8,6,0.0,0.6015914081751517,0.03140961174826595
1.6e-06,4e-08,1,5,0.3,0.6011135644251222,0.007322550469202049
1.6e-06,3e-08,1,5,0.3,0.6011135644251222,0.007322550469202049
1.6e-06,5e-07,8,7,0.3,0.6010951779191419,-0.007839117892015302
1.6e-06,9e-08,8,8,0.0,0.6007267170713401,0.02491758679723477
8e-07,9e-08,2,2,0.3,0.6006865227869153,-0.02695827279267704
1.6e-06,3e-08,4,8,0.3,0.5987805132269836,0.022010612931765483
1.6e-06,4e-08,4,8,0.3,0.5987805132269836,0.022010612931765483
1.6e-06,5e-07,8,9,0.3,0.5987521140475363,-0.0058311735049496605
2e-07,3e-08,2,0,0.3,0.59819741813711,0.00031592240182809483
2e-07,4e-08,2,0,0.3,0.59819741813711,0.00031592240182809483
3e-06,6e-08,4,1,0.3,0.5981740956307826,0.06330490428741453
1e-07,4e-08,4,6,0.3,0.5978187919732588,0.024612161547008182
1e-07,3e-08,4,6,0.3,0.5978187919732588,0.024612161547008182
3e-06,3e-08,2,5,0.3,0.5977771036718497,0.03174635753844346
3e-06,4e-08,2,5,0.3,0.5977771036718497,0.03174635753844346
8e-07,6e-08,8,9,0.3,0.5976022541387845,0.01671401120535232
1.6e-06,5e-07,1,6,0.3,0.5974690608554812,-0.005051921257944181
1.6e-06,6e-08,8,9,0.0,0.597330636357122,0.02441518474387039
3e-06,4e-08,4,5,0.6,0.5969457911667333,0.2728452347289708
3e-06,3e-08,4,5,0.6,0.5969457911667333,0.2728452347289708
8e-07,6e-08,1,1,0.3,0.5965921676583466,0.02733663257723118
2e-07,4e-08,8,6,0.3,0.5964274806648739,0.018903029127709803
2e-07,3e-08,8,6,0.3,0.5964274806648739,0.018903029127709803
8e-07,6e-08,8,6,0.3,0.5963598590198962,0.031891631697786416
1.6e-06,9e-08,4,7,0.3,0.596143843535623,0.005282808994074295
1.6e-06,5e-07,4,6,0.3,0.5959843711779136,-0.006527899566316164
4e-07,4e-08,8,7,0.3,0.5954620453768877,-0.0021759633247875887
4e-07,3e-08,8,7,0.3,0.5954620453768877,-0.0021759633247875887
4e-07,6e-08,8,9,0.3,0.5938707478756817,0.05098382517326472
2.65e-06,1e-06,4,6,0.3,0.5936657160175471,-0.0038258321873533285
3e-06,3e-08,4,0,0.6,0.5935768736770755,0.021151432708855555
3e-06,4e-08,4,0,0.6,0.5935768736770755,0.021151432708855555
3e-06,5e-07,8,6,0.3,0.5920461338844646,-0.0063598230157174696
3e-06,5e-07,8,9,0.3,0.5919293277016309,-0.006435301094053325
3e-06,9e-08,2,7,0.3,0.5913454561409802,0.009480220889571345
1.6e-06,6e-08,4,7,0.3,0.5913427306378287,0.02184598762521639
3e-06,3e-08,1,5,0.3,0.5909389889951902,0.02552069023729231
3e-06,4e-08,1,5,0.3,0.5909389889951902,0.02552069023729231
3e-06,9e-08,2,8,0.3,0.5907847432326219,-0.005951879010828609
4e-07,6e-08,1,8,0.3,0.5905547391325331,0.07104902274760805
1.6e-06,1e-06,2,6,0.3,0.5903138661516143,-0.0012220968150495892
3e-06,5e-07,8,7,0.3,0.5897301408954206,-0.007190054115188471
2.65e-06,1e-06,8,7,0.3,0.5885776006008895,-0.004093932444728554
8e-07,6e-08,4,9,0.3,0.5878869310375062,0.028080062798348626
3e-06,6e-08,4,9,0.3,0.5878587729074105,0.02708163965062238
1.6e-06,5e-07,4,7,0.3,0.5874173790806223,-0.008011313923551922
2e-07,6e-08,2,9,0.3,0.5872823001446055,0.037000816125316804
1.6e-06,4e-08,4,5,0.3,0.5870767692184533,0.028098599982007255
1.6e-06,3e-08,4,5,0.3,0.5870767692184533,0.028098599982007255
3e-06,5e-07,4,6,0.3,0.5866339810513765,-0.0066813299245360724
1e-07,3e-08,8,6,0.3,0.5860079772385134,0.021235930750558962
1e-07,4e-08,8,6,0.3,0.5860079772385134,0.021235930750558962
3e-06,5e-07,1,6,0.3,0.5859453180579799,-0.00597570996026775
3e-06,4e-08,2,7,0.3,0.5858493844668583,-0.03876128442526772
3e-06,3e-08,2,7,0.3,0.5858493844668583,-0.03876128442526772
1.6e-06,1e-06,4,8,0.3,0.5855889544069539,-0.005625415777719689
3e-06,9e-08,4,9,0.3,0.5851824472814605,0.008955183851760862
1.6e-06,9e-08,1,0,0.3,0.5850485433378811,-0.04800809403952838
8e-07,3e-08,8,6,0.3,0.5844231652050741,0.005293410136962495
8e-07,4e-08,8,6,0.3,0.5844231652050741,0.005293410136962495
1e-07,3e-08,4,9,0.3,0.584051353310814,-0.15048379106804866
1e-07,4e-08,4,9,0.3,0.584051353310814,-0.15048379106804866
4e-07,6e-08,2,1,0.3,0.58341999332162,0.049807194694756474
4e-07,4e-08,4,7,0.3,0.5825935529667658,-0.0030874586772421386
4e-07,3e-08,4,7,0.3,0.5825935529667658,-0.0030874586772421386
2e-07,3e-08,4,6,0.3,0.5825764882017918,0.01509084439600028
2e-07,4e-08,4,6,0.3,0.5825764882017918,0.01509084439600028
2.65e-06,1e-06,4,9,0.3,0.5821232385519937,-0.003698509290187335
1.6e-06,1e-06,1,8,0.3,0.5818762958019594,0.7931603236355554
3e-06,6e-08,4,6,0.3,0.5813287180726423,0.032782614553737655
4e-07,3e-08,8,0,0.3,0.581005297788682,0.025277019324634553
4e-07,4e-08,8,0,0.3,0.581005297788682,0.025277019324634553
1e-07,6e-08,2,8,0.0,0.5808646308823026,-0.012053594767080456
3e-06,5e-07,2,6,0.3,0.5805003239998541,-0.0065908917796762
3e-06,6e-08,2,7,0.3,0.5800136984823021,0.03379004744090097
2e-07,9e-08,4,2,0.3,0.5793320102927624,0.007879797075301953
1.6e-06,1e-06,2,8,0.3,0.5790669365223596,-0.004344044253620449
1.6e-06,9e-08,8,0,0.9,0.5790153399444513,-0.09063364478920888
1.6e-06,5e-07,4,9,0.3,0.5789093791855584,-0.00540726463488439
2e-07,4e-08,1,2,0.3,0.5783643253923649,0.030230401171487342
2e-07,3e-08,1,2,0.3,0.5783643253923649,0.030230401171487342
4e-07,9e-08,4,5,0.3,0.5781664359736938,0.031783254920780935
2e-07,9e-08,4,1,0.3,0.5774437884019712,0.13568817549582562
3e-06,9e-08,4,7,0.0,0.5772180995505134,0.03625976160886524
1.6e-06,9e-08,8,9,0.0,0.5770794638778902,0.021197195000054236
1e-07,2e-07,1,9,0.0,0.5765788934045087,-0.013571459382237805
8e-07,1e-06,8,4,0.3,0.5764511172259615,-0.6286062379258118
4e-07,6e-08,1,2,0.3,0.5757343777874373,0.007110360300618956
4e-07,6e-08,1,6,0.3,0.5757073478280035,0.04577925799253357
2e-07,4e-08,4,7,0.3,0.5756699252238688,0.007555200159399811
2e-07,3e-08,4,7,0.3,0.5756699252238688,0.007555200159399811
8e-07,5e-07,4,4,0.3,0.575532884692233,-0.6375411474011431
1e-07,4e-08,8,7,0.3,0.5747606173173193,0.007884523767335838
1e-07,3e-08,8,7,0.3,0.5747606173173193,0.007884523767335838
1.6e-06,1e-06,1,9,0.3,0.5745974149072716,0.4835654194246513
8e-07,3e-08,1,4,0.3,0.5745062063929074,0.02528295899093891
8e-07,4e-08,1,4,0.3,0.5745062063929074,0.02528295899093891
4e-07,9e-08,1,7,0.3,0.5743914985415173,0.004367113453151328
3e-06,9e-08,2,6,0.3,0.5741318940019972,0.0077581321742278275
8e-07,9e-08,2,0,0.3,0.573818832824512,-0.0032505345326296897
1.6e-06,5e-07,1,7,0.3,0.5737721182541763,-0.005929081445514184
3e-06,4e-08,1,8,0.3,0.5732347447014372,-0.09551737209005852
3e-06,3e-08,1,8,0.3,0.5732347447014372,-0.09551737209005852
1.6e-06,9e-08,4,8,0.3,0.5729993344324311,0.015013185664703443
3e-06,6e-08,4,6,0.0,0.5718124841015622,0.04798141167899517
3e-06,4e-08,1,2,0.3,0.5715055547279142,0.02762976287170582
3e-06,3e-08,1,2,0.3,0.5715055547279142,0.02762976287170582
2.65e-06,1e-06,4,7,0.3,0.5714125923777245,-0.0038069728379326317
1.6e-06,4e-08,8,1,0.9,0.5712198331379625,-0.08255014326647236
1.6e-06,3e-08,8,1,0.9,0.5712198331379625,-0.08255014326647236
3e-06,4e-08,8,2,0.6,0.5711983921755871,0.40671550966529935
3e-06,3e-08,8,2,0.6,0.5711983921755871,0.40671550966529935
1e-07,5e-07,8,4,0.3,0.5711364457965118,-0.6674509077135341
3e-06,9e-08,4,8,0.0,0.571119709097127,0.02682123541623782
4e-07,6e-08,4,7,0.3,0.5707693907085846,0.03514591773229314
2.65e-06,1e-06,2,6,0.3,0.5707170555014555,-0.0028654582474996193
2.65e-06,1e-06,1,8,0.3,0.5705631574186449,-0.003722164854732757
4e-07,3e-08,2,1,0.3,0.5701795298128404,0.006014992406502717
4e-07,4e-08,2,1,0.3,0.5701795298128404,0.006014992406502717
2.65e-06,1e-06,4,8,0.3,0.5699774678020125,-0.005733069624253018
4e-07,6e-08,8,7,0.3,0.569830510679074,0.030409223702650867
3e-06,5e-07,2,7,0.3,0.5697719362485488,-0.007729611019019367
3e-06,5e-07,4,7,0.3,0.5697589676441742,-0.007661683165285038
4e-07,6e-08,1,7,0.3,0.5696175513914599,0.024870552490369624
3e-06,6e-08,2,8,0.3,0.5694931863032002,0.011387581088750931
4e-07,3e-08,2,8,0.3,0.5694576627448594,0.2904164037863755
4e-07,4e-08,2,8,0.3,0.5694576627448594,0.2904164037863755
3e-06,4e-08,1,7,0.3,0.5691712774866501,-0.11968920078023731
3e-06,3e-08,1,7,0.3,0.5691712774866501,-0.11968920078023731
1.6e-06,4e-08,8,1,0.3,0.5690711046548319,0.016763848149290994
1.6e-06,3e-08,8,1,0.3,0.5690711046548319,0.016763848149290994
1e-07,1e-06,1,8,0.0,0.5687648145439335,0.03994915159529311
1.6e-06,5e-07,1,9,0.3,0.5681900106779988,-0.004147835525496912
3e-06,9e-08,4,6,0.0,0.5676958770195741,0.03301807810229518
1e-07,5e-07,1,9,0.0,0.5669030120408721,-0.011373494877180534
1e-07,6e-08,2,7,0.0,0.5664231175282217,0.0006784418218431787
1e-07,5e-07,1,6,0.0,0.5661711565132007,0.015497343295722055
1.6e-06,5e-07,2,7,0.3,0.5654953928841998,-0.00671956232823967
3e-06,5e-07,4,9,0.3,0.5654479921828516,-0.006607163096609581
8e-07,3e-08,8,0,0.9,0.5641271422630573,-0.001683863815791331
8e-07,4e-08,8,0,0.9,0.5641271422630573,-0.001683863815791331
1.6e-06,4e-08,4,7,0.3,0.563718768418954,-0.10763728705129555
1.6e-06,3e-08,4,7,0.3,0.563718768418954,-0.10763728705129555
3e-06,5e-07,1,9,0.3,0.563296093057384,-0.0069184536546652575
1e-07,4e-08,4,7,0.3,0.5630461175684983,0.10873234526658898
1e-07,3e-08,4,7,0.3,0.5630461175684983,0.10873234526658898
2e-07,4e-08,8,9,0.3,0.5623836028662377,0.031644127122972404
2e-07,3e-08,8,9,0.3,0.5623836028662377,0.031644127122972404
4e-07,3e-08,4,1,0.3,0.5620023931648129,0.015874576199823354
4e-07,4e-08,4,1,0.3,0.5620023931648129,0.015874576199823354
1e-07,9e-08,2,8,0.0,0.5619351587977144,-0.012169715202185127
2e-07,6e-08,4,8,0.3,0.5617593565143502,-0.032557124413176264
3e-06,9e-08,1,8,0.3,0.5609275551705595,0.022632930695265063
2e-07,4e-08,1,5,0.3,0.5608066017336555,0.009142927179167759
2e-07,3e-08,1,5,0.3,0.5608066017336555,0.009142927179167759
8e-07,4e-08,8,9,0.3,0.5597042812199351,0.09920639097704048
8e-07,3e-08,8,9,0.3,0.5597042812199351,0.09920639097704048
2.65e-06,1e-06,2,9,0.3,0.5595722844347958,-0.002713392938537895
1.6e-06,1e-06,2,7,0.3,0.5595626669443855,-0.00280087099852544
2.65e-06,1e-06,2,8,0.3,0.5575000087224987,-0.005303697475910307
1.6e-06,6e-08,8,4,0.9,0.5574098416424845,-0.10347326748782942
3e-06,6e-08,4,9,0.0,0.5572410776969097,0.01827306544309637
3e-06,9e-08,1,6,0.3,0.5571110181713387,0.023914263593796115
1.6e-06,9e-08,4,6,0.3,0.5561314323354807,0.012760079168884664
1.6e-06,1e-06,1,6,0.3,0.5559220067799379,0.0025179011991810496
1e-07,3e-08,1,7,0.3,0.5554708791364826,-0.0019398218961791391
1e-07,4e-08,1,7,0.3,0.5554708791364826,-0.0019398218961791391
8e-07,9e-08,2,6,0.3,0.5536207073641434,-0.0014810079099396578
4e-07,6e-08,2,6,0.3,0.5527945465565416,0.052302800927907844
2.65e-06,1e-06,1,6,0.3,0.5524318398432952,-0.0008838313601534642
4e-07,3e-08,8,6,0.3,0.5523274553162578,0.3283661779304705
4e-07,4e-08,8,6,0.3,0.5523274553162578,0.3283661779304705
1.6e-06,3e-08,2,1,0.3,0.5521587235299802,0.021624028220320946
1.6e-06,4e-08,2,1,0.3,0.5521587235299802,0.021624028220320946
2e-07,3e-08,2,5,0.3,0.5518254819872179,0.024022110416788034
2e-07,4e-08,2,5,0.3,0.5518254819872179,0.024022110416788034
8e-07,4e-08,8,7,0.0,0.55137157705556,0.03514766435500155
8e-07,3e-08,8,7,0.0,0.55137157705556,0.03514766435500155
2e-07,5e-07,8,4,0.3,0.5511035025115294,-0.6221094718327651
8e-07,6e-08,1,8,0.3,0.5508851855431242,0.05792412827905613
3e-06,9e-08,2,9,0.3,0.5503615688209404,0.0246289182270667
8e-07,4e-08,8,5,0.3,0.5501892395043365,0.028520164633903278
8e-07,3e-08,8,5,0.3,0.5501892395043365,0.028520164633903278
8e-07,9e-08,2,7,0.3,0.5501619835243671,0.010100476259461533
1.6e-06,4e-08,2,8,0.3,0.5496413361759698,0.07834435425523037
1.6e-06,3e-08,2,8,0.3,0.5496413361759698,0.07834435425523037
3e-06,2e-07,1,7,0.3,0.5495714016504392,-0.013773481782358377
1.6e-06,3e-08,4,0,0.9,0.549512090406115,0.050847759346628996
1.6e-06,4e-08,4,0,0.9,0.549512090406115,0.050847759346628996
4e-07,6e-08,8,6,0.3,0.5488620628820928,0.03758848987870278
8e-07,4e-08,2,8,0.3,0.5485419056493552,-0.3681754954997009
8e-07,3e-08,2,8,0.3,0.5485419056493552,-0.3681754954997009
1.6e-06,5e-07,1,8,0.3,0.5481893891085695,-0.007492754893012932
1e-07,2e-07,1,8,0.0,0.5481647340371939,-0.018353640946676242
1e-07,3e-08,4,2,0.3,0.5478406652306569,0.03688232512707801
1e-07,4e-08,4,2,0.3,0.5478406652306569,0.03688232512707801
4e-07,9e-08,2,1,0.3,0.5473890783773552,0.015470951062158567
3e-06,5e-07,2,9,0.3,0.5472440700983036,-0.006551214203173283
8e-07,4e-08,4,7,0.3,0.547030038248159,0.3417884864644104
8e-07,3e-08,4,7,0.3,0.547030038248159,0.3417884864644104
2e-07,4e-08,4,0,0.3,0.5465137100124793,0.03908956671509822
2e-07,3e-08,4,0,0.3,0.5465137100124793,0.03908956671509822
1.6e-06,6e-08,4,8,0.3,0.5464035037069194,0.009406110595946315
1e-07,2e-07,1,7,0.0,0.5462180639386698,-0.012064639015714307
1.6e-06,9e-08,1,1,0.3,0.545885453201942,-0.0849143603292174
4e-07,9e-08,2,6,0.3,0.5453776825501211,0.010605913324598149
3e-06,9e-08,1,7,0.3,0.5450196174319898,0.03447013499313223
1e-07,3e-08,8,2,0.3,0.5447322068915528,0.037516809868076595
1e-07,4e-08,8,2,0.3,0.5447322068915528,0.037516809868076595
2e-07,6e-08,1,5,0.3,0.544712891948004,-0.0210057150725681
1e-07,1e-06,1,9,0.0,0.5442811091019937,0.03502396379831396
1.6e-06,6e-08,8,5,0.3,0.5437483701662,0.08148649223671656
2.65e-06,1e-06,2,7,0.3,0.5436334498162688,-0.003032347514638767
1e-07,1e-06,2,8,0.0,0.5435701816671479,0.5344647378952325
2e-07,6e-08,2,5,0.3,0.5431917488803177,0.07416713107894701
3e-06,6e-08,1,2,0.3,0.54317050919987,0.06460823041531472
8e-07,4e-08,4,8,0.3,0.5430209079513099,-0.3708453073639594
8e-07,3e-08,4,8,0.3,0.5430209079513099,-0.3708453073639594
1.6e-06,9e-08,4,9,0.3,0.542318533741723,0.014721603242420334
2e-07,3e-08,4,9,0.3,0.5414503314738136,-0.24067445990067948
2e-07,4e-08,4,9,0.3,0.5414503314738136,-0.24067445990067948
8e-07,3e-08,8,8,0.0,0.5409593323626471,0.14543889614087735
8e-07,4e-08,8,8,0.0,0.5409593323626471,0.14543889614087735
2e-07,4e-08,1,0,0.3,0.5408139113009071,0.0050075093610078
2e-07,3e-08,1,0,0.3,0.5408139113009071,0.0050075093610078
3e-06,9e-08,4,0,0.9,0.5402559475825675,-0.08482607899528577
3e-06,6e-08,8,4,0.6,0.5399940260656074,-0.04825374083609102
1.6e-06,4e-08,1,4,0.3,0.5399057429279669,0.006746849811628319
1.6e-06,3e-08,1,4,0.3,0.5399057429279669,0.006746849811628319
1e-07,6e-08,8,7,0.0,0.5384527128422888,0.008563740383899399
4e-07,4e-08,4,5,0.3,0.5379054747222688,0.015108777934380258
4e-07,3e-08,4,5,0.3,0.5379054747222688,0.015108777934380258
1e-07,5e-07,1,7,0.0,0.5377418782377112,0.2761303484932218
3e-06,6e-08,4,4,0.9,0.5375961337588545,-0.10506565736766832
1.6e-06,6e-08,2,8,0.3,0.5375146300275844,0.04608344258120567
1e-07,9e-08,2,7,0.0,0.5374213436710908,-0.011405213037336326
8e-07,6e-08,1,7,0.3,0.5367963244939763,0.03903416961495554
1e-07,5e-07,2,8,0.0,0.536510911615319,0.06732926545316209
4e-07,6e-08,2,5,0.3,0.535651299804612,0.012266512494332527
1e-07,4e-08,4,0,0.3,0.535483630540711,0.015906842324639348
1e-07,3e-08,4,0,0.3,0.535483630540711,0.015906842324639348
1.6e-06,9e-08,2,6,0.3,0.535368479916265,0.0006472950931838417
1e-07,9e-08,4,9,0.0,0.5348116032220194,-0.018811288937020443
1e-07,3e-08,8,0,0.3,0.5345464789152762,0.021170960337567823
1e-07,4e-08,8,0,0.3,0.5345464789152762,0.021170960337567823
2e-07,3e-08,1,6,0.3,0.5341953912348124,0.033623314891044864
2e-07,4e-08,1,6,0.3,0.5341953912348124,0.033623314891044864
8e-07,6e-08,2,8,0.3,0.5334611430803353,0.04592126720284029
4e-07,6e-08,4,2,0.3,0.5334060019461974,0.04730376888747234
3e-06,6e-08,4,2,0.9,0.5329144974317916,-0.08141277274464309
1e-07,4e-08,8,5,0.3,0.5318642744259188,0.016531943418232387
1e-07,3e-08,8,5,0.3,0.5318642744259188,0.016531943418232387
4e-07,6e-08,4,6,0.3,0.5317440545990194,0.052963489050096624
1.6e-06,1e-06,1,7,0.3,0.531381661187692,0.00039733127767438425
2.65e-06,1e-06,1,9,0.3,0.5305648134545436,-0.0014228760177078525
1.6e-06,6e-08,8,2,0.9,0.5305285329383894,-0.08521044014382634
4e-07,9e-08,1,9,0.3,0.5304911557033001,0.019409156838165353
1e-07,4e-08,8,9,0.3,0.5303804233448134,-0.23952864245086453
1e-07,3e-08,8,9,0.3,0.5303804233448134,-0.23952864245086453
2e-07,9e-08,2,5,0.3,0.529977039618116,-0.09144741827599068
8e-07,4e-08,8,6,0.0,0.5297188737501383,0.07348444792545689
8e-07,3e-08,8,6,0.0,0.5297188737501383,0.07348444792545689
1e-07,9e-08,2,6,0.0,0.5293804216254828,-0.003413537674721967
3e-06,3e-08,4,1,0.9,0.5293779114614001,-0.06048184144371205
3e-06,4e-08,4,1,0.9,0.5293779114614001,-0.06048184144371205
8e-07,3e-08,1,8,0.3,0.5291756996387855,-0.012843703941720443
8e-07,4e-08,1,8,0.3,0.5291756996387855,-0.012843703941720443
8e-07,6e-08,8,5,0.9,0.5285585100317503,-0.08225863920984205
1.6e-06,4e-08,1,8,0.3,0.528236758262179,-0.19872739338426496
1.6e-06,3e-08,1,8,0.3,0.528236758262179,-0.19872739338426496
1.6e-06,4e-08,1,1,0.3,0.5281650559162571,0.0321916719069657
1.6e-06,3e-08,1,1,0.3,0.5281650559162571,0.0321916719069657
4e-07,4e-08,4,2,0.3,0.527922981434102,0.02596664398213744
4e-07,3e-08,4,2,0.3,0.527922981434102,0.02596664398213744
3e-06,3e-08,2,0,0.9,0.5275324931676528,-0.0796704908074447
3e-06,4e-08,2,0,0.9,0.5275324931676528,-0.0796704908074447
3e-06,9e-08,4,9,0.0,0.5273268580057574,0.018993852716684634
1e-07,3e-08,2,6,0.3,0.5264694770263498,-0.025629065623938463
1e-07,4e-08,2,6,0.3,0.5264694770263498,-0.025629065623938463
2e-07,5e-07,2,9,0.0,0.5255764458120408,-0.02466904171967288
4e-07,3e-08,4,9,0.3,0.5255035208601543,0.05285343369943604
4e-07,4e-08,4,9,0.3,0.5255035208601543,0.05285343369943604
8e-07,2e-07,1,9,0.3,0.5249919611198479,-0.00579362314099352
1e-07,6e-08,8,0,0.3,0.5248500013156999,-0.013698267308834389
8e-07,2e-07,1,4,0.3,0.5247818487000397,-0.6064562552052553
4e-07,4e-08,1,0,0.3,0.5246697935887457,0.03287455291786179
4e-07,3e-08,1,0,0.3,0.5246697935887457,0.03287455291786179
3e-06,2e-07,1,9,0.3,0.5242913192464684,-0.01047289333844481
4e-07,6e-08,1,4,0.3,0.5242871496431514,0.013446876796171847
8e-07,9e-08,8,7,0.0,0.5235374964858945,0.019076193700214295
1e-07,5e-07,2,7,0.0,0.5234985183085985,-0.013225875549270572
2e-07,4e-08,2,7,0.3,0.5234297925736073,0.12281029719263847
2e-07,3e-08,2,7,0.3,0.5234297925736073,0.12281029719263847
2e-07,4e-08,8,0,0.3,0.5233215059099675,0.011614984132268913
2e-07,3e-08,8,0,0.3,0.5233215059099675,0.011614984132268913
4e-07,4e-08,8,5,0.3,0.523102663437759,0.03171941397100897
4e-07,3e-08,8,5,0.3,0.523102663437759,0.03171941397100897
2e-06,3e-07,8,3,0.9,0.5226731078485132,-0.10620959146617481
4e-07,4e-08,8,1,0.3,0.5224607517683085,0.02308027708564797
4e-07,3e-08,8,1,0.3,0.5224607517683085,0.02308027708564797
8e-07,3e-08,2,4,0.3,0.5223351225744518,0.012213443079505781
8e-07,4e-08,2,4,0.3,0.5223351225744518,0.012213443079505781
8e-07,6e-08,4,7,0.3,0.5215065783473688,0.03135522093223886
8e-07,6e-08,8,8,0.0,0.5214733526896808,0.01909011156798479
1.6e-06,4e-08,4,1,0.3,0.5213029942902123,0.016252028857073997
1.6e-06,3e-08,4,1,0.3,0.5213029942902123,0.016252028857073997
2e-07,5e-07,1,8,0.0,0.520953005127392,0.09396691023470283
4e-07,4e-08,2,2,0.3,0.5207819340794374,0.01481261208071416
4e-07,3e-08,2,2,0.3,0.5207819340794374,0.01481261208071416
4e-07,3e-08,4,6,0.3,0.520329465134043,0.3261063917257663
4e-07,4e-08,4,6,0.3,0.520329465134043,0.3261063917257663
1.6e-06,6e-08,4,5,0.9,0.5202990938698381,-0.07711557612517489
8e-07,9e-08,2,8,0.3,0.5202514041638808,0.025013830073202348
2e-07,9e-08,4,5,0.3,0.5200092447076108,0.033799796607114185
8e-07,9e-08,1,7,0.3,0.5199506523948881,0.010036260569219912
4e-07,4e-08,4,8,0.3,0.5194794901172792,-0.02699305181268752
4e-07,3e-08,4,8,0.3,0.5194794901172792,-0.02699305181268752
3e-06,6e-08,2,5,0.9,0.5191573444880456,-0.07939619549968058
8e-07,9e-08,2,9,0.3,0.5180358873987826,-0.0003018640821844665
1e-07,6e-08,1,8,0.0,0.5179579802902801,0.007121325709195547
8e-07,1e-06,2,0,0.6,0.5177628474065414,0.002688492212765778
1e-07,1e-06,2,6,0.0,0.5170266133711428,0.016180921890409206
8e-07,4e-08,2,7,0.3,0.5166419258415065,0.10234365544392099
8e-07,3e-08,2,7,0.3,0.5166419258415065,0.10234365544392099
1e-07,1e-06,1,7,0.0,0.5165087854359964,0.055742861838160906
2e-07,9e-08,8,0,0.3,0.5162391824793964,-0.019630568806346615
2.65e-06,1e-06,1,7,0.3,0.5161166653967248,-0.001580869048188105
2e-07,5e-07,1,6,0.0,0.5159287004719489,-0.008396845023481925
3e-06,6e-08,2,9,0.3,0.5155527199244345,0.043597503073414035
1.6e-06,6e-08,8,1,0.9,0.5154957160750157,-0.07442941650799328
1e-07,5e-07,2,6,0.0,0.514877786207043,-0.010933672386404747
1.6e-06,4e-08,4,7,0.0,0.5137361395467097,0.20825989361561925
1.6e-06,3e-08,4,7,0.0,0.5137361395467097,0.20825989361561925
4e-07,6e-08,8,5,0.3,0.5134643825671021,0.08100125265310842
3e-06,6e-08,1,8,0.3,0.5133296787764368,0.056305658514183676
2e-07,9e-08,2,1,0.3,0.5130769815198264,0.04604608919769476
1e-07,2e-07,1,6,0.0,0.5128180661359043,-0.015350313590856701
1e-07,6e-08,1,5,0.6,0.5127281732730208,-0.03977633747178566
2e-07,6e-08,4,2,0.3,0.512572831441804,0.052936635016194056
3e-06,6e-08,1,7,0.3,0.5125418464371094,0.04865253458439289
8e-07,1e-06,8,0,0.6,0.5124189825622227,0.007895376572418025
8e-07,4e-08,8,2,0.3,0.5123216374677731,0.019100569980936233
8e-07,3e-08,8,2,0.3,0.5123216374677731,0.019100569980936233
4e-07,4e-08,4,0,0.3,0.5122153029399807,0.007610240333844165
4e-07,3e-08,4,0,0.3,0.5122153029399807,0.007610240333844165
8e-07,3e-08,2,1,0.3,0.5120222605658389,0.04069095632362385
8e-07,4e-08,2,1,0.3,0.5120222605658389,0.04069095632362385
1.6e-06,3e-08,4,8,0.0,0.5119270404073217,0.03944029831304424
1.6e-06,4e-08,4,8,0.0,0.5119270404073217,0.03944029831304424
1.6e-06,4e-08,4,6,0.3,0.5118528653804104,0.19132261529405267
1.6e-06,3e-08,4,6,0.3,0.5118528653804104,0.19132261529405267
1.6e-06,6e-08,2,5,0.3,0.5118427188512137,0.0347474703449242
8e-07,9e-08,4,0,0.3,0.5118257877391822,-0.0021302100728359252
4e-07,4e-08,8,9,0.3,0.5115012485653689,0.11104731549714757
4e-07,3e-08,8,9,0.3,0.5115012485653689,0.11104731549714757
4e-07,3e-08,1,4,0.3,0.5110738639218058,-0.01742096946552818
4e-07,4e-08,1,4,0.3,0.5110738639218058,-0.01742096946552818
4e-07,3e-08,2,7,0.3,0.5098769592734216,-0.012070984250135142
4e-07,4e-08,2,7,0.3,0.5098769592734216,-0.012070984250135142
1.6e-06,6e-08,4,6,0.3,0.5097942510297873,0.03619155985864819
2e-07,5e-07,1,9,0.0,0.5090070943034259,0.11255347755747214
4e-07,3e-08,2,9,0.3,0.5089380798496649,-0.16054903566003192
4e-07,4e-08,2,9,0.3,0.5089380798496649,-0.16054903566003192
1e-07,6e-08,1,7,0.0,0.5085795833787777,0.008544568485420068
2e-07,3e-08,2,6,0.3,0.508487400126332,0.1213642549891703
2e-07,4e-08,2,6,0.3,0.508487400126332,0.1213642549891703
8e-07,1e-06,4,0,0.6,0.5084816644526329,0.006979674300546274
2.65e-06,1e-06,4,4,0.3,0.5084682537121441,-0.6216049859082211
8e-07,6e-08,8,7,0.0,0.5084231497397713,0.02385266303455502
4e-07,9e-08,2,9,0.3,0.507703222880397,0.013856242876067792
1e-07,6e-08,2,6,0.0,0.507648521541199,0.003463223204467236
8e-07,2e-07,1,6,0.3,0.5076371025368374,0.0003154610621647347
4e-07,3e-08,8,2,0.3,0.5074964304388604,0.02293133089507282
4e-07,4e-08,8,2,0.3,0.5074964304388604,0.02293133089507282
1e-07,3e-08,8,1,0.3,0.5068843926197344,0.05863297711608306
1e-07,4e-08,8,1,0.3,0.5068843926197344,0.05863297711608306
3e-06,9e-08,1,1,0.3,0.5067110146790188,-0.03769902088126964
8e-07,2e-07,1,8,0.3,0.5061020220887629,-0.00399254148180439
4e-07,4e-08,1,8,0.3,0.5060454687937904,-0.01166628576201717
4e-07,3e-08,1,8,0.3,0.5060454687937904,-0.01166628576201717
4e-07,6e-08,2,0,0.3,0.5054635405055954,0.02240338598395286
1.6e-06,9e-08,4,5,0.9,0.5051550136885071,-0.05907455077111923
3e-06,2e-07,1,6,0.3,0.504701473020801,-0.0068775229207895805
2e-07,4e-08,4,2,0.3,0.5045455242856476,0.034585107341875254
2e-07,3e-08,4,2,0.3,0.5045455242856476,0.034585107341875254
8e-07,3e-08,8,9,0.0,0.5038515879009842,-0.020826896868421763
8e-07,4e-08,8,9,0.0,0.5038515879009842,-0.020826896868421763
1e-07,6e-08,4,7,0.0,0.5036913925642528,0.0005417050781962862
8e-07,9e-08,8,6,0.0,0.5036037896072573,0.01537817703011235
3e-06,4e-08,2,6,0.3,0.5029775184173501,-0.34354877388533855
3e-06,3e-08,2,6,0.3,0.5029775184173501,-0.34354877388533855
8e-07,6e-08,4,8,0.3,0.5026690198619784,0.017933923784071104
8e-07,1e-06,1,0,0.6,0.5022360026903627,-0.015796821002588793
3e-06,4e-08,2,4,0.3,0.5021722348588352,0.015103012687867623
3e-06,3e-08,2,4,0.3,0.5021722348588352,0.015103012687867623
1e-07,9e-08,4,7,0.0,0.5020555302653111,-0.01407155536475757
1.6e-06,9e-08,8,4,0.9,0.5019326706608684,-0.09982171200499668
1.6e-06,9e-08,2,7,0.3,0.5018790269529223,0.0278319244977282
4e-07,6e-08,1,9,0.3,0.5018675935297405,0.06085002710342402
1e-07,9e-08,1,7,0.0,0.501579868707889,-0.013117482455449858
3e-06,4e-08,2,7,0.0,0.5015217731500835,0.06970766196287881
3e-06,3e-08,2,7,0.0,0.5015217731500835,0.06970766196287881
8e-07,4e-08,8,0,0.6,0.5010333811175253,0.09644391856424084
8e-07,3e-08,8,0,0.6,0.5010333811175253,0.09644391856424084
2e-07,5e-07,1,7,0.0,0.5008957843589267,-0.008199848502065121
2e-07,3e-08,1,9,0.3,0.5003094555565067,-0.046226446896283524
2e-07,4e-08,1,9,0.3,0.5003094555565067,-0.046226446896283524
8e-07,4e-08,4,6,0.3,0.5002202612335468,0.19157651669748002
8e-07,3e-08,4,6,0.3,0.5002202612335468,0.19157651669748002
8e-07,9e-08,8,8,0.0,0.49989079399099634,0.01192557700084318
1.6e-06,4e-08,2,7,0.3,0.4993880822589034,-0.07337969213333542
1.6e-06,3e-08,2,7,0.3,0.4993880822589034,-0.07337969213333542
1.6e-06,6e-08,8,0,0.6,0.4992072969693722,-0.028105308242142107
1.6e-06,4e-08,8,4,0.6,0.49886379005732345,0.3040794682235715
1.6e-06,3e-08,8,4,0.6,0.49886379005732345,0.3040794682235715
2e-07,6e-08,4,1,0.3,0.4977704184066424,0.06853007773033093
8e-07,9e-08,4,9,0.3,0.49762793689004453,0.015340507136837767
3e-06,6e-08,4,2,0.3,0.4969673448140357,0.07214596207654467
3e-06,6e-08,2,6,0.3,0.4969048326196148,0.061365825120186734
8e-07,3e-08,1,6,0.3,0.4967430418881677,0.015969993913365677
8e-07,4e-08,1,6,0.3,0.4967430418881677,0.015969993913365677
1.6e-06,6e-08,4,7,0.0,0.49669222720340384,0.0231280458132489
1e-07,9e-08,1,6,0.0,0.4966428006712724,-0.004736418816661425
8e-07,9e-08,1,6,0.3,0.4965187136116033,0.05543235302776717
3e-06,3e-08,1,4,0.3,0.4964369078205668,-0.0027808350293021533
3e-06,4e-08,1,4,0.3,0.4964369078205668,-0.0027808350293021533
2e-07,3e-08,2,2,0.3,0.49626673583993985,0.024287636928812528
2e-07,4e-08,2,2,0.3,0.49626673583993985,0.024287636928812528
8e-07,2e-07,1,7,0.3,0.4962523744798533,-0.008910564766117512
2e-07,6e-08,4,4,0.3,0.4961593797029723,-0.006509959358909967
1e-07,3e-08,1,4,0.3,0.4960756578466598,-0.010238243338631547
1e-07,4e-08,1,4,0.3,0.4960756578466598,-0.010238243338631547
8e-07,6e-08,8,0,0.9,0.4958472935647057,-0.06532882157924769
1e-07,5e-07,4,8,0.0,0.49536308666625234,-0.02753947368200893
2e-07,2e-07,1,7,0.0,0.4952991521009794,-0.012288663299241387
3e-06,6e-08,8,1,0.3,0.4952812194336776,0.07236949388804215
1e-07,9e-08,2,1,0.3,0.49472472241886073,0.027010147917204907
1e-07,1e-06,8,8,0.0,0.49437187440489067,-0.02544377885027249
3e-06,5e-07,8,5,0.9,0.4942174348755862,-0.043177847801906505
3e-06,9e-08,1,4,0.3,0.4941141118171413,-0.06615332357496273
1e-07,6e-08,8,8,0.0,0.49402325971098604,-0.006002370647592903
4e-07,4e-08,2,4,0.3,0.4930183095676234,-0.017276327233481714
4e-07,3e-08,2,4,0.3,0.4930183095676234,-0.017276327233481714
8e-07,6e-08,2,9,0.3,0.4922960583981878,0.06341165360206402
1e-07,5e-07,4,6,0.0,0.4921640210772936,-0.020339300312013253
4e-07,6e-08,1,5,0.6,0.4918772730498743,-0.02666711141117295
8e-07,4e-08,4,4,0.3,0.49167750256562276,0.009169374757068471
8e-07,3e-08,4,4,0.3,0.49167750256562276,0.009169374757068471
1e-07,5e-07,1,5,0.6,0.4915750302206626,-0.10015520261924436
2e-07,5e-07,2,6,0.0,0.4914277444052481,-0.01740526831170497
1.6e-06,3e-08,2,4,0.3,0.49107105848798405,0.006083298362935863
1.6e-06,4e-08,2,4,0.3,0.49107105848798405,0.006083298362935863
4e-07,3e-08,1,7,0.3,0.4909641177807746,0.015214153881439985
4e-07,4e-08,1,7,0.3,0.4909641177807746,0.015214153881439985
1.6e-06,4e-08,4,4,0.3,0.4905308032678932,0.014141176373757447
1.6e-06,3e-08,4,4,0.3,0.4905308032678932,0.014141176373757447
8e-07,6e-08,4,5,0.3,0.49032117761800825,0.0566259079110214
1e-07,9e-08,4,5,0.3,0.48993779546391697,-0.08081052291400315
1.6e-06,6e-08,4,9,0.3,0.48979268676231547,0.036455963023317106
8e-07,6e-08,8,6,0.0,0.4896954925577351,0.02489193112012822
1.6e-06,6e-08,1,8,0.3,0.4895690970711003,0.0747799362732533
4e-07,4e-08,8,7,0.0,0.48940893614788605,0.0010275439955009236
4e-07,3e-08,8,7,0.0,0.48940893614788605,0.0010275439955009236
8e-07,6e-08,8,2,0.3,0.48929867294558677,0.05487397739721478
4e-07,9e-08,4,2,0.3,0.4892850348591359,-0.009883853939411602
3e-06,2e-07,1,8,0.3,0.4891967471953819,-0.0036570862570459717
1.6e-06,4e-08,1,7,0.3,0.4890541275589347,0.08076350418100897
1.6e-06,3e-08,1,7,0.3,0.4890541275589347,0.08076350418100897
1.6e-06,2e-07,1,6,0.3,0.4890319292843886,-0.0019448257271490466
3e-06,5e-07,2,4,0.3,0.48876473726533876,-0.6233760243757489
4e-07,6e-08,2,7,0.3,0.48812618625895327,0.053193696493415765
8e-07,6e-08,4,6,0.3,0.48804210498712397,0.04308130176155911
3e-06,3e-08,2,8,0.0,0.4878945668325688,0.027779313032981423
3e-06,4e-08,2,8,0.0,0.4878945668325688,0.027779313032981423
3e-06,5e-07,8,8,0.0,0.4878861266124434,0.001222759554563857
1.6e-06,9e-08,4,2,0.3,0.4870295524974474,0.04273725913748261
1.6e-06,9e-08,2,8,0.3,0.48681179134375385,0.025512689844617742
1e-07,5e-07,2,9,0.0,0.48636016311208763,0.020961239120056763
8e-07,9e-08,8,5,0.9,0.48581829455626924,-0.06687191409715021
1e-07,9e-08,4,8,0.0,0.4856328698730641,-0.015553265163037455
2.5e-06,5e-07,8,3,0.9,0.4840464577085699,-0.09927604127016759
1e-07,1e-06,2,7,0.0,0.4831755957718757,0.3463696827407401
1.6e-06,9e-08,8,1,0.9,0.4824825169432444,-0.06845612121911576
3e-06,9e-08,2,5,0.9,0.4818761735538025,-0.05802548426184162
1.6e-06,9e-08,4,7,0.0,0.48177333465366523,0.021610181589613142
1.6e-06,6e-08,8,2,0.3,0.48162185000511154,0.07153721374586741
1e-07,6e-08,8,6,0.0,0.48139100834727155,-0.0009925679490321304
1e-07,1e-06,4,8,0.0,0.481368911247965,0.018513713716335256
1.6e-06,9e-08,8,2,0.9,0.48058124037266736,-0.0740579704189378
2e-07,1e-06,2,8,0.0,0.4805634835128976,0.061715199691853795
8e-07,4e-08,2,6,0.3,0.48045796599765855,0.15458418386328837
8e-07,3e-08,2,6,0.3,0.48045796599765855,0.15458418386328837
1.6e-06,4e-08,4,6,0.0,0.4799282464969579,-0.030925291392364385
1.6e-06,3e-08,4,6,0.0,0.4799282464969579,-0.030925291392364385
2e-07,1e-06,1,7,0.0,0.47868976921637313,0.4533465156058517
1.6e-06,3e-08,8,4,0.3,0.4786428859932069,0.019056768865501228
1.6e-06,4e-08,8,4,0.3,0.4786428859932069,0.019056768865501228
2e-07,4e-08,8,5,0.3,0.47860876086203846,0.02738057608320743
2e-07,3e-08,8,5,0.3,0.47860876086203846,0.02738057608320743
4e-07,4e-08,8,5,0.9,0.4785166429479174,-0.029635271394620577
4e-07,3e-08,8,5,0.9,0.4785166429479174,-0.029635271394620577
8e-07,4e-08,4,5,0.3,0.4784446559044338,0.01698838881344522
8e-07,3e-08,4,5,0.3,0.4784446559044338,0.01698838881344522
2e-07,1e-06,1,8,0.0,0.4782613718793914,0.5450506593122327
1.6e-06,9e-08,2,9,0.3,0.4781287492964511,0.03435564058695917
2e-07,6e-08,1,8,0.0,0.4781218163472614,-0.00838278632098477
2e-07,5e-07,2,8,0.0,0.47771133803384674,-0.020068250570380974
3e-06,4e-08,2,9,0.3,0.47747445584452886,-0.06845822256274997
3e-06,3e-08,2,9,0.3,0.47747445584452886,-0.06845822256274997
1.6e-06,4e-08,4,0,0.6,0.47726666297965137,0.15046176128609023
1.6e-06,3e-08,4,0,0.6,0.47726666297965137,0.15046176128609023
1.6e-06,9e-08,8,0,0.6,0.47717918730986986,-0.01786191470731155
8e-07,3e-08,8,4,0.3,0.47696033865454135,0.011915152731322709
8e-07,4e-08,8,4,0.3,0.47696033865454135,0.011915152731322709
3e-06,6e-08,4,1,0.9,0.47692346574877503,-0.07770691910961192
4e-07,9e-08,1,5,0.6,0.47682911115638305,-0.012522568958301228
3e-06,6e-08,4,5,0.6,0.47680687972841695,0.013084659383420572
1.6e-06,6e-08,2,7,0.3,0.47630926358478,0.040856783682365116
2e-07,9e-08,2,0,0.3,0.47619961808411204,-0.0022714184167892393
8e-07,9e-08,4,5,0.3,0.47522362725153355,0.029831277761676156
8e-07,3e-08,8,2,0.9,0.47520643554408454,0.023177586206896528
8e-07,4e-08,8,2,0.9,0.47520643554408454,0.023177586206896528
4e-07,9e-08,1,6,0.3,0.4751595142126959,0.014630304770495095
8e-07,6e-08,4,0,0.3,0.47485834117159154,0.00562130945733097
3e-06,3e-08,4,4,0.6,0.4744109754789555,0.20778973065701856
3e-06,4e-08,4,4,0.6,0.4744109754789555,0.20778973065701856
2e-07,1e-06,8,8,0.0,0.47410825963643066,-0.024519357668210784
2e-07,1e-06,4,7,0.0,0.4740871167003218,-0.019683094303635462
2e-07,6e-08,4,7,0.0,0.47349705457999614,0.002878165062690674
1e-07,1e-06,4,9,0.0,0.4733143583942758,0.029746395553161165
1.6e-06,6e-08,2,9,0.3,0.4732794254208586,0.05009077582770971
4e-07,9e-08,1,4,0.3,0.4731649239004848,-0.19347553181049743
2e-07,2e-07,1,9,0.0,0.47314686053893007,-0.03140547635239366
4e-07,9e-08,8,7,0.0,0.4729218531810074,0.009995328983472662
1e-07,9e-08,4,6,0.0,0.4728755361305083,-0.00020382415939956822
4e-07,4e-08,8,8,0.0,0.4727738351579688,0.21816308360036907
4e-07,3e-08,8,8,0.0,0.4727738351579688,0.21816308360036907
4e-07,3e-08,2,6,0.3,0.4725542513671172,0.21605008609471524
4e-07,4e-08,2,6,0.3,0.4725542513671172,0.21605008609471524
4e-07,6e-08,4,5,0.3,0.4710981035301921,0.056181262277495425
1e-07,9e-08,8,7,0.0,0.4707676791839943,-0.007682225949128152
1.6e-06,1e-06,4,0,0.6,0.4703125301532429,0.005579190693194111
2e-07,4e-08,8,2,0.3,0.47001791798563775,0.03757661851657945
2e-07,3e-08,8,2,0.3,0.47001791798563775,0.03757661851657945
2e-07,9e-08,8,7,0.0,0.46995947545997147,-0.0032936806731442836
8e-07,4e-08,4,9,0.3,0.4694165043059574,0.35184277095307653
8e-07,3e-08,4,9,0.3,0.4694165043059574,0.35184277095307653
3e-06,6e-08,2,7,0.0,0.4690356401315913,0.024660064046603813
3e-06,6e-08,1,6,0.3,0.4689015401169024,0.08744014480956475
1e-07,6e-08,2,4,0.3,0.46888543541489536,0.01965148974233366
8e-07,6e-08,8,9,0.0,0.46864008143578506,0.015177344629614176
1e-07,6e-08,1,2,0.3,0.46814328221305324,-0.03126530206441003
8e-07,9e-08,1,8,0.3,0.4680460187466721,0.043975542334401596
2e-07,1e-06,1,9,0.0,0.4679902308006037,0.47473036657112155
3e-06,3e-08,1,6,0.3,0.46782299585199016,-0.332955395681597
3e-06,4e-08,1,6,0.3,0.46782299585199016,-0.332955395681597
1e-07,4e-08,1,5,0.3,0.46674857572273326,-0.020724453748214633
1e-07,3e-08,1,5,0.3,0.46674857572273326,-0.020724453748214633
1e-07,9e-08,8,8,0.0,0.46612520355721665,-0.01534813835801263
1.6e-06,6e-08,4,8,0.0,0.4660988719539116,0.018749470014214453
4e-07,9e-08,2,5,0.3,0.4658678498226284,-0.09814262592485423
3e-06,4e-08,4,4,0.3,0.46563827057734947,0.01486914189483901
3e-06,3e-08,4,4,0.3,0.46563827057734947,0.01486914189483901
2e-07,1e-06,2,7,0.0,0.46560829536616205,-0.008380274575199076
2e-07,2e-07,1,8,0.0,0.4655484417633981,-0.018270371442545508
8e-07,9e-08,8,9,0.0,0.465197355655674,0.006230856906457749
1e-07,1e-06,4,7,0.0,0.46503713101307975,-0.011915553084882236
2e-07,1e-06,1,6,0.0,0.46499700531583843,0.02057805129336432
1e-07,1e-06,8,0,0.6,0.4648279921536581,-0.010456367892660245
1e-07,1e-06,8,7,0.0,0.46478823361517135,-0.021914497183331605
2e-07,1e-06,4,9,0.0,0.4647456518853879,-0.024810596409842844
2e-07,1e-06,2,9,0.0,0.46457695314221725,0.10161718945494158
3e-06,9e-08,4,2,0.3,0.46430569327445703,0.07349959463004158
1e-07,1e-06,8,6,0.0,0.46396673722640125,-0.02230190022583356
3e-06,9e-08,4,4,0.9,0.46390841094635976,-0.0937820649634612
4e-07,4e-08,2,0,0.3,0.46382815027118446,0.008224771961346744
4e-07,3e-08,2,0,0.3,0.46382815027118446,0.008224771961346744
1.6e-06,4e-08,4,4,0.9,0.46360013545666606,0.05571195611127283
1.6e-06,3e-08,4,4,0.9,0.46360013545666606,0.05571195611127283
2e-07,5e-07,4,7,0.0,0.4635671119012179,-0.0214643855864316
8e-07,6e-08,2,6,0.3,0.4635442767979308,0.050778258650091
4e-07,6e-08,2,2,0.3,0.4634528781546178,0.042528607569956356
1e-07,9e-08,1,2,0.6,0.46339669585019455,-0.053564412187806415
2e-07,1e-06,8,7,0.0,0.4633263267011503,-0.022736935625001897
1.6e-06,6e-08,2,1,0.3,0.4633213108358002,0.020080609936347638
4e-07,5e-07,1,8,0.0,0.4632714986572986,-0.012169224514104182
1e-07,4e-08,1,6,0.0,0.4630830254217013,0.1281223612909987
1e-07,3e-08,1,6,0.0,0.4630830254217013,0.1281223612909987
1e-07,1e-06,1,5,0.6,0.4629808957478934,-0.2930765103131983
2e-07,4e-08,2,1,0.3,0.4628860436913441,-0.014071570391641863
2e-07,3e-08,2,1,0.3,0.4628860436913441,-0.014071570391641863
8e-07,4e-08,4,5,0.9,0.4628425941600283,0.023165517241377276
8e-07,3e-08,4,5,0.9,0.4628425941600283,0.023165517241377276
8e-07,4e-08,1,7,0.3,0.46277163079775396,0.025760965115981582
8e-07,3e-08,1,7,0.3,0.46277163079775396,0.025760965115981582
3e-06,6e-08,4,0,0.6,0.46264673200358014,-0.025154884893081042
3e-06,6e-08,2,2,0.3,0.4624313213822876,0.045560463058242684
3e-06,5e-07,8,7,0.0,0.46231380535095024,0.003401800314471237
8e-07,4e-08,1,9,0.3,0.46204353537933507,0.02269837270926134
8e-07,3e-08,1,9,0.3,0.46204353537933507,0.02269837270926134
1.6e-06,1e-06,2,0,0.6,0.46178141832066366,0.004469288594837154
4e-07,3e-08,4,4,0.3,0.46156522552984985,0.017686279611653588
4e-07,4e-08,4,4,0.3,0.46156522552984985,0.017686279611653588
2e-07,1e-06,2,6,0.0,0.4614640128760266,-0.0037137389129311416
8e-07,3e-08,2,9,0.3,0.4613228124514239,0.012792105008850141
8e-07,4e-08,2,9,0.3,0.4613228124514239,0.012792105008850141
2e-07,9e-08,8,6,0.0,0.46121866266432854,0.004546244970263125
1e-07,1e-06,8,9,0.0,0.4611138422359569,-0.026845929413933267
3e-06,6e-08,1,9,0.3,0.4610219965312414,0.07940793268377222
3e-06,9e-08,8,4,0.6,0.4607256970234035,-0.05670777408998842
1e-07,4e-08,1,2,0.3,0.4605015047983557,-0.13225362506527139
1e-07,3e-08,1,2,0.3,0.4605015047983557,-0.13225362506527139
2e-07,1e-06,4,6,0.0,0.46047589384272464,-0.01480812270134646
1.6e-06,4e-08,2,6,0.3,0.4604343359725613,-0.17883066468915482
1.6e-06,3e-08,2,6,0.3,0.4604343359725613,-0.17883066468915482
1.6e-06,1e-06,8,4,0.3,0.46033542771212355,-0.5845359060207701
4e-07,4e-08,8,6,0.0,0.4602309755895829,0.0384008091576879
4e-07,3e-08,8,6,0.0,0.4602309755895829,0.0384008091576879
4e-07,6e-08,2,9,0.3,0.4600491682028145,0.0514510586665019
1e-07,5e-07,8,8,0.0,0.4599304116237894,-0.029497832640281718
3e-06,6e-08,8,2,0.6,0.4599040739290773,0.00913367752336297
8e-07,6e-08,1,9,0.3,0.4598612521835621,0.06375491586734783
1.6e-06,6e-08,4,0,0.9,0.45976399373302296,-0.06764433082711069
1.6e-06,1e-06,1,0,0.6,0.45928398300246087,0.000511737490635808
1e-07,1e-06,4,6,0.0,0.4591662296139682,-0.008848179591513072
3e-06,5e-07,8,9,0.0,0.4588466955500324,-0.0024233513860183464
4e-07,5e-07,2,8,0.0,0.45868502590828947,-0.01526208072988866
2e-07,5e-07,8,8,0.0,0.4584623862079642,-0.027224909778635786
1e-07,1e-06,1,6,0.0,0.45812182560242964,0.06825888425198812
3e-06,4e-08,2,0,0.6,0.4579444039546354,0.21021782904692288
3e-06,3e-08,2,0,0.6,0.4579444039546354,0.21021782904692288
8e-07,6e-08,8,5,0.3,0.45788818978198426,0.07592925152901042
1.6e-06,6e-08,4,1,0.3,0.457728635282508,0.06368418242492724
1e-07,9e-08,2,9,0.0,0.45725906173278935,-0.009465486107468002
1.6e-06,6e-08,4,6,0.0,0.4571458151705997,0.027812866175007223
3e-06,3e-08,8,4,0.3,0.45706929741132896,0.03272934623253032
3e-06,4e-08,8,4,0.3,0.45706929741132896,0.03272934623253032
8e-07,3e-08,8,4,0.9,0.4563408747334841,0.04924976270430853
8e-07,4e-08,8,4,0.9,0.4563408747334841,0.04924976270430853
2e-07,1e-06,8,9,0.0,0.45575377454326826,-0.02875794304940671
3e-06,4e-08,2,6,0.0,0.45546348067222187,0.12859287094388266
3e-06,3e-08,2,6,0.0,0.45546348067222187,0.12859287094388266
2e-07,5e-07,2,7,0.0,0.45531711172075956,-0.017164288593431
8e-07,9e-08,2,1,0.3,0.45521525639319566,-0.04073624432036149
4e-07,4e-08,1,9,0.3,0.4547377963065963,-0.14703911031203265
4e-07,3e-08,1,9,0.3,0.4547377963065963,-0.14703911031203265
8e-07,6e-08,2,1,0.3,0.45455456075197753,0.04883078847490396
2e-07,5e-07,4,8,0.0,0.4544076520342403,-0.024286211430181615
8e-07,6e-08,4,1,0.3,0.4543370411204191,0.07550957512512446
4e-07,5e-07,8,4,0.3,0.45427251472872304,-0.603519313749337
1.6e-06,3e-08,4,9,0.3,0.4539100322095123,0.12282348030188853
1.6e-06,4e-08,4,9,0.3,0.4539100322095123,0.12282348030188853
2e-07,9e-08,4,7,0.0,0.4537792883378482,-0.010058971993995192
2e-07,1e-06,8,6,0.0,0.4527982291092817,-0.020908033531859327
1.6e-06,2e-07,1,0,0.6,0.4525578174355166,-0.005025459448860153
4e-07,3e-08,1,6,0.3,0.4523502765388104,0.04845265069695892
4e-07,4e-08,1,6,0.3,0.4523502765388104,0.04845265069695892
4e-07,1e-06,8,7,0.0,0.45210601337768486,-0.01812408245830155
4e-07,5e-07,1,7,0.0,0.4520441545830759,-0.013752393591043854
2e-07,3e-08,8,4,0.3,0.4519237431890152,-0.007763490110244353
2e-07,4e-08,8,4,0.3,0.4519237431890152,-0.007763490110244353
2.5e-06,1e-06,8,3,0.9,0.45189480720447656,-0.07682756816691666
1.6e-06,3e-08,2,5,0.9,0.4517406070473967,-0.008813830603500106
1.6e-06,4e-08,2,5,0.9,0.4517406070473967,-0.008813830603500106
1e-07,9e-08,1,9,0.0,0.4516168797351595,-0.010201428193160722
2e-07,5e-07,4,6,0.0,0.4515335335962963,-0.02406787632655183
8e-07,6e-08,2,0,0.3,0.4510362065675391,0.005477918442415963
1.5e-06,3e-07,8,3,0.9,0.4509898146377104,-0.0871707195941856
1e-07,3e-08,2,2,0.3,0.45086771180833407,0.05119122452811309
1e-07,4e-08,2,2,0.3,0.45086771180833407,0.05119122452811309
1e-07,9e-08,1,8,0.0,0.4508505872905217,-0.015866482943807547
2e-07,4e-08,2,4,0.3,0.45081456535481534,-0.009561215456944439
2e-07,3e-08,2,4,0.3,0.45081456535481534,-0.009561215456944439
2e-07,9e-08,4,8,0.0,0.4506544046501485,-0.005190447527039899
1.6e-06,9e-08,2,5,0.3,0.4504676450538052,0.028934080367556403
4e-07,1e-06,4,7,0.0,0.450132193073652,-0.017041627037234997
3e-06,9e-08,4,2,0.9,0.45009212137606636,-0.07216318671346555
2e-07,5e-07,8,6,0.0,0.44957849920020826,-0.021276615105404018
3e-06,3e-08,2,4,0.9,0.4494019945268648,0.09666886792452839
3e-06,4e-08,2,4,0.9,0.4494019945268648,0.09666886792452839
2e-07,1e-06,4,8,0.0,0.449273306873739,-0.020424150575610645
1e-07,3e-08,2,7,0.0,0.44904998524607664,-0.029672901842569932
1e-07,4e-08,2,7,0.0,0.44904998524607664,-0.029672901842569932
4e-07,6e-08,8,8,0.0,0.4488253995813296,0.008692468942982479
3e-06,6e-08,2,8,0.0,0.4486692466696189,0.016938626783643107
1.6e-06,6e-08,1,7,0.3,0.4485393763785789,0.07067393888768225
1.6e-06,9e-08,4,8,0.0,0.4484907461994269,0.016376198243149287
2e-07,6e-08,1,9,0.0,0.44826163697611066,0.0002636182808772869
1e-07,5e-07,4,7,0.0,0.4482355535173264,-0.024823426280736527
3e-06,5e-07,8,6,0.0,0.44807755969661994,0.004549298172333294
4e-07,5e-07,4,7,0.0,0.4476393573371581,-0.0150647437805832
8e-07,3e-08,8,5,0.6,0.447596981932396,-0.008882035462345117
8e-07,4e-08,8,5,0.6,0.447596981932396,-0.008882035462345117
4e-07,9e-08,8,8,0.0,0.4474850632609531,0.005220891606337985
8e-07,9e-08,8,0,0.9,0.44747666302868333,-0.05247854451899725
1.6e-06,2e-07,1,8,0.3,0.4474541454741533,0.0004476836682391072
1.6e-06,6e-08,2,4,0.3,0.4472998859968045,0.015011369309635647
3e-06,3e-08,2,2,0.9,0.44700669972284474,0.03701192250372426
3e-06,4e-08,2,2,0.9,0.44700669972284474,0.03701192250372426
2e-07,3e-08,8,7,0.0,0.4469148655621229,0.03563061967432862
2e-07,4e-08,8,7,0.0,0.4469148655621229,0.03563061967432862
2e-07,5e-07,8,7,0.0,0.44686003481175396,-0.025257302755454458
1.6e-06,3e-08,4,2,0.9,0.44670743414047526,-0.035253759035915044
1.6e-06,4e-08,4,2,0.9,0.44670743414047526,-0.035253759035915044
4e-07,5e-07,8,7,0.0,0.44621028458202866,-0.015698828639723827
1.6e-06,2e-07,1,7,0.3,0.44620303218237883,-0.01222819266137698
1.6e-06,9e-08,4,6,0.0,0.44476361160757716,0.020188755015539628
4e-07,1e-06,8,8,0.0,0.4445252424547245,-0.01850833652512296
3e-06,6e-08,2,0,0.9,0.4440439088931796,-0.05782594156615517
3e-06,4e-08,2,5,0.6,0.4438992564198993,0.39383933949100935
3e-06,3e-08,2,5,0.6,0.4438992564198993,0.39383933949100935
2.65e-06,1e-06,4,0,0.6,0.4438609137659961,0.005417386063869031
3e-06,9e-08,4,0,0.6,0.4433437677659426,-0.02257106714958021
1.6e-06,3e-08,1,6,0.3,0.44329830827353545,-0.16835312004720948
1.6e-06,4e-08,1,6,0.3,0.44329830827353545,-0.16835312004720948
1e-07,4e-08,2,8,0.0,0.44316062728563316,-0.01674670105532139
1e-07,3e-08,2,8,0.0,0.44316062728563316,-0.01674670105532139
1.6e-06,4e-08,4,9,0.0,0.44280989179564656,-0.002470497786963899
1.6e-06,3e-08,4,9,0.0,0.44280989179564656,-0.002470497786963899
1.6e-06,9e-08,1,4,0.3,0.4426833552311261,-0.07302225117966615
2e-07,4e-08,8,6,0.0,0.4426167917220529,0.12517874028354264
2e-07,3e-08,8,6,0.0,0.4426167917220529,0.12517874028354264
1e-07,6e-08,4,9,0.0,0.4425566499501451,-0.0053599961374732885
1.6e-06,6e-08,2,6,0.3,0.4422645847997016,0.06344749859559029
1e-07,5e-07,4,9,0.0,0.4420189784322284,-0.032781026362851406
1e-07,5e-07,8,1,0.6,0.4418269902075089,-0.009092766011117887
1e-07,9e-08,8,9,0.0,0.44138469573110867,-0.0058165065111738246
2e-07,9e-08,4,6,0.0,0.441060717830711,-0.0018561964610638304
2.65e-06,1e-06,2,0,0.6,0.4409512620296292,0.0045236907785919656
3e-06,9e-08,2,7,0.0,0.4406431860130201,0.02087106838717223
3e-06,6e-08,8,5,0.3,0.4404052873447105,0.08243966663224989
8e-07,5e-07,8,8,0.0,0.44036115652056707,-0.012601928971697651
1.6e-06,5e-07,8,8,0.0,0.44027818194031065,-0.004656038879454316
8e-07,6e-08,8,0,0.6,0.44016578086011604,-0.02841276989299754
2.5e-06,3e-07,8,3,0.6,0.4398222407285391,-0.059562973119539564
4e-07,9e-08,8,6,0.0,0.43970327572473805,0.013099407218201575
8e-07,5e-07,8,0,0.6,0.4396188700924277,0.005569105495808482
2e-07,6e-08,8,7,0.0,0.43950692299832694,0.006780842602370329
4e-07,5e-07,1,6,0.0,0.43920323704479164,-0.009139328058693774
8e-07,1e-06,8,7,0.0,0.43896122343337163,-0.017212060231270532
2e-07,2e-07,1,6,0.0,0.4387755171679452,-0.014281378812077805
1.6e-06,5e-07,4,4,0.3,0.4385267779955323,-0.5678792261180419
2e-07,9e-08,2,7,0.0,0.4384658949666808,-0.011318371798716198
1e-07,6e-08,4,6,0.0,0.4384246460522343,-0.007415620523453459
1e-07,5e-07,8,7,0.0,0.43842131449850985,-0.024640690822867573
1e-07,6e-08,8,9,0.0,0.43824656540384677,0.005701102165651228
4e-07,6e-08,8,7,0.0,0.4378651851344313,0.014566656013744073
1.6e-06,6e-08,8,5,0.6,0.43782721013568365,0.0019789544375540258
8e-07,4e-08,4,7,0.0,0.43766663655671645,-0.03572413948515191
8e-07,3e-08,4,7,0.0,0.43766663655671645,-0.03572413948515191
1e-07,1e-06,2,9,0.0,0.4374754882789011,-0.001244637491854661
4e-07,5e-07,2,7,0.0,0.4372713167179718,-0.013772043954209612
3e-06,9e-08,1,2,0.3,0.4370191179975844,-0.030778623705344788
1.6e-06,4e-08,2,0,0.6,0.4367609034632268,0.2347845459288539
1.6e-06,3e-08,2,0,0.6,0.4367609034632268,0.2347845459288539
1.6e-06,6e-08,1,1,0.3,0.4359059244849477,0.0035614704759736604
8e-07,1e-06,8,8,0.0,0.43576827306017274,-0.017509299474165685
8e-07,4e-08,4,0,0.9,0.43566903004934854,-0.09818083208382161
8e-07,3e-08,4,0,0.9,0.43566903004934854,-0.09818083208382161
8e-07,5e-07,2,0,0.6,0.4354583613734705,-0.0008257812659699243
3e-06,9e-08,8,2,0.6,0.4352270887162099,-0.014566935687001792
2e-07,4e-08,2,9,0.3,0.43495731995226833,-0.10047789651786593
2e-07,3e-08,2,9,0.3,0.43495731995226833,-0.10047789651786593
1.6e-06,9e-08,1,6,0.3,0.4347586805060293,0.034627979013865606
3e-06,4e-08,1,5,0.9,0.43468738543234176,0.03706809145129286
3e-06,3e-08,1,5,0.9,0.43468738543234176,0.03706809145129286
4e-07,9e-08,4,7,0.0,0.4343246746234494,0.007090352857772708
4e-07,5e-07,8,8,0.0,0.43429910865701915,-0.015565690036890345
4e-07,5e-07,1,9,0.0,0.4342660705221326,-0.012652810699441575
1e-07,5e-07,8,6,0.0,0.4341205877136103,-0.026696678110801897
8e-07,6e-08,2,7,0.3,0.43376651059312177,0.01089603522271887
3e-06,9e-08,4,5,0.6,0.4335446920370315,-0.0030812239440599076
4e-07,3e-08,8,4,0.3,0.4328507455554053,0.015304235711031122
4e-07,4e-08,8,4,0.3,0.4328507455554053,0.015304235711031122
2e-07,4e-08,4,5,0.3,0.4327681745154456,-0.009682068503328756
2e-07,3e-08,4,5,0.3,0.4327681745154456,-0.009682068503328756
8e-07,4e-08,8,1,0.9,0.4327608400053459,-0.03153268810087667
8e-07,3e-08,8,1,0.9,0.4327608400053459,-0.03153268810087667
4e-07,5e-07,4,8,0.0,0.43270527019732513,-0.017167310605246122
4e-07,1e-06,4,9,0.0,0.4324617052935489,-0.020544778077849823
1e-07,9e-08,8,2,0.3,0.4324344004924018,0.009853183772740803
2e-07,6e-08,2,1,0.3,0.4321123274735819,0.12512477301826275
4e-07,1e-06,8,6,0.0,0.43180636585576915,-0.01371734760133414
2e-07,6e-08,4,6,0.0,0.4314832557539782,0.005806260368815819
1.6e-06,3e-08,2,9,0.3,0.431451527238141,0.08220150382781416
1.6e-06,4e-08,2,9,0.3,0.431451527238141,0.08220150382781416
4e-07,5e-07,2,6,0.0,0.43117642639102893,-0.013732057477323978
8e-07,9e-08,4,7,0.0,0.4310326427462547,0.013107210872814634
2e-07,9e-08,8,1,0.3,0.4309159599691375,0.08793151308583613
1e-07,6e-08,2,0,0.3,0.4307669299142476,0.0055128934728866374
8e-07,5e-07,8,7,0.0,0.4305532906163016,-0.012096926482628279
8e-07,6e-08,1,2,0.6,0.4303627603963512,-0.00395530527480481
1.6e-06,3e-08,2,0,0.9,0.4302117311174838,-0.09062914723436705
1.6e-06,4e-08,2,0,0.9,0.4302117311174838,-0.09062914723436705
3e-06,4e-08,1,9,0.3,0.43012892961274324,0.07420144525550283
3e-06,3e-08,1,9,0.3,0.43012892961274324,0.07420144525550283
4e-07,5e-07,4,9,0.0,0.4300662197781806,-0.012081737690049277
2.65e-06,1e-06,8,8,0.0,0.4300100176698688,-0.004889346553635154
4e-07,1e-06,1,8,0.0,0.429777758741175,0.1190406529143887
4e-07,4e-08,8,0,0.9,0.4297217039972149,-0.012705368193986655
4e-07,3e-08,8,0,0.9,0.4297217039972149,-0.012705368193986655
8e-07,1e-06,8,6,0.0,0.4296711253002713,-0.01337114118468341
1.6e-06,5e-07,8,7,0.0,0.4295334813052409,-0.005140746572519284
4e-07,9e-08,4,0,0.3,0.4293570067397027,0.008026824166545599
1e-07,9e-08,2,2,0.6,0.4291082045646314,-0.04269135842098473
8e-07,3e-08,4,0,0.6,0.4289011897132024,-0.05144532926030354
8e-07,4e-08,4,0,0.6,0.4289011897132024,-0.05144532926030354
4e-07,9e-08,8,1,0.3,0.4288879999216227,0.10223104888848789
4e-07,5e-07,2,9,0.0,0.42866370399474807,-0.014538559389292383
2e-07,5e-07,4,9,0.0,0.42865002464974156,-0.019844829913229445
1e-07,6e-08,4,2,0.3,0.4283538901424954,0.04545285142563216
4e-07,1e-06,2,8,0.0,0.42823323062965246,-0.014669997778114618
8e-07,6e-08,1,5,0.6,0.42796984963744916,-0.021719519893531103
4e-07,5e-07,8,6,0.0,0.4275911365003534,-0.014367017194515497
1e-07,6e-08,4,8,0.0,0.4275822702306554,-0.0044121134114796234
1e-07,9e-08,8,6,0.0,0.42687727850939616,-0.003359842944728242
3e-06,4e-08,1,7,0.0,0.42679501212778287,0.03789694095231472
3e-06,3e-08,1,7,0.0,0.42679501212778287,0.03789694095231472
1.6e-06,1e-06,8,8,0.0,0.42648478223869535,-0.010657000763718893
4e-07,1e-06,2,9,0.0,0.4259446037214668,-0.017352318839494063
2e-07,4e-08,8,5,0.9,0.425878391252808,-0.060572559180134766
2e-07,3e-08,8,5,0.9,0.425878391252808,-0.060572559180134766
8e-07,5e-07,1,0,0.6,0.4257013727256583,-0.010724428898957597
1e-07,9e-08,1,1,0.6,0.42549780985264274,-0.03730868976549487
1.6e-06,9e-08,4,9,0.0,0.4252896099056029,0.01576487826171058
1e-07,4e-08,1,9,0.0,0.42509898501193594,-0.0027454255130987537
1e-07,3e-08,1,9,0.0,0.42509898501193594,-0.0027454255130987537
8e-07,5e-07,4,7,0.0,0.4249332449420091,-0.015742371528575605
4e-07,1e-06,4,6,0.0,0.4245515891172076,-0.01218875329377267
8e-07,9e-08,4,6,0.0,0.4245222121929359,0.013276656548689814
3e-06,2e-07,1,5,0.6,0.424165349009884,-0.002824829257576711
8e-07,3e-08,8,1,0.3,0.4240820303056694,0.01823470131714755
8e-07,4e-08,8,1,0.3,0.4240820303056694,0.01823470131714755
3e-06,6e-08,2,6,0.0,0.42362808180353106,0.027084522084830254
8e-07,1e-06,8,9,0.0,0.42315577405147825,-0.01762816593507399
8e-07,5e-07,4,0,0.6,0.4231183270066544,0.004101572166526873
4e-07,5e-07,4,6,0.0,0.4231165098166506,-0.013721309438686102
3e-06,2e-07,1,0,0.6,0.42285471620807424,-0.004248459270188645
1.6e-06,6e-08,1,9,0.3,0.42263068439782653,0.040270510501240864
4e-07,5e-07,8,9,0.0,0.422607481821163,-0.013592626706031896
1.6e-06,1e-06,8,0,0.6,0.42241324916698114,0.005943413364185246
4e-07,1e-06,2,7,0.0,0.42238901332422996,-0.012171668703311544
1e-07,6e-08,2,1,0.6,0.4222871504302259,-0.020852850979801052
4e-07,4e-08,4,7,0.0,0.4220124502513287,0.03510372346604318
4e-07,3e-08,4,7,0.0,0.4220124502513287,0.03510372346604318
4e-07,1e-06,8,9,0.0,0.42199670707140813,-0.020532136406981927
1e-07,4e-08,1,0,0.3,0.4219222178914316,-0.017707216782420043
1e-07,3e-08,1,0,0.3,0.4219222178914316,-0.017707216782420043
2e-07,3e-08,4,4,0.3,0.4215590547422474,-0.005303165809234067
2e-07,4e-08,4,4,0.3,0.4215590547422474,-0.005303165809234067
2.65e-06,1e-06,1,0,0.6,0.42148202234447085,0.0027054784277617816
4e-07,1e-06,1,7,0.0,0.4210335296581536,-0.0027338389786695227
1e-07,6e-08,1,0,0.3,0.42101538924760284,0.10619723439061135
1.6e-06,2e-07,1,4,0.3,0.4209994253951427,-0.5460450537594285
4e-07,6e-08,8,6,0.0,0.42099025319669464,0.015536049892937331
2e-07,4e-08,8,8,0.0,0.42087616844135384,-0.12569380647040646
2e-07,3e-08,8,8,0.0,0.42087616844135384,-0.12569380647040646
1e-07,6e-08,4,5,0.3,0.42083017700061953,0.031436174200365596
4e-07,6e-08,8,4,0.3,0.4205165590626116,0.02432405246572278
4e-07,1e-06,2,6,0.0,0.42026446444240956,-0.006211382011712896
4e-07,1e-06,8,0,0.6,0.41926939210557485,0.006143530039378106
8e-07,5e-07,8,9,0.0,0.4190919361444358,-0.012975093243537628
8e-07,5e-07,8,6,0.0,0.4189145207339916,-0.01224136338140902
3e-06,3e-08,4,2,0.6,0.4185741981633807,0.4079895398856917
3e-06,4e-08,4,2,0.6,0.4185741981633807,0.4079895398856917
1e-07,9e-08,2,5,0.6,0.4185583897764603,-0.02147352406330183
2e-07,5e-07,8,1,0.6,0.4183546137994326,-0.00690026481220439
8e-07,1e-06,4,7,0.0,0.41817445396155006,-0.018223348486145374
1e-07,4e-08,4,5,0.3,0.41805302911161357,0.043894981180381265
1e-07,3e-08,4,5,0.3,0.41805302911161357,0.043894981180381265
1.6e-06,5e-07,8,6,0.0,0.41784055128412645,-0.003727138084245074
1e-07,1e-06,4,0,0.6,0.41760322516477666,-0.025860636388753744
4e-07,1e-06,4,0,0.6,0.4174867670061272,-0.0013387154177804672
3e-06,5e-07,8,0,0.9,0.417424680440645,-0.038334926850233236
2.65e-06,1e-06,8,0,0.6,0.41741780617036806,0.004458657928570878
4e-07,3e-08,8,9,0.0,0.4171400897621854,0.04254423022828702
4e-07,4e-08,8,9,0.0,0.4171400897621854,0.04254423022828702
1.6e-06,6e-08,4,9,0.0,0.417118920790552,0.012184029427279253
3e-06,3e-08,1,0,0.9,0.4168792472332149,0.01292507042253277
3e-06,4e-08,1,0,0.9,0.4168792472332149,0.01292507042253277
8e-07,3e-08,4,8,0.0,0.4168402541794302,0.09586110140409221
8e-07,4e-08,4,8,0.0,0.4168402541794302,0.09586110140409221
1e-07,3e-08,8,6,0.0,0.4167640701600418,0.1781150940835299
1e-07,4e-08,8,6,0.0,0.4167640701600418,0.1781150940835299
1e-07,5e-07,8,9,0.0,0.41664550293435604,-0.03425444809511624
3e-06,9e-08,2,6,0.0,0.4165269812188879,0.018050559650589326
1e-07,5e-07,8,0,0.6,0.4165237213865671,-0.008862924670549666
3e-06,9e-08,2,8,0.0,0.4164849017672406,0.014620290509922307
1.6e-06,9e-08,8,5,0.6,0.4163527262655317,-0.006936721556835446
1e-07,4e-08,8,4,0.3,0.4159424209524098,0.01585370357235394
1e-07,3e-08,8,4,0.3,0.4159424209524098,0.01585370357235394
2e-07,6e-08,1,7,0.0,0.4156593049753342,0.0062948774698909915
2e-07,5e-07,8,9,0.0,0.41529651001976,-0.024576078194289086
8e-07,5e-07,1,8,0.0,0.41515107825372743,-0.015069503319901756
2e-07,4e-08,1,4,0.3,0.41503741305245684,-0.23162395778982292
2e-07,3e-08,1,4,0.3,0.41503741305245684,-0.23162395778982292
8e-07,9e-08,1,5,0.6,0.41498761371118587,-0.014688292202681724
2e-06,5e-07,8,3,0.9,0.4148314311467642,-0.08160179007363572
4e-07,9e-08,4,8,0.0,0.4147939837273027,-0.0023225929024497383
1.6e-06,5e-07,8,9,0.0,0.41479304110161364,-0.006139046970400686
1.6e-06,9e-08,8,2,0.3,0.41466150288640435,0.08936323949015162
1.6e-06,3e-08,4,1,0.9,0.4144286727000117,-0.07512525265853526
1.6e-06,4e-08,4,1,0.9,0.4144286727000117,-0.07512525265853526
2e-06,3e-07,4,3,0.3,0.41395025982698075,-0.010828102553315455
8e-07,9e-08,4,1,0.3,0.4139328494843107,0.01590181678628677
1.6e-06,4e-08,4,5,0.6,0.4135822421970275,0.32683996061761245
1.6e-06,3e-08,4,5,0.6,0.4135822421970275,0.32683996061761245
8e-07,5e-07,4,8,0.0,0.41347326385432365,-0.014448852620322916
2e-07,6e-08,8,8,0.0,0.41308857547300254,0.003583703125214832
3e-06,6e-08,8,2,0.3,0.413000333933163,0.07653576944384288
2e-07,9e-08,8,8,0.0,0.41278973953890796,-0.0024020871412420153
2e-07,4e-08,2,8,0.0,0.4126347224795201,0.13769116178818583
2e-07,3e-08,2,8,0.0,0.4126347224795201,0.13769116178818583
8e-07,4e-08,4,6,0.0,0.4125813420943703,0.017822740043122898
8e-07,3e-08,4,6,0.0,0.4125813420943703,0.017822740043122898
4e-07,1e-06,1,9,0.0,0.4123886629548964,0.12312397066167602
1.6e-06,6e-08,8,0,0.3,0.4122155147793305,0.024330092150063765
2.5e-06,3e-07,2,3,0.3,0.41218824867744513,-0.011574760210932344
1.6e-06,1e-06,8,7,0.0,0.4121595040444636,-0.00927143737281666
3e-06,5e-07,4,8,0.0,0.4120676264003695,-0.004984784899755068
3e-06,9e-08,1,9,0.3,0.41196738383500053,0.029050171640009115
2e-07,4e-08,8,0,0.9,0.41170466146954315,-0.07049679944834447
2e-07,3e-08,8,0,0.9,0.41170466146954315,-0.07049679944834447
2.65e-06,1e-06,8,7,0.0,0.4115612504813064,-0.002373019833051493
8e-07,6e-08,8,4,0.9,0.4115510448259346,-0.0676424972480566
7.5e-07,3e-07,4,3,0.3,0.41152188828817043,0.013187338478584665
1e-07,3e-08,4,8,0.0,0.4113151541763719,0.004535630175447336
1e-07,4e-08,4,8,0.0,0.4113151541763719,0.004535630175447336
8e-07,5e-07,1,7,0.0,0.41055021373391976,-0.01570412554918177
8e-07,5e-07,2,6,0.0,0.4105395125107604,-0.015028638633440061
2e-06,3e-07,2,3,0.3,0.41048770008957075,-0.01032866812233052
2e-07,6e-08,2,2,0.3,0.4101677871966922,-0.009147336506557857
1.6e-06,9e-08,4,0,0.9,0.4099733076642346,-0.049729012974214726
2e-07,3e-08,4,6,0.0,0.4099419429616929,0.1953528342177714
2e-07,4e-08,4,6,0.0,0.4099419429616929,0.1953528342177714
1.6e-06,6e-08,4,4,0.9,0.40993725767420947,-0.07003728643781737
4e-07,1e-06,1,0,0.6,0.40964867263327803,-0.03626429014157839
4e-07,6e-08,8,9,0.0,0.40936856752473155,0.00966001133794081
8e-07,9e-08,8,0,0.6,0.4089707200069424,-0.01739796870031743
3e-06,6e-08,2,9,0.0,0.4088212312119607,0.01024022765822441
2e-07,1e-06,2,0,0.6,0.4085804836707293,-0.03195994918627881
8e-07,5e-07,2,7,0.0,0.40837614929658894,-0.01531484907766989
1.6e-06,5e-07,4,8,0.0,0.4082179378456686,-0.009447117496512059
4e-07,6e-08,4,8,0.0,0.40814529654302445,0.009018477888386944
4e-07,1e-06,4,8,0.0,0.4080385391198937,-0.016014975812760346
1.6e-06,2e-07,1,9,0.3,0.40801715603114175,0.009334279555678116
8e-07,1e-06,4,6,0.0,0.40799044282589225,-0.01364244915108448
1.6e-06,1e-06,8,6,0.0,0.4078513006264871,-0.00646419252748287
1e-07,1e-06,1,2,0.6,0.4078154420241934,-0.23915510123335432
3e-06,3e-08,2,9,0.0,0.4077890973933772,0.054700085129653575
3e-06,4e-08,2,9,0.0,0.4077890973933772,0.054700085129653575
1.6e-06,1e-06,8,9,0.0,0.40763203436616446,-0.008199938347828839
3e-06,9e-08,4,1,0.9,0.4065661964075509,-0.06796658348882706
2e-07,9e-08,2,6,0.0,0.40636370790357557,0.0017001166291906733
2.65e-06,1e-06,8,6,0.0,0.4062180544209803,-0.0009352822918650139
8e-07,5e-07,4,9,0.0,0.4061806691236113,-0.01545893862933767
2.65e-06,1e-06,8,9,0.0,0.40616120621778273,-0.0031772627346363658
1.6e-06,4e-08,2,8,0.0,0.4060364706292051,0.09137078709769875
1.6e-06,3e-08,2,8,0.0,0.4060364706292051,0.09137078709769875
1e-07,4e-08,8,7,0.0,0.4057307481765881,0.17176894742360949
1e-07,3e-08,8,7,0.0,0.4057307481765881,0.17176894742360949
1e-07,3e-08,2,4,0.3,0.40570217608818926,-0.18797371787628137
1e-07,4e-08,2,4,0.3,0.40570217608818926,-0.18797371787628137
1e-06,3e-07,8,3,0.9,0.40570008201846247,-0.06668643148744197
3e-06,6e-08,4,5,0.3,0.40549380951318587,0.05970883430899532
2.5e-06,3e-07,4,3,0.3,0.4052118082949005,-0.0005023675097570734
4e-07,9e-08,4,6,0.0,0.4050076701949882,0.005684442083639829
2e-07,1e-06,4,0,0.6,0.4048258695514275,-0.014101919130443799
1e-07,9e-08,8,0,0.3,0.40475566317514344,-0.01686705425399998
3e-06,3e-08,1,0,0.6,0.40434687986571305,0.1781149955552942
3e-06,4e-08,1,0,0.6,0.40434687986571305,0.1781149955552942
2e-07,6e-08,4,9,0.0,0.40428977932678106,-0.008766964966933188
4e-07,4e-08,4,6,0.0,0.4041102019852024,0.032560548455534466
4e-07,3e-08,4,6,0.0,0.4041102019852024,0.032560548455534466
1e-07,3e-08,4,4,0.3,0.4039636362192513,0.0005554001902274841
1e-07,4e-08,4,4,0.3,0.4039636362192513,0.0005554001902274841
3e-06,5e-07,8,2,0.9,0.4037705651383533,-0.034790548863932264
7.5e-07,3e-07,8,3,0.3,0.40367237372542303,0.022593368258239266
1e-07,6e-08,2,9,0.0,0.40340606271695345,-0.022351149513237134
8e-07,6e-08,4,7,0.0,0.4032074203702625,0.013087666343377324
1e-07,6e-08,1,6,0.0,0.403113676672577,0.008019515182778436
2e-07,6e-08,2,7,0.0,0.40302884083726565,0.005064232727813978
1.5e-06,3e-07,4,3,0.3,0.40274055065822506,0.00031843052464131105
2e-07,6e-08,2,8,0.0,0.4026400403451385,0.001541823060193237
2e-07,6e-08,8,6,0.0,0.4024124556556199,0.008100091642958107
3e-06,5e-07,2,8,0.0,0.4023901350579875,-0.01020315946946293
1.6e-06,3e-08,2,7,0.0,0.40206540759224146,0.19181330942057256
1.6e-06,4e-08,2,7,0.0,0.40206540759224146,0.19181330942057256
1.6e-06,3e-08,8,2,0.6,0.4018794555854278,0.3402306478436836
1.6e-06,4e-08,8,2,0.6,0.4018794555854278,0.3402306478436836
8e-07,1e-06,4,9,0.0,0.4015928257804253,-0.01874376618730167
3e-06,6e-08,4,4,0.3,0.40114278867811165,0.024880892992853232
2e-07,4e-08,1,7,0.0,0.4007434950767393,0.039339516850939005
2e-07,3e-08,1,7,0.0,0.4007434950767393,0.039339516850939005
8e-07,5e-07,4,6,0.0,0.4003929083156848,-0.013821954209621956
2e-07,3e-08,4,7,0.0,0.40006983015717223,0.15446769185725465
2e-07,4e-08,4,7,0.0,0.40006983015717223,0.15446769185725465
7.5e-07,3e-07,2,3,0.3,0.39981936989024774,-0.007657711197092187
3e-06,4e-08,8,1,0.6,0.3996455480065696,0.3645595744680844
3e-06,3e-08,8,1,0.6,0.3996455480065696,0.3645595744680844
2e-07,9e-08,2,2,0.6,0.3996282739293566,-0.014172155285324478
2e-07,3e-08,4,8,0.0,0.39942004118997587,0.027715880544253002
2e-07,4e-08,4,8,0.0,0.39942004118997587,0.027715880544253002
3e-06,3e-08,1,8,0.0,0.398922875222515,0.01752392648031964
3e-06,4e-08,1,8,0.0,0.398922875222515,0.01752392648031964
1.6e-06,6e-08,8,4,0.6,0.39865997152713384,-0.04498831819520652
4e-07,6e-08,4,1,0.6,0.39839320060767064,-0.02278168281591153
8e-07,5e-07,8,4,0.3,0.3982990719207176,-0.5641690069687587
8e-07,1e-06,2,7,0.0,0.39784069215936235,-0.01488364306863954
4e-07,1e-06,1,6,0.0,0.39742997817888953,0.005918411457419448
4e-07,9e-08,8,9,0.0,0.39739396752696765,-0.0007810053066248379
3e-06,5e-07,1,8,0.0,0.3971691606577846,-0.013674289647355065
4e-07,4e-08,8,2,0.9,0.39705223911012844,-0.036985796879677235
4e-07,3e-08,8,2,0.9,0.39705223911012844,-0.036985796879677235
2e-07,1e-06,8,0,0.6,0.3969918944944374,-0.003893183066247044
8e-07,5e-07,1,6,0.0,0.39696771045902896,-0.012630090576240427
4e-07,3e-08,8,0,0.6,0.3968349703468005,-0.27241336184523124
4e-07,4e-08,8,0,0.6,0.3968349703468005,-0.27241336184523124
2e-07,1e-06,4,1,0.6,0.3963681027347169,-0.02581170881439651
2e-07,4e-08,8,4,0.9,0.3962948826171617,0.03236435331230292
2e-07,3e-08,8,4,0.9,0.3962948826171617,0.03236435331230292
8e-07,5e-07,1,9,0.0,0.3962379021087621,-0.014447448569205212
8e-07,9e-08,4,8,0.0,0.39622186733045395,0.004930671077799653
1.6e-06,4e-08,1,9,0.3,0.39572882219182226,0.1846473002364663
1.6e-06,3e-08,1,9,0.3,0.39572882219182226,0.1846473002364663
3e-06,5e-07,4,7,0.0,0.39556738724236434,-0.0038426568605388622
8e-07,5e-07,2,8,0.0,0.3953659770908704,-0.01509195026749588
8e-07,1e-06,4,1,0.6,0.39506351575868454,-0.0005839601920716725
2e-07,6e-08,2,6,0.0,0.39490658385687577,0.00390720549434076
3e-06,5e-07,8,4,0.9,0.39485799986675485,-0.048456564085901405
2e-07,1e-06,1,0,0.6,0.3948555605175365,-0.05650201353821256
1e-07,3e-08,2,6,0.0,0.39476019345124314,0.22166636512217858
1e-07,4e-08,2,6,0.0,0.39476019345124314,0.22166636512217858
2e-07,6e-08,1,6,0.0,0.3945063573228945,0.004570283958656329
3e-06,5e-07,8,1,0.9,0.3943628420340593,-0.033236767629561736
1.6e-06,9e-08,1,9,0.3,0.39393829876018616,0.02894461282771632
1.6e-06,5e-07,2,8,0.0,0.3936647136888601,-0.012759708738946607
2e-07,1e-06,8,1,0.6,0.3936305903424018,-0.01104210091510402
2e-07,6e-08,8,9,0.0,0.393584289647651,-0.006293482806653539
3e-06,9e-08,2,1,0.3,0.39339354485231476,0.012753351317915662
1e-07,4e-08,1,7,0.0,0.3932059642746377,0.15436914142838798
1e-07,3e-08,1,7,0.0,0.3932059642746377,0.15436914142838798
8e-07,1e-06,8,1,0.6,0.39305011723394795,0.002956325583888253
2e-06,1e-06,8,3,0.9,0.39303447983419815,-0.06298542866767765
3e-06,6e-08,2,2,0.9,0.3929822252816488,-0.041740059406537966
1e-07,6e-08,1,9,0.0,0.39284503048355846,-0.011670042689396087
4e-07,4e-08,8,4,0.9,0.3923458360752581,0.051406249999999876
4e-07,3e-08,8,4,0.9,0.3923458360752581,0.051406249999999876
1e-07,4e-08,4,6,0.0,0.3922478946376972,0.00888376087870213
1e-07,3e-08,4,6,0.0,0.3922478946376972,0.00888376087870213
1.6e-06,9e-08,2,4,0.3,0.39224211991549673,-0.06246058015313344
2.65e-06,1e-06,1,2,0.6,0.39213410071775473,-0.008100280279823499
8e-07,1e-06,2,6,0.0,0.3921290925941462,-0.011608511127110033
1.6e-06,6e-08,4,0,0.3,0.39202429866917854,0.009961522390931732
1.6e-06,9e-08,1,7,0.3,0.3920155586656735,0.028750885047819197
2e-07,9e-08,2,8,0.0,0.3918940509626376,-0.01149883102065774
1.5e-06,3e-07,2,3,0.3,0.39189197900793776,-0.006394042536690903
2e-07,5e-07,4,1,0.6,0.3918071595186451,-0.014239010422038428
2e-07,9e-08,4,9,0.0,0.3917819550106415,-0.009703172167712992
1.6e-06,4e-08,4,4,0.6,0.39168409469026555,0.08936374447410755
1.6e-06,3e-08,4,4,0.6,0.39168409469026555,0.08936374447410755
3e-06,9e-08,2,0,0.9,0.3916640314306632,-0.039859551995386155
8e-07,6e-08,4,5,0.9,0.3906771876224254,-0.04620366411690063
8e-07,9e-08,1,9,0.3,0.3905605538195225,0.017841316235677973
1.6e-06,5e-07,4,7,0.0,0.39045039381224245,-0.00956583455834814
1e-07,4e-08,1,8,0.0,0.3901277547971466,0.15430180622658518
1e-07,3e-08,1,8,0.0,0.3901277547971466,0.15430180622658518
1.6e-06,1e-06,4,7,0.0,0.3894251189199991,-0.011761491421148795
1.6e-06,5e-07,4,0,0.6,0.38923739590282264,0.0046866649535257515
4e-07,6e-08,4,7,0.0,0.38885696157600136,0.007580587645201753
8e-07,6e-08,4,9,0.0,0.3887070477072573,0.007215330747968318
4e-07,6e-08,8,5,0.9,0.38867874654478335,-0.05219950962366682
8e-07,1e-06,2,1,0.6,0.3885535949631883,-0.01605532301210774
3e-06,5e-07,4,6,0.0,0.3884379430635527,-0.002652407535291279
8e-07,6e-08,1,6,0.3,0.3884339859580711,0.0741115331638823
3e-06,6e-08,1,4,0.3,0.38780460869302646,0.010692255729101596
2e-07,9e-08,1,8,0.0,0.38755904042890227,-0.015385470245619315
8e-07,1e-06,4,8,0.0,0.38749336471559875,-0.017724585085545974
3e-06,5e-07,1,7,0.0,0.3871783851605134,-0.013800326072224478
3e-06,5e-07,4,5,0.9,0.3868365884254937,-0.02604812868262274
1e-07,4e-08,4,7,0.0,0.38670986435446264,0.07957141650063632
1e-07,3e-08,4,7,0.0,0.38670986435446264,0.07957141650063632
8e-07,1e-06,2,8,0.0,0.3863896499942965,-0.01696520434439619
2e-06,3e-07,1,3,0.3,0.38628340555717944,-0.00522906239494797
1e-07,1e-06,8,1,0.6,0.38617527244358113,-0.019070523052578947
1e-07,6e-08,4,1,0.3,0.38614271980152237,0.08729561530329377
8e-07,6e-08,4,8,0.0,0.38590175345747346,0.01104885998789662
1e-07,1e-06,2,0,0.6,0.38584617195752363,-0.04449255728032178
1e-07,4e-08,2,5,0.3,0.3858263373683084,0.0023676504496196182
1e-07,3e-08,2,5,0.3,0.3858263373683084,0.0023676504496196182
4e-07,4e-08,4,8,0.0,0.3856255926112161,0.044103666469545
4e-07,3e-08,4,8,0.0,0.3856255926112161,0.044103666469545
1e-07,9e-08,4,2,0.6,0.385163211209814,-0.03269602308028316
8e-07,6e-08,4,6,0.0,0.38512096806448015,0.014457854791283364
8e-07,1e-06,2,9,0.0,0.38490014251091376,-0.01552986289928382
8e-07,3e-08,2,0,0.6,0.3848524870249794,-0.06757606721927467
8e-07,4e-08,2,0,0.6,0.3848524870249794,-0.06757606721927467
3e-06,5e-07,4,9,0.0,0.3846698958757858,-0.008831391728527649
8e-07,5e-07,2,9,0.0,0.3839666702330596,-0.014715247341443694
3e-06,9e-08,2,9,0.0,0.3839013438876212,0.00811069827904698
1e-07,6e-08,2,5,0.6,0.3838819261483758,-0.05796317839737891
4e-07,4e-08,2,8,0.0,0.38364737742478294,-0.07276320592011526
4e-07,3e-08,2,8,0.0,0.38364737742478294,-0.07276320592011526
1.6e-06,5e-07,8,0,0.6,0.3835017939987014,0.003418237442265229
1e-07,3e-08,8,8,0.0,0.3834081347533639,0.1968786604108111
1e-07,4e-08,8,8,0.0,0.3834081347533639,0.1968786604108111
3e-06,4e-08,2,1,0.9,0.3833717658580537,0.027111971263216794
3e-06,3e-08,2,1,0.9,0.3833717658580537,0.027111971263216794
3e-06,4e-08,2,4,0.6,0.38334412673013685,0.05384402395040844
3e-06,3e-08,2,4,0.6,0.38334412673013685,0.05384402395040844
1e-07,9e-08,1,4,0.3,0.3833079079421651,-0.3200706009653993
4e-07,3e-08,4,5,0.9,0.3831899210364055,-0.03284784330928581
4e-07,4e-08,4,5,0.9,0.3831899210364055,-0.03284784330928581
1.6e-06,6e-08,2,8,0.0,0.38304339693926287,0.013112098297510477
2e-07,9e-08,1,9,0.0,0.38284752228627544,-0.02565215213268235
2e-07,3e-08,8,9,0.0,0.38269995162918885,0.02167848955140317
2e-07,4e-08,8,9,0.0,0.38269995162918885,0.02167848955140317
4e-07,9e-08,8,2,0.3,0.38266811917791727,0.05585589041403094
1.6e-06,1e-06,2,1,0.6,0.3822344900262477,-0.0006432516259510385
1e-07,6e-08,4,0,0.3,0.3817251522415933,0.012166545687771535
4e-07,6e-08,2,1,0.6,0.3813930315473135,-0.0034656700985449818
2e-07,3e-08,2,0,0.6,0.38116558314723126,-0.30945593443548547
2e-07,4e-08,2,0,0.6,0.38116558314723126,-0.30945593443548547
1.6e-06,4e-08,1,0,0.6,0.3809858291915097,0.11839154717549394
1.6e-06,3e-08,1,0,0.6,0.3809858291915097,0.11839154717549394
3e-06,5e-07,8,0,0.6,0.3809697365389785,0.0012172880224480542
1.6e-06,5e-07,1,0,0.6,0.3808304714908723,-0.0003300437970074205
4e-07,1e-06,2,0,0.6,0.3807894944804998,-0.017448871305403194
2e-07,9e-08,1,0,0.3,0.3806496463541428,-0.03268161810358772
8e-07,6e-08,4,0,0.9,0.38044406664683894,-0.03917050266973987
3e-06,6e-08,2,4,0.9,0.3803143349228046,-0.06245298013210443
8e-07,1e-06,1,1,0.6,0.38025845373937267,-0.04006647971492398
8e-07,4e-08,8,4,0.6,0.37992907736221737,-0.2317819821021378
8e-07,3e-08,8,4,0.6,0.37992907736221737,-0.2317819821021378
3e-06,2e-07,1,5,0.9,0.37987335060534444,-0.013760392034397884
2e-07,4e-08,8,0,0.6,0.3798316710969154,-0.1291693449074387
2e-07,3e-08,8,0,0.6,0.3798316710969154,-0.1291693449074387
1.6e-06,3e-08,2,6,0.0,0.3796065749090397,0.1284280869543306
1.6e-06,4e-08,2,6,0.0,0.3796065749090397,0.1284280869543306
2e-07,4e-08,1,6,0.0,0.3793899485407791,0.21701620900661328
2e-07,3e-08,1,6,0.0,0.3793899485407791,0.21701620900661328
2.65e-06,1e-06,8,5,0.9,0.37924310972456354,-0.024363436108399528
1.6e-06,5e-07,4,6,0.0,0.3789797362967789,-0.007123421144630826
8e-07,1e-06,1,8,0.0,0.37872486875896405,-0.011656671707050648
8e-07,6e-08,8,2,0.9,0.37868390162089083,-0.05202303974375211
1e-07,3e-08,2,0,0.3,0.37867122268814046,0.0028180147848464454
1e-07,4e-08,2,0,0.3,0.37867122268814046,0.0028180147848464454
1e-07,9e-08,4,0,0.3,0.3784096754338789,-0.03713933149473653
2e-07,5e-07,8,0,0.6,0.3780935513526658,-0.00543062628099554
2e-07,3e-08,1,8,0.0,0.37795193572452185,0.12320671785958365
2e-07,4e-08,1,8,0.0,0.37795193572452185,0.12320671785958365
1.6e-06,6e-08,2,7,0.0,0.3774063215758958,0.01576637847728135
1e-06,3e-07,2,3,0.3,0.3772971663411611,-0.011237675950787729
1.6e-06,6e-08,1,0,0.3,0.3771465878546434,0.03915341663254035
1.6e-06,1e-06,4,6,0.0,0.37707153283033035,-0.008953319071989263
1e-07,1e-06,4,1,0.6,0.37697762529948925,-0.03660446796792187
2e-07,6e-08,8,2,0.3,0.3768885744425595,0.07552196607734807
1.6e-06,1e-06,4,9,0.0,0.37674893536927145,-0.010283887972172057
2e-06,3e-07,8,3,0.6,0.37615065049696855,-0.049301122637398054
8e-07,1e-06,1,7,0.0,0.37582276785631075,-0.010517813930612796
2e-07,3e-08,8,1,0.3,0.3757629922965451,0.02884847871558771
2e-07,4e-08,8,1,0.3,0.3757629922965451,0.02884847871558771
8e-07,3e-08,2,7,0.0,0.3755994663557101,-0.06449438117893752
8e-07,4e-08,2,7,0.0,0.3755994663557101,-0.06449438117893752
4e-07,9e-08,2,7,0.0,0.3754592894803264,-0.0006253102375186614
1e-06,3e-07,4,3,0.3,0.37542494472116833,-0.0007387678399962683
1e-07,5e-07,4,1,0.6,0.37532991592761167,-0.02027191519577501
2e-07,9e-08,1,7,0.0,0.375190338962473,-0.0017893560635990902
2.65e-06,1e-06,8,2,0.6,0.3751733905942449,0.00015032283828836368
4e-07,6e-08,2,8,0.0,0.3748997327968811,-0.00542501900603598
2e-07,9e-08,8,2,0.3,0.37485214374726394,0.017748920903669085
3e-06,3e-08,1,4,0.9,0.37478943863048353,0.09667169811320742
3e-06,4e-08,1,4,0.9,0.37478943863048353,0.09667169811320742
1.6e-06,5e-07,2,6,0.0,0.37464387514727093,-0.009742069021777544
4e-07,1e-06,4,1,0.6,0.37458476576426275,-0.012695324197040309
1.6e-06,9e-08,2,7,0.0,0.374472600708929,0.01515705489021324
2e-07,4e-08,4,5,0.9,0.37439961818269507,0.042933956424404174
2e-07,3e-08,4,5,0.9,0.37439961818269507,0.042933956424404174
3e-06,6e-08,2,4,0.3,0.37430284250909834,-0.014116927805807311
4e-07,2e-07,1,7,0.0,0.37428007535302016,-0.010320667278923668
1.6e-06,5e-07,2,7,0.0,0.3742484969673955,-0.009596897759614698
2e-07,4e-08,8,2,0.9,0.37409967450427756,-0.00349885279572254
2e-07,3e-08,8,2,0.9,0.37409967450427756,-0.00349885279572254
4e-07,9e-08,1,0,0.3,0.3738385578997771,0.03513333379378947
1.6e-06,5e-07,4,9,0.0,0.3732374587873295,-0.010226797175892921
2e-07,5e-07,4,0,0.6,0.372755582681071,-0.012174194264174196
4e-07,6e-08,4,9,0.0,0.3719779261336582,0.002902528774056612
2e-07,4e-08,2,6,0.0,0.37164463856362,0.16721482815608973
2e-07,3e-08,2,6,0.0,0.37164463856362,0.16721482815608973
1.5e-06,3e-07,8,3,0.3,0.3716374328426109,0.0067171671739084116
8e-07,1e-06,1,6,0.0,0.3714487751801466,-0.006808121576803217
1e-07,3e-08,8,5,0.9,0.3711159063502979,-0.16199136939210634
1e-07,4e-08,8,5,0.9,0.3711159063502979,-0.16199136939210634
3e-06,5e-07,2,7,0.0,0.3709263020948377,-0.008179956036529101
8e-07,6e-08,8,1,0.9,0.37091697708450766,-0.04904774505784715
2e-06,5e-07,4,3,0.3,0.37031553850803106,0.022042016720235924
8e-07,4e-08,4,9,0.0,0.37020753776446064,0.05422560449011904
8e-07,3e-08,4,9,0.0,0.37020753776446064,0.05422560449011904
2.65e-06,1e-06,4,7,0.0,0.3699720584405922,-0.007831285348369077
2e-07,6e-08,8,1,0.3,0.36994142620265713,0.1000154153991647
2e-07,4e-08,8,1,0.9,0.3699125049471865,-0.057435053296926386
2e-07,3e-08,8,1,0.9,0.3699125049471865,-0.057435053296926386
8e-07,4e-08,1,0,0.6,0.3698659232061818,-0.09082828744307336
8e-07,3e-08,1,0,0.6,0.3698659232061818,-0.09082828744307336
2e-07,3e-08,2,7,0.0,0.36959844725414837,-0.09864648866053305
2e-07,4e-08,2,7,0.0,0.36959844725414837,-0.09864648866053305
1.6e-06,3e-08,2,4,0.9,0.36956433938864175,0.008415536614305386
1.6e-06,4e-08,2,4,0.9,0.36956433938864175,0.008415536614305386
1.6e-06,6e-08,4,2,0.9,0.36945506739727396,-0.05350422146941369
2e-07,9e-08,2,4,0.3,0.3692662573160724,-0.13293408124571193
1.6e-06,9e-08,2,1,0.3,0.3692077862295705,0.003892042276524288
3e-06,3e-08,1,6,0.0,0.36865133561136537,0.21445115680516175
3e-06,4e-08,1,6,0.0,0.36865133561136537,0.21445115680516175
4e-07,9e-08,4,9,0.0,0.368340179135948,-0.007338891938249659
1.6e-06,5e-07,2,9,0.0,0.3683331559560349,-0.01395690679062167
3e-06,6e-08,8,0,0.3,0.36805363431020377,0.019645334457222052
8e-07,3e-08,8,2,0.6,0.368038417629708,-0.2077323706378823
8e-07,4e-08,8,2,0.6,0.368038417629708,-0.2077323706378823
4e-07,2e-07,1,6,0.0,0.3679108495261053,-0.015018333898672243
3e-06,6e-08,8,1,0.6,0.3678528733121365,0.016831167591345952
2e-07,9e-08,2,9,0.0,0.3675798779117946,-0.0036588217407578227
8e-07,1e-06,8,5,0.6,0.36738210924793246,0.0027826389600779516
3e-06,5e-07,4,0,0.6,0.36708839782050107,0.0031795617020409783
8e-07,1e-06,1,9,0.0,0.3669845232517853,-0.011738400839479857
1.6e-06,1e-06,1,1,0.6,0.3666835882358867,-0.019664387221297333
1.6e-06,1e-06,4,1,0.6,0.3665715849525339,0.0012969567637494128
4e-07,6e-08,4,6,0.0,0.3663963716801894,0.007818550237622013
1.6e-06,6e-08,4,4,0.3,0.3662857443279053,0.015599380066861679
1.5e-06,5e-07,8,3,0.9,0.36612638936797004,-0.06670332156016623
2e-07,1e-06,2,1,0.6,0.3658900228143097,-0.053265994631717176
2e-07,9e-08,4,1,0.6,0.36578757857825067,-0.018542768971835155
3e-06,2e-07,1,2,0.6,0.36552798709087425,-0.012725385455688992
4e-07,4e-08,2,7,0.0,0.3653757726784447,0.0607265365141994
4e-07,3e-08,2,7,0.0,0.3653757726784447,0.0607265365141994
3e-06,6e-08,1,7,0.0,0.3652558893944608,0.011059608877002525
2.5e-06,3e-07,4,3,0.9,0.3651399685977642,-0.06444750779162584
2.65e-06,1e-06,4,6,0.0,0.3643164113765965,-0.0066103883559121
1.6e-06,9e-08,4,0,0.6,0.3641694842512811,-0.020875136969204483
1.6e-06,6e-08,4,1,0.9,0.36406137420674145,-0.04631070850471214
3e-06,6e-08,4,4,0.6,0.3640474877046226,-0.04193913920577985
1.6e-06,9e-08,2,6,0.0,0.3639715919993323,0.007346322346085454
8e-07,2e-07,1,0,0.6,0.3639030388931436,-0.010743055373480248
1.6e-06,5e-07,1,7,0.0,0.3635973679468728,-0.012058363670834793
8e-07,1e-06,8,2,0.6,0.36347821027905897,0.002529798824612184
2e-06,3e-07,8,3,0.3,0.36345769245776094,0.011650698235389334
3e-06,5e-07,2,6,0.0,0.36333768853076176,-0.007259949424454848
1.6e-06,6e-08,4,0,0.6,0.3631458338414508,-0.023344684547940503
8e-07,5e-07,8,1,0.6,0.3629488833582378,0.0026621793934989008
4e-07,3e-08,1,1,0.6,0.36290458709918727,-0.30596126150170183
4e-07,4e-08,1,1,0.6,0.36290458709918727,-0.30596126150170183
3e-06,9e-08,2,4,0.3,0.36288290714487903,-0.05107031126100914
3e-06,5e-07,2,0,0.6,0.36276727121491115,0.003088191571545648
4e-07,9e-08,2,2,0.6,0.362725161061162,-0.029390356684690838
1.6e-06,1e-06,4,8,0.0,0.36256824203884436,-0.012112519607938133
2.65e-06,1e-06,2,2,0.6,0.362324837500432,-0.002050762091192815
1e-07,5e-07,8,2,0.6,0.36195753868693775,-0.018007662494873955
8e-07,9e-08,2,7,0.0,0.3618543057062188,0.006463084036487543
2.5e-06,5e-07,4,3,0.3,0.36158825550398077,0.019677461791923756
1.6e-06,5e-07,1,6,0.0,0.3614344196576353,-0.01089269073047372
8e-07,4e-08,2,6,0.0,0.3613559591757964,0.00874761863699558
8e-07,3e-08,2,6,0.0,0.3613559591757964,0.00874761863699558
3e-06,4e-08,1,4,0.6,0.361353602652232,0.1535391159837659
3e-06,3e-08,1,4,0.6,0.361353602652232,0.1535391159837659
2e-07,4e-08,8,4,0.6,0.36124269232927037,0.018014137576777056
2e-07,3e-08,8,4,0.6,0.36124269232927037,0.018014137576777056
4e-07,4e-08,4,0,0.6,0.36103514341671794,-0.13618275622114795
4e-07,3e-08,4,0,0.6,0.36103514341671794,-0.13618275622114795
4e-07,9e-08,2,1,0.6,0.36099262496263096,-0.009581196679891324
2e-07,3e-08,2,0,0.9,0.36079249444288636,-0.08342289901091765
2e-07,4e-08,2,0,0.9,0.36079249444288636,-0.08342289901091765
2e-07,6e-08,4,5,0.3,0.3607661723926048,0.04378263216503864
8e-07,9e-08,8,2,0.3,0.36064761794102496,0.04799551605630592
2.65e-06,1e-06,4,9,0.0,0.3605928254919587,-0.009483955985340908
4e-07,3e-08,4,0,0.9,0.36040230045634064,-0.017480466336201705
4e-07,4e-08,4,0,0.9,0.36040230045634064,-0.017480466336201705
1.6e-06,4e-08,1,4,0.6,0.36036066559640106,-0.09056877351566484
1.6e-06,3e-08,1,4,0.6,0.36036066559640106,-0.09056877351566484
3e-06,9e-08,2,0,0.6,0.36005835175399675,-0.00892564154407216
4e-07,6e-08,2,6,0.0,0.3599778914390219,0.00533057414839766
4e-07,3e-08,4,9,0.0,0.35971067139941787,0.005949731875167452
4e-07,4e-08,4,9,0.0,0.35971067139941787,0.005949731875167452
1e-07,3e-08,2,9,0.0,0.3595766815711225,-0.06282984377784051
1e-07,4e-08,2,9,0.0,0.3595766815711225,-0.06282984377784051
1.6e-06,1e-06,2,9,0.0,0.35945499582976304,-0.01227183165587764
8e-07,3e-08,2,8,0.0,0.3592233175312209,0.07601962153728792
8e-07,4e-08,2,8,0.0,0.3592233175312209,0.07601962153728792
4e-07,6e-08,8,0,0.9,0.3589989441473258,-0.041140357223973356
1.6e-06,6e-08,2,5,0.9,0.35898994083892954,-0.04535066009407823
1.6e-06,9e-08,4,4,0.9,0.35897361425753654,-0.05911125807884687
2.65e-06,1e-06,8,2,0.9,0.3588058488431599,-0.02022162402150174
2e-07,4e-08,8,5,0.6,0.35879850281014714,-0.06314958407795612
2e-07,3e-08,8,5,0.6,0.35879850281014714,-0.06314958407795612
2e-07,6e-08,1,5,0.6,0.35832561433724947,-0.02232095756247371
8e-07,9e-08,8,2,0.9,0.35828256514959544,-0.040852194534184594
1e-07,3e-08,8,0,0.6,0.35822867441871187,-0.19721368869084577
1e-07,4e-08,8,0,0.6,0.35822867441871187,-0.19721368869084577
3e-06,9e-08,2,2,0.9,0.3581863666463227,-0.031255783122636716
2.5e-06,1e-06,8,3,0.6,0.357522464113011,-0.04060089948331147
3e-06,5e-07,1,6,0.0,0.35746247645532747,-0.010194195426459496
8e-07,9e-08,8,4,0.9,0.35725892150389166,-0.06252135107597712
2.65e-06,1e-06,8,4,0.3,0.3572177759304187,-0.4257522871326203
3e-06,4e-08,1,5,0.6,0.3566050415471862,0.35573229843848614
3e-06,3e-08,1,5,0.6,0.3566050415471862,0.35573229843848614
2.65e-06,1e-06,4,8,0.0,0.3566023969757583,-0.009447584034747769
1e-07,3e-08,4,9,0.0,0.3564915098461664,0.002096504982058156
1e-07,4e-08,4,9,0.0,0.3564915098461664,0.002096504982058156
2e-07,6e-08,8,5,0.3,0.3562677696245319,0.058042121704598215
1.6e-06,9e-08,1,2,0.6,0.35623615109997425,-0.010002826326502928
1e-06,3e-07,8,3,0.3,0.3560015506886362,0.014518493877532512
8e-07,3e-08,4,4,0.9,0.3557711452645636,-0.009846543195470403
8e-07,4e-08,4,4,0.9,0.3557711452645636,-0.009846543195470403
1.6e-06,6e-08,2,6,0.0,0.355764183501966,0.01857012300493699
1e-07,4e-08,2,1,0.6,0.3557470281772236,-0.2941658764153189
1e-07,3e-08,2,1,0.6,0.3557470281772236,-0.2941658764153189
1.6e-06,5e-07,2,0,0.6,0.35522476362054084,0.0034177777513050844
1.6e-06,3e-08,2,5,0.6,0.3551438673527936,0.40962270960329894
1.6e-06,4e-08,2,5,0.6,0.3551438673527936,0.40962270960329894
8e-07,6e-08,4,2,0.3,0.35511433779944246,0.04343088910608661
4e-07,3e-08,8,5,0.6,0.3549521090328768,0.24290747038360838
4e-07,4e-08,8,5,0.6,0.3549521090328768,0.24290747038360838
8e-07,9e-08,1,1,0.6,0.35427241465222814,-0.015462282921623438
1.6e-06,5e-07,8,5,0.9,0.35416459876084294,-0.028930965645773216
8e-07,9e-08,2,6,0.0,0.35402181333620186,0.0033542242046019632
3e-06,2e-07,1,4,0.3,0.35390266123046216,-0.4623580518398046
2.5e-06,5e-07,2,3,0.3,0.3537161769132751,0.019602116255210855
8e-07,6e-08,2,2,0.6,0.3536797394883194,-0.01123271311950197
1.6e-06,4e-08,2,2,0.9,0.35365719750184005,-0.0025871830003242335
1.6e-06,3e-08,2,2,0.9,0.35365719750184005,-0.0025871830003242335
4e-07,4e-08,1,5,0.6,0.3535600584514345,0.3771204684527139
4e-07,3e-08,1,5,0.6,0.3535600584514345,0.3771204684527139
1.6e-06,1e-06,8,1,0.6,0.3532878998585859,0.001996244995298005
3e-06,5e-07,8,4,0.3,0.35316103706688434,-0.19116555330303459
3e-06,2e-07,1,0,0.9,0.3531472924796398,-0.017388764774694837
8e-07,3e-08,4,2,0.9,0.35290665796082893,-0.0485620737599301
8e-07,4e-08,4,2,0.9,0.35290665796082893,-0.0485620737599301
8e-07,4e-08,2,0,0.9,0.3526587923377441,-0.06224880699071422
8e-07,3e-08,2,0,0.9,0.3526587923377441,-0.06224880699071422
4e-07,2e-07,1,8,0.0,0.3520676400932933,-0.010025839676427784
4e-07,4e-08,8,4,0.6,0.3519727545831725,0.08566991561680803
4e-07,3e-08,8,4,0.6,0.3519727545831725,0.08566991561680803
1.6e-06,1e-06,2,6,0.0,0.351733255644754,-0.008920637173093104
1.6e-06,3e-08,1,5,0.9,0.35151575453615314,-0.009043318074163809
1.6e-06,4e-08,1,5,0.9,0.35151575453615314,-0.009043318074163809
3e-06,9e-08,1,7,0.0,0.3514697162943798,0.008789069251607717
1e-07,3e-08,8,0,0.9,0.35141747267236884,-0.14188960142134271
1e-07,4e-08,8,0,0.9,0.35141747267236884,-0.14188960142134271
3e-06,5e-07,8,5,0.6,0.3513748893869502,-0.003175409205058974
1.6e-06,5e-07,1,8,0.0,0.35133984099207866,-0.010132514429379347
4e-07,3e-08,1,8,0.0,0.35123993742755555,0.25342440173695907
4e-07,4e-08,1,8,0.0,0.35123993742755555,0.25342440173695907
2.5e-06,5e-07,8,3,0.6,0.35118729316463254,-0.049951833530449574
8e-07,4e-08,4,4,0.6,0.3511081994422967,-0.3616364844885775
8e-07,3e-08,4,4,0.6,0.3511081994422967,-0.3616364844885775
4e-07,4e-08,1,2,0.6,0.35054860751235445,0.3313523572990817
4e-07,3e-08,1,2,0.6,0.35054860751235445,0.3313523572990817
4e-07,3e-08,1,7,0.0,0.35045696172386387,0.22798866679617413
4e-07,4e-08,1,7,0.0,0.35045696172386387,0.22798866679617413
2.65e-06,1e-06,8,5,0.6,0.3504549078806225,-0.00011631620974356105
1.6e-06,1e-06,2,7,0.0,0.35023991000672905,-0.011313562449257852
1.6e-06,3e-08,4,2,0.6,0.3501627842085958,0.3813795365425074
1.6e-06,4e-08,4,2,0.6,0.3501627842085958,0.3813795365425074
1e-06,5e-07,8,3,0.9,0.3500555693368603,-0.05143644866175873
1.6e-06,1e-06,8,4,0.6,0.3498857133616621,-0.007374785932121611
1.6e-06,4e-08,2,4,0.6,0.3498735044547544,0.10459388125293334
1.6e-06,3e-08,2,4,0.6,0.3498735044547544,0.10459388125293334
2e-07,4e-08,4,9,0.0,0.34983814261306667,0.10918690424060573
2e-07,3e-08,4,9,0.0,0.34983814261306667,0.10918690424060573
2.65e-06,1e-06,8,0,0.9,0.34979722514653083,-0.01973463392910571
3e-06,6e-08,2,0,0.6,0.3494423223335078,-0.020883624439131276
2e-07,9e-08,4,0,0.3,0.34934888227633376,-0.029919381197085038
4e-07,4e-08,2,4,0.6,0.3489510222350976,-0.03835662149180008
4e-07,3e-08,2,4,0.6,0.3489510222350976,-0.03835662149180008
1.6e-06,1e-06,2,8,0.0,0.34890106267299226,-0.01305144159992866
1.6e-06,3e-08,1,8,0.0,0.34882133344968114,0.17557682162720606
1.6e-06,4e-08,1,8,0.0,0.34882133344968114,0.17557682162720606
1.6e-06,4e-08,1,7,0.0,0.3486845849408039,0.1918249035196382
1.6e-06,3e-08,1,7,0.0,0.3486845849408039,0.1918249035196382
5e-07,3e-07,2,3,0.3,0.34865851571815015,0.016969233955800744
8e-07,4e-08,1,6,0.0,0.34859125409399466,0.3167040522871628
8e-07,3e-08,1,6,0.0,0.34859125409399466,0.3167040522871628
1.6e-06,2e-07,1,0,0.9,0.3485444862397028,-0.0131184872918024
4e-07,9e-08,8,5,0.9,0.34841778412684077,-0.038009527211787575
4e-07,9e-08,4,1,0.3,0.3483258783850788,0.05245720658088504
3e-06,5e-07,4,4,0.3,0.34828140445256184,-0.42075771846490984
3e-06,5e-07,1,0,0.6,0.34779942249058954,0.0018607849718756675
3e-06,5e-07,2,9,0.0,0.34766710145710855,-0.01306003291188318
3e-06,6e-08,1,1,0.6,0.3474464288177146,0.023527997691404512
1.6e-06,6e-08,1,2,0.3,0.3474125888817329,0.02796311720637168
1e-07,9e-08,2,1,0.6,0.3473899635492378,-0.055552329863929883
1e-07,6e-08,1,1,0.6,0.3473530713030847,-0.0324870699828847
1.6e-06,9e-08,1,8,0.3,0.34693672028580796,0.030877454291510897
3e-06,6e-08,1,8,0.0,0.3468760329515338,0.007770948830575275
3e-06,9e-08,1,6,0.0,0.34684495013030425,0.0031383923763609323
4e-07,6e-08,1,6,0.0,0.34675659583429214,-0.004520341799670979
5e-07,3e-07,1,3,0.3,0.3466707280217399,0.025256787203126074
4e-07,9e-08,1,8,0.0,0.3464558433084881,-0.006301526253343237
8e-07,1e-06,2,2,0.6,0.34640440842169945,-0.022960309860795503
1.6e-06,5e-07,8,4,0.3,0.34619383556054384,-0.3446678388844069
1.6e-06,5e-07,8,0,0.9,0.3459458315453738,-0.022960132081066786
4e-07,2e-07,1,9,0.0,0.3458808147315797,-0.02109863712617388
4e-07,6e-08,2,7,0.0,0.3457461964390244,0.008439218943715354
4e-07,4e-08,2,6,0.0,0.3457148083529646,-0.03850690112068189
4e-07,3e-08,2,6,0.0,0.3457148083529646,-0.03850690112068189
8e-07,3e-08,4,1,0.9,0.34557109933542823,-0.13274577992352038
8e-07,4e-08,4,1,0.9,0.34557109933542823,-0.13274577992352038
1e-07,5e-07,4,0,0.6,0.34556438173332155,-0.01465211324671789
1.5e-06,5e-07,4,3,0.3,0.34496582226748845,0.02090483569561441
8e-07,1e-06,8,0,0.9,0.34471927761771204,-0.00018734962513874964
8e-07,5e-07,4,1,0.6,0.3446654669127392,-0.0035436089998264197
3e-06,9e-08,8,1,0.6,0.34466172197855643,0.003931338411875401
2e-07,9e-08,8,9,0.0,0.3445521497087233,-0.004125650535250047
7.5e-07,5e-07,4,3,0.3,0.3443060616099216,0.03432494549973458
2e-07,1e-06,4,4,0.6,0.34421852038885287,-0.026574363097131265
2e-07,3e-08,4,0,0.9,0.3441944089634382,-0.08648641915149213
2e-07,4e-08,4,0,0.9,0.3441944089634382,-0.08648641915149213
1.6e-06,9e-08,2,5,0.9,0.3441818563796955,-0.03494018458801024
2e-07,5e-07,8,4,0.6,0.34410283894941235,-0.015997953853925884
8e-07,9e-08,8,4,0.3,0.34399833044897327,-0.05347003248277282
8e-07,6e-08,4,0,0.6,0.3438425201180262,-0.02980561069223059
4e-07,9e-08,1,4,0.6,0.343838151986868,-0.03570824889280433
3e-06,4e-08,1,2,0.9,0.34369839754948844,0.04208804705008562
3e-06,3e-08,1,2,0.9,0.34369839754948844,0.04208804705008562
1e-07,6e-08,4,4,0.3,0.34367274144562193,-0.01574958263287307
8e-07,9e-08,4,5,0.9,0.34359511370762014,-0.035568158628434876
3e-06,2e-07,1,7,0.0,0.3435491315102296,-0.001719996259146206
1e-07,5e-07,2,0,0.6,0.3435340068181422,-0.025286447001959117
1.5e-06,5e-07,2,3,0.3,0.3435273356553732,0.02047218557705588
4e-07,6e-08,1,7,0.0,0.3434156829711711,-0.0040638785012886425
1e-07,4e-08,8,9,0.0,0.34305137679455733,0.2103202492682152
1e-07,3e-08,8,9,0.0,0.34305137679455733,0.2103202492682152
4e-07,6e-08,8,2,0.3,0.3429383473614892,0.06694853672960621
8e-07,5e-07,2,1,0.6,0.3427717379438941,-0.008505868177878434
8e-07,9e-08,8,1,0.9,0.342628198001971,-0.04071964231165004
8e-07,4e-08,2,5,0.9,0.3426152868505462,-0.02130309197533381
8e-07,3e-08,2,5,0.9,0.3426152868505462,-0.02130309197533381
1e-07,6e-08,1,5,0.9,0.34192632712880583,-0.014248845681427702
1e-07,6e-08,4,1,0.6,0.3417671928643676,0.0029427983377803835
1e-07,1e-06,1,0,0.6,0.341717705529487,-0.0781929827411361
1.6e-06,5e-07,1,9,0.0,0.3417061128174745,-0.013212753226583551
1.6e-06,5e-07,4,1,0.6,0.341473749405376,0.0022970007694437106
2e-07,4e-08,4,0,0.6,0.3414251324311019,-0.2218988857033819
2e-07,3e-08,4,0,0.6,0.3414251324311019,-0.2218988857033819
2e-06,5e-07,2,3,0.3,0.3413323398252067,0.018158154116747482
8e-07,9e-08,2,4,0.3,0.34125949780078907,-0.13025802933206915
2e-07,5e-07,2,1,0.6,0.3409598943211778,-0.028185361228364236
8e-07,4e-08,2,4,0.6,0.3409498101602556,-0.48747287771964387
8e-07,3e-08,2,4,0.6,0.3409498101602556,-0.48747287771964387
1.6e-06,6e-08,2,0,0.9,0.34092944592939173,-0.0365992774025109
8e-07,5e-07,8,0,0.9,0.34081257595076153,-0.011838209165685565
1.5e-06,1e-06,8,3,0.9,0.3406076674307883,-0.04824317402175088
1.6e-06,3e-08,1,0,0.9,0.34043995780788755,0.023804850490525276
1.6e-06,4e-08,1,0,0.9,0.34043995780788755,0.023804850490525276
1.5e-06,5e-07,8,3,0.3,0.3404323671433795,0.029415264273908615
1.6e-06,3e-08,8,1,0.6,0.3402783353988752,0.30398011873854286
1.6e-06,4e-08,8,1,0.6,0.3402783353988752,0.30398011873854286
1.6e-06,3e-08,2,1,0.9,0.3401917669156207,-0.08838315319792278
1.6e-06,4e-08,2,1,0.9,0.3401917669156207,-0.08838315319792278
4e-07,4e-08,8,2,0.6,0.34018565617059354,0.24583272853924942
4e-07,3e-08,8,2,0.6,0.34018565617059354,0.24583272853924942
3e-06,5e-07,2,2,0.6,0.3398573388621567,-0.0018800495134006778
8e-07,9e-08,4,9,0.0,0.33984508477994524,0.004023536058427757
1.6e-06,1e-06,1,8,0.0,0.3398070361741058,-0.011309156248798136
8e-07,6e-08,2,4,0.3,0.339791257412793,-0.020066982538752165
8e-07,9e-08,1,2,0.6,0.33978675210860676,-0.019294838229891337
1e-07,4e-08,4,0,0.6,0.3395403856623348,-0.2863577677682776
1e-07,3e-08,4,0,0.6,0.3395403856623348,-0.2863577677682776
1.6e-06,9e-08,8,1,0.3,0.33920768603826895,0.08075472084210866
4e-07,9e-08,8,4,0.3,0.3392046378389425,-0.06709161771917377
3e-06,5e-07,1,9,0.0,0.33913165080885727,-0.01846831648789382
3e-06,6e-08,1,6,0.0,0.33902030885105805,0.013687625683760252
2e-07,6e-08,4,8,0.0,0.33879948804386095,0.00030852084523913526
3e-06,5e-07,2,5,0.6,0.33838378576746636,-0.0019493125239894576
1.6e-06,1e-06,8,5,0.6,0.3382581517314779,0.001249982913052644
1.6e-06,6e-08,1,5,0.6,0.33819145432562614,-0.01898644083547746
8e-07,1e-06,4,2,0.6,0.33815400753119557,-0.0032535645119827483
3e-06,5e-07,4,5,0.6,0.3379481689042093,-0.0018437474500968692
1e-07,5e-07,8,4,0.6,0.33790375717784926,-0.017906644658849558
3e-06,5e-07,8,1,0.6,0.33786096019685596,0.00018448030055009945
1.6e-06,5e-07,8,1,0.6,0.3374177077237526,0.0017988145168411213
1e-07,1e-06,8,4,0.6,0.33737265872749156,-0.01992274105256059
1.6e-06,5e-07,8,1,0.9,0.33727449404076515,-0.019131777552383156
1e-07,3e-08,8,5,0.6,0.337117159960407,-0.34555648501263225
1e-07,4e-08,8,5,0.6,0.337117159960407,-0.34555648501263225
3e-06,4e-08,2,2,0.6,0.3366497336686146,0.3911504851155967
3e-06,3e-08,2,2,0.6,0.3366497336686146,0.3911504851155967
1.6e-06,3e-08,1,5,0.6,0.33628342486504653,0.27164509118581326
1.6e-06,4e-08,1,5,0.6,0.33628342486504653,0.27164509118581326
4e-07,4e-08,4,2,0.9,0.33625421286917406,-0.02409540842993496
4e-07,3e-08,4,2,0.9,0.33625421286917406,-0.02409540842993496
3e-06,9e-08,1,5,0.9,0.33610509848105097,-0.029878886943396354
3e-06,5e-07,8,2,0.6,0.3360815761237713,-0.002566783567626532
2.5e-06,3e-07,1,3,0.3,0.335941520108742,0.0028972495006134857
5e-07,3e-07,8,3,0.9,0.3358114648550005,-0.045785418564924685
4e-07,5e-07,2,0,0.6,0.3355798089962723,-0.010690271269403223
4e-07,4e-08,4,5,0.6,0.3354806052423031,0.1898099185964719
4e-07,3e-08,4,5,0.6,0.3354806052423031,0.1898099185964719
1.6e-06,9e-08,8,4,0.6,0.3353128556232411,-0.045189812333845836
4e-07,1e-06,8,2,0.6,0.33502693801691963,-0.006021577864065347
4e-07,5e-07,8,0,0.6,0.3349292553764676,-0.0024868409745303216
1.6e-06,3e-08,1,6,0.0,0.3346409676121886,0.16293960991559114
1.6e-06,4e-08,1,6,0.0,0.3346409676121886,0.16293960991559114
1.6e-06,9e-08,2,8,0.0,0.33457251340523086,0.006750090964499744
8e-07,3e-08,1,1,0.6,0.33447354245914346,0.04232915976426738
8e-07,4e-08,1,1,0.6,0.33447354245914346,0.04232915976426738
8e-07,4e-08,4,5,0.6,0.33432746200812297,0.0734891640866856
8e-07,3e-08,4,5,0.6,0.33432746200812297,0.0734891640866856
2e-06,5e-07,8,3,0.3,0.33432498663787114,0.024371747291639045
8e-07,1e-06,4,5,0.6,0.3343022973514739,-0.0029536173189319143
2e-07,6e-08,8,0,0.9,0.3339301324224667,-0.03617591498983325
4e-07,9e-08,1,2,0.6,0.3338446477515444,-0.013772311342182236
5e-07,3e-07,4,3,0.3,0.3336949025478124,0.02360058171375634
1e-07,5e-07,8,1,0.9,0.33368231352517586,-0.0013672910902960411
7.5e-07,5e-07,8,3,0.3,0.3336157417868485,0.0412769334019506
2e-07,5e-07,4,4,0.6,0.33360240859607493,-0.018693387497976888
1e-07,3e-08,1,1,0.6,0.3335957735471517,-0.0725636906892611
1e-07,4e-08,1,1,0.6,0.3335957735471517,-0.0725636906892611
1.6e-06,4e-08,2,9,0.0,0.33337005466354386,-0.007182940436829988
1.6e-06,3e-08,2,9,0.0,0.33337005466354386,-0.007182940436829988
1.5e-06,3e-07,1,3,0.3,0.3332378623549831,0.00674749334019048
1.6e-06,9e-08,4,5,0.6,0.33318240030356117,-0.003811726921335079
1e-07,5e-07,8,0,0.9,0.3331799972563564,-0.005335695997886414
1.6e-06,1e-06,1,5,0.6,0.33314513128020873,-0.02140473202522805
5e-07,3e-07,8,3,0.3,0.3327154546819607,0.027790664886373384
4e-07,9e-08,2,8,0.0,0.33269654535293414,-0.0018420544093735725
2.65e-06,1e-06,2,6,0.0,0.3326615167667175,-0.007873945975803709
1e-07,1e-06,8,2,0.6,0.33245985659646654,-0.03129985461723292
2e-07,1e-06,1,1,0.6,0.33240772554711767,-0.08597504959212855
3e-06,2e-07,1,2,0.9,0.3322141242428647,-0.01280202525101734
1e-07,6e-08,8,2,0.3,0.3321552938524879,0.050255090565070826
2e-07,9e-08,8,0,0.9,0.3319495545659149,-0.024422712193209073
4e-07,6e-08,4,0,0.3,0.3316749810582289,0.012404385765906745
4e-07,2e-07,1,1,0.6,0.3316571313186374,-0.016696827273113918
1e-07,9e-08,2,0,0.3,0.33165604202466303,-0.09363505107658837
2e-07,9e-08,1,1,0.6,0.3316376114756232,0.011360570330987002
7.5e-07,3e-07,8,3,0.9,0.33158611795900494,-0.0521702573415701
8e-07,6e-08,2,6,0.0,0.33131752218220684,0.006888592931452608
2.65e-06,1e-06,1,8,0.0,0.3311094327064543,-0.013237286715562457
3e-06,5e-07,1,1,0.6,0.3310953897854955,-0.0002650280524634091
2e-07,4e-08,4,4,0.9,0.3310307123406755,-0.015264246647358759
2e-07,3e-08,4,4,0.9,0.3310307123406755,-0.015264246647358759
8e-07,3e-08,1,8,0.0,0.33095483296331346,0.02241282903900721
8e-07,4e-08,1,8,0.0,0.33095483296331346,0.02241282903900721
4e-07,3e-08,1,6,0.0,0.3307318640809162,0.11776303445491332
4e-07,4e-08,1,6,0.0,0.3307318640809162,0.11776303445491332
1.6e-06,9e-08,4,2,0.9,0.3304824337320409,-0.0375916965454009
2.65e-06,1e-06,2,7,0.0,0.3304642247325964,-0.00920840927756228
2e-07,9e-08,1,4,0.6,0.3304201869095322,-0.03762173137949282
4e-07,4e-08,8,1,0.9,0.3302096192238516,-0.0315479188179939
4e-07,3e-08,8,1,0.9,0.3302096192238516,-0.0315479188179939
4e-07,9e-08,1,7,0.0,0.33012042223409066,-0.0012751564136231908
1e-06,5e-07,4,3,0.3,0.3301135938882722,0.03471411254937462
1e-07,4e-08,8,2,0.9,0.3297510488476259,-0.09321999522406155
1e-07,3e-08,8,2,0.9,0.3297510488476259,-0.09321999522406155
8e-07,3e-08,1,7,0.0,0.3296875269481197,-0.06719764199743727
8e-07,4e-08,1,7,0.0,0.3296875269481197,-0.06719764199743727
4e-07,3e-08,2,4,0.9,0.32967521608854505,-0.036918185412028515
4e-07,4e-08,2,4,0.9,0.32967521608854505,-0.036918185412028515
8e-07,6e-08,2,8,0.0,0.329441088568126,0.006002483267508962
8e-07,9e-08,1,0,0.3,0.3294174789943339,-0.052374921275945174
8e-07,6e-08,8,1,0.3,0.32925126273432637,0.08460756880611442
1.6e-06,1e-06,8,5,0.9,0.32915621096148584,-0.01632146058058881
1.5e-06,3e-07,8,3,0.6,0.3291452095365082,-0.03957926094587788
1e-07,5e-07,1,5,0.9,0.329118126692154,-0.03556272375071415
4e-07,6e-08,1,8,0.0,0.3290882137007866,0.003289919412701181
4e-07,4e-08,4,4,0.9,0.32890149994648016,-0.013369366258268123
4e-07,3e-08,4,4,0.9,0.32890149994648016,-0.013369366258268123
3e-06,9e-08,1,8,0.0,0.32868914857381537,0.0027282532274239824
1e-06,3e-07,1,3,0.3,0.3285648895743011,-0.002595071702396312
1.6e-06,5e-07,2,1,0.6,0.3285445092964151,-1.822499334454275e-05
3e-06,6e-08,4,0,0.3,0.3284524626163408,0.003073631460118631
1.6e-06,2e-07,1,1,0.6,0.32842600611318584,-0.007883486233304232
4e-07,3e-08,2,5,0.6,0.3281467119512379,0.12053102441723496
4e-07,4e-08,2,5,0.6,0.3281467119512379,0.12053102441723496
1.6e-06,6e-08,2,9,0.0,0.328144630194947,0.006730630990334441
2e-07,9e-08,1,6,0.0,0.3280892181212434,-0.0014685733140107349
2.65e-06,1e-06,2,8,0.0,0.32793501158396293,-0.011812116717262011
8e-07,6e-08,1,0,0.3,0.3279022080173638,0.03107492127228373
1.6e-06,9e-08,2,9,0.0,0.3278526315254474,0.01025694995586901
2e-07,4e-08,8,2,0.6,0.32776159519480147,0.17240173601875963
2e-07,3e-08,8,2,0.6,0.32776159519480147,0.17240173601875963
1.6e-06,3e-08,1,4,0.9,0.327563670470435,-0.02689028114581049
1.6e-06,4e-08,1,4,0.9,0.327563670470435,-0.02689028114581049
2.65e-06,1e-06,2,9,0.0,0.32724444332516434,-0.0102642319366949
2e-07,6e-08,8,5,0.9,0.32720657745332077,-0.032924211298773265
1.6e-06,1e-06,8,4,0.9,0.3270496350183729,-0.015249976002420174
4e-07,3e-08,2,0,0.6,0.3270456643112168,0.04888428410447043
4e-07,4e-08,2,0,0.6,0.3270456643112168,0.04888428410447043
3e-06,2e-07,1,1,0.6,0.32681905411861034,-0.008762114450325306
2.5e-06,3e-07,8,3,0.3,0.32661499567985547,0.012744034952878736
2e-07,5e-07,8,1,0.9,0.3265581919162853,-0.005897103049006813
8e-07,3e-08,1,2,0.6,0.3265245868577617,-0.29187543778986313
8e-07,4e-08,1,2,0.6,0.3265245868577617,-0.29187543778986313
1e-07,6e-08,1,4,0.3,0.3264951728491256,-0.06284610806332325
8e-07,2e-07,1,7,0.0,0.3262163746613103,-0.008025872743139928
1.6e-06,1e-06,1,6,0.0,0.32615650376775357,-0.007966713894341337
4e-07,1e-06,4,4,0.6,0.3259520167158955,-0.016253753087276585
2e-07,4e-08,1,1,0.6,0.32537717107421404,0.08773401938787567
2e-07,3e-08,1,1,0.6,0.32537717107421404,0.08773401938787567
4e-07,6e-08,8,2,0.9,0.325333965183453,-0.026322484881234898
1e-07,1e-06,8,0,0.9,0.3248603590388324,-0.0005800574354014321
8e-07,3e-08,2,4,0.9,0.32479935665949033,-0.033568507821752136
8e-07,4e-08,2,4,0.9,0.32479935665949033,-0.033568507821752136
2.65e-06,1e-06,8,4,0.9,0.3246190328446145,-0.027432608497493127
2.65e-06,1e-06,1,5,0.6,0.3245462387729016,-0.006364991954460858
4e-07,9e-08,2,6,0.0,0.32450390883471353,0.002060043541650458
4e-07,4e-08,2,5,0.9,0.3242196288228145,-0.10904155442328062
4e-07,3e-08,2,5,0.9,0.3242196288228145,-0.10904155442328062
2.65e-06,1e-06,8,1,0.9,0.3241732637601901,-0.02094205685497863
3e-06,6e-08,2,1,0.9,0.3240762588076286,-0.042664793345091656
3e-06,9e-08,2,4,0.9,0.32382276646250036,-0.05146836726231668
8e-07,6e-08,1,8,0.0,0.3236246085200437,-0.0007605029845600964
8e-07,6e-08,4,4,0.9,0.323111139649103,-0.04361681272428847
8e-07,6e-08,2,7,0.0,0.32306751416062196,0.004589300453634371
1.6e-06,1e-06,1,7,0.0,0.32304465276010846,-0.010334594172880629
3e-06,5e-07,2,5,0.9,0.32297925090451823,-0.012285449851489133
3e-06,6e-08,1,0,0.9,0.3228931907197924,-0.023258081269228237
1.6e-06,5e-07,8,4,0.9,0.32273238947847,-0.03216689087644245
2e-07,3e-08,4,2,0.9,0.32266524061508667,0.016903459604090232
2e-07,4e-08,4,2,0.9,0.32266524061508667,0.016903459604090232
4e-07,6e-08,8,4,0.9,0.32254611602249794,-0.04917655336484328
3e-06,4e-08,1,9,0.0,0.32246411848344037,0.08722011709446881
3e-06,3e-08,1,9,0.0,0.32246411848344037,0.08722011709446881
2e-07,4e-08,4,4,0.6,0.32246165365729973,-0.03159703439886097
2e-07,3e-08,4,4,0.6,0.32246165365729973,-0.03159703439886097
3e-06,5e-07,1,2,0.6,0.32234868657192156,-0.0036705252029419627
4e-07,9e-08,8,5,0.3,0.3220118544495745,0.06529540566806735
8e-07,9e-08,1,4,0.6,0.3219016265367906,-0.044011952078370525
2.65e-06,1e-06,4,2,0.6,0.3218656001872053,-0.0005442621011285953
8e-07,3e-08,4,1,0.6,0.32179993333072304,0.059092038199345165
8e-07,4e-08,4,1,0.6,0.32179993333072304,0.059092038199345165
1.6e-06,9e-08,4,1,0.9,0.321659031651148,-0.03985851396831136
1e-07,3e-08,8,4,0.6,0.32148958075996015,-0.06606847129113713
1e-07,4e-08,8,4,0.6,0.32148958075996015,-0.06606847129113713
2.65e-06,1e-06,2,5,0.6,0.32144120616114014,-0.0011592961459978707
2e-07,4e-08,4,5,0.6,0.321437378434443,0.20479425021904002
2e-07,3e-08,4,5,0.6,0.321437378434443,0.20479425021904002
1.6e-06,9e-08,8,1,0.6,0.32143412988310327,-0.0012790520969609143
1.6e-06,1e-06,1,9,0.0,0.32111793144693135,-0.010416039054943371
1.6e-06,1e-06,8,1,0.9,0.32106900788714204,-0.009326045462335786
2e-06,3e-07,4,3,0.9,0.32099915347085684,-0.05025246260197158
2e-07,4e-08,1,0,0.6,0.3209762064302706,-0.19879174102819686
2e-07,3e-08,1,0,0.6,0.3209762064302706,-0.19879174102819686
1e-07,3e-08,1,5,0.9,0.32090506823465403,0.00921568529206318
1e-07,4e-08,1,5,0.9,0.32090506823465403,0.00921568529206318
2e-07,5e-07,2,0,0.6,0.3202534913160882,-0.020108668985241926
8e-07,4e-08,1,0,0.9,0.3202516742941456,-0.001110932814567811
8e-07,3e-08,1,0,0.9,0.3202516742941456,-0.001110932814567811
8e-07,3e-08,1,5,0.6,0.3201690602196189,-0.05211075418720024
8e-07,4e-08,1,5,0.6,0.3201690602196189,-0.05211075418720024
2e-07,1e-06,8,4,0.6,0.32008719884769604,-0.014749934276707899
4e-07,6e-08,1,1,0.6,0.3200280236563271,0.03186450508371666
8e-07,9e-08,2,8,0.0,0.31994145589316,0.001456387373402368
2e-07,2e-07,1,5,0.6,0.31980632556510036,-0.0363054127718451
2e-07,6e-08,2,0,0.6,0.31970335168898945,-0.04156170413872437
2e-06,1e-06,8,3,0.6,0.31955769281642465,-0.031679565033255364
2e-07,2e-07,1,4,0.6,0.3187598887108998,-0.023256134426437508
2.5e-06,5e-07,1,3,0.3,0.3186939362371635,0.02732499924214421
1.6e-06,9e-08,2,0,0.9,0.31861864790972744,-0.02851225863829454
1e-07,4e-08,4,0,0.9,0.31855094737938455,-0.1793086761912725
1e-07,3e-08,4,0,0.9,0.31855094737938455,-0.1793086761912725
8e-07,6e-08,1,7,0.0,0.3184855851702226,-0.0035030327998764044
4e-07,3e-08,2,9,0.0,0.3184591490186497,0.14590952456412282
4e-07,4e-08,2,9,0.0,0.3184591490186497,0.14590952456412282
3e-06,6e-08,1,5,0.9,0.3182182897843215,-0.0445289666330938
4e-07,4e-08,4,4,0.6,0.318172843832205,-0.01861411606590002
4e-07,3e-08,4,4,0.6,0.318172843832205,-0.01861411606590002
1e-07,3e-08,4,5,0.9,0.31808236621982544,-0.06428485543922446
1e-07,4e-08,4,5,0.9,0.31808236621982544,-0.06428485543922446
2.65e-06,1e-06,4,5,0.6,0.31801316020250703,-3.5719561542024714e-05
1.6e-06,4e-08,1,2,0.6,0.3178988759782977,0.2992946733844749
1.6e-06,3e-08,1,2,0.6,0.3178988759782977,0.2992946733844749
2e-07,4e-08,2,4,0.6,0.31784302482085275,-0.16084636594530588
2e-07,3e-08,2,4,0.6,0.31784302482085275,-0.16084636594530588
2e-07,6e-08,8,4,0.9,0.3177765185974959,-0.03886201691560931
7.5e-07,5e-07,2,3,0.3,0.31766404606322485,0.03307048710897881
2.5e-06,5e-07,8,3,0.3,0.3176448821095309,0.020948226262018643
1.6e-06,1e-06,2,2,0.6,0.3176039661362029,-0.0049293545110551396
2e-07,9e-08,4,2,0.6,0.3172335042811888,-0.0002705892185847769
2e-07,3e-08,2,2,0.9,0.3171900831516901,-0.047652153990306645
2e-07,4e-08,2,2,0.9,0.3171900831516901,-0.047652153990306645
3e-06,6e-08,1,0,0.3,0.3171830989726032,-0.011735340950705275
3e-06,9e-08,1,1,0.6,0.31712850545418264,-0.019590855878874824
8e-07,1e-06,4,4,0.6,0.31703758704026386,-0.010986175728197156
3e-06,5e-07,4,2,0.6,0.31690184702247104,-0.0020540098353832442
8e-07,5e-07,1,1,0.6,0.31684277508544334,-0.02242244460901513
1.6e-06,6e-08,8,1,0.6,0.31679379534621577,0.013009677543333487
1.6e-06,6e-08,2,4,0.9,0.3165020929655995,-0.04192650020641847
1.6e-06,1e-06,8,0,0.9,0.3156851663853049,-0.010061400624831213
1e-07,5e-07,8,2,0.9,0.3154965865921409,-0.008418024913794953
8e-07,6e-08,2,5,0.6,0.31549107067847976,-0.009484869407584251
3e-06,9e-08,4,4,0.6,0.31537037879951857,-0.04553697214168845
4e-07,3e-08,2,0,0.9,0.31531263559693146,0.05566230020825641
4e-07,4e-08,2,0,0.9,0.31531263559693146,0.05566230020825641
1.6e-06,6e-08,1,6,0.3,0.3152534712731974,0.06070274100629447
4e-07,4e-08,1,0,0.6,0.31467318590773885,-0.0607327116990346
4e-07,3e-08,1,0,0.6,0.31467318590773885,-0.0607327116990346
4e-07,1e-06,8,5,0.6,0.31447525797509657,-0.0064127287645462105
8e-07,4e-08,4,2,0.6,0.3144280752290925,-0.06672226465469144
8e-07,3e-08,4,2,0.6,0.3144280752290925,-0.06672226465469144
3e-06,5e-07,4,2,0.9,0.3143785305549486,-0.018472160128846504
8e-07,6e-08,2,9,0.0,0.31416056848969237,0.0009075841540225893
8e-07,9e-08,1,7,0.0,0.31403967142507455,-5.5735986505323076e-05
4e-07,3e-08,1,4,0.6,0.31397323694116164,0.03757055267926668
4e-07,4e-08,1,4,0.6,0.31397323694116164,0.03757055267926668
1e-07,5e-07,8,4,0.9,0.3138058490763489,-0.0097594044423997
1e-07,9e-08,1,1,0.9,0.3132176172290352,-0.00450038202415326
2e-07,1e-06,1,5,0.6,0.31297538552849824,-0.20738257738377708
1.6e-06,9e-08,2,2,0.3,0.3129556479711458,-0.002704449002317144
3e-06,5e-07,4,0,0.9,0.3128050281933296,-0.017482454703810213
8e-07,4e-08,2,9,0.0,0.31270229218424583,0.11449132263531259
8e-07,3e-08,2,9,0.0,0.31270229218424583,0.11449132263531259
4e-07,9e-08,8,0,0.9,0.31261274905048525,-0.03309742364980728
1e-07,9e-08,4,5,0.6,0.31255062661952004,-0.011279004314109359
1.6e-06,5e-07,1,1,0.6,0.3125394328272186,-0.01069205227146855
1.6e-06,2e-07,1,5,0.9,0.31236431020052857,-0.014962034560181914
2e-07,5e-07,4,1,0.9,0.3122784768637314,-0.0053512164291383
2e-07,6e-08,2,9,0.0,0.3120895345023874,-0.01386994822472376
1e-07,4e-08,8,4,0.9,0.3119812285655147,-0.06494374598939195
1e-07,3e-08,8,4,0.9,0.3119812285655147,-0.06494374598939195
2e-07,3e-08,2,4,0.9,0.311885317787023,-0.03271642336065289
2e-07,4e-08,2,4,0.9,0.311885317787023,-0.03271642336065289
2e-07,6e-08,2,0,0.9,0.31151648158375933,-0.01805529999281419
8e-07,1e-06,8,1,0.9,0.3114519063433942,-0.0018045007839125327
8e-07,5e-07,8,1,0.9,0.31141342769965996,-0.009514145486155534
3e-06,2e-07,1,6,0.0,0.31140664994910117,-0.006408079510837328
3e-06,2e-07,1,8,0.0,0.3113425459089325,-0.001970487126885523
8e-07,6e-08,4,2,0.9,0.31123967687845455,-0.025819219423855233
2e-07,6e-08,4,4,0.9,0.3111014937769664,-0.026468914496567963
1e-06,3e-07,8,3,0.6,0.31102187142328963,-0.027465301053736846
1.6e-06,6e-08,1,7,0.0,0.310913358227777,0.005701737422907693
2e-07,1e-06,4,1,0.9,0.31078028060499496,-0.0010138525944194121
2e-07,9e-08,8,5,0.9,0.3105721897122646,-0.026463191637259853
1e-07,1e-06,4,4,0.6,0.31053347971231504,-0.035862770178637954
2e-07,4e-08,1,2,0.6,0.3104544477939136,0.13201065757443764
2e-07,3e-08,1,2,0.6,0.3104544477939136,0.13201065757443764
8e-07,3e-08,2,2,0.9,0.3103865944764609,0.018077088369782557
8e-07,4e-08,2,2,0.9,0.3103865944764609,0.018077088369782557
2e-07,6e-08,1,1,0.6,0.31022798160698145,0.004243655835304172
1.6e-06,4e-08,2,2,0.6,0.3101838042696218,0.047739573557912474
1.6e-06,3e-08,2,2,0.6,0.3101838042696218,0.047739573557912474
2e-07,1e-06,8,1,0.9,0.3098933999649752,-0.0008467675342849756
4e-07,5e-07,4,0,0.6,0.30968657578141995,-0.0055354656824780635
3e-06,5e-07,4,1,0.6,0.30947491479144484,0.0008644241761810723
4e-07,1e-06,8,4,0.6,0.30930099602564676,-0.010545694867835353
2.65e-06,1e-06,1,6,0.0,0.30925869038914106,-0.008868234129837838
8e-07,3e-08,1,4,0.6,0.3090655630170416,-0.4884700798530771
8e-07,4e-08,1,4,0.6,0.3090655630170416,-0.4884700798530771
1.6e-06,6e-08,2,2,0.6,0.3090363776402929,-0.00854962190046471
4e-07,6e-08,4,5,0.9,0.30897153712624803,-0.030137312170452013
1e-06,1e-06,8,3,0.9,0.3087311240924343,-0.03516647747330848
1.5e-06,5e-07,1,3,0.3,0.3087290973729099,0.024951993219715418
1e-07,1e-06,2,5,0.6,0.3085591526222988,-0.13505271522372916
8e-07,9e-08,2,5,0.6,0.308510774462122,-0.0017625257380358972
1e-07,6e-08,8,0,0.9,0.30845836272987504,-0.018417263046281884
1e-07,9e-08,8,1,0.3,0.3084412747061217,0.13236587353484025
3e-06,5e-07,2,1,0.6,0.30827784751505033,0.0007410624750942424
2e-07,6e-08,1,0,0.6,0.308091414803348,-0.0070535122903362946
1.6e-06,1e-06,8,2,0.6,0.30775795300222697,0.0011196326405791962
2e-07,6e-08,8,1,0.9,0.3077143935497274,-0.027798976665989072
8e-07,9e-08,4,2,0.3,0.30755724745671065,-1.686162629932486e-05
2e-07,1e-06,8,2,0.6,0.30751298753597156,-0.020099254003946007
8e-07,9e-08,4,0,0.9,0.30736079764116675,-0.03139372952057973
1e-07,3e-08,1,4,0.6,0.30733624007050414,-0.2449516100196807
1e-07,4e-08,1,4,0.6,0.30733624007050414,-0.2449516100196807
1.6e-06,9e-08,2,0,0.6,0.3073191676750875,-0.012378752272530463
4e-07,1e-06,8,1,0.6,0.307255461626907,-0.0039695342168025866
8e-07,5e-07,4,0,0.9,0.3071376360176935,-0.0062797749723121354
1e-07,6e-08,4,5,0.6,0.3070728782754635,-0.011276260481510536
1e-07,6e-08,2,4,0.6,0.3069476315207668,-0.029072976179158605
2e-07,3e-08,2,2,0.6,0.30687546245557257,0.029988627624399244
2e-07,4e-08,2,2,0.6,0.30687546245557257,0.029988627624399244
7.5e-07,3e-07,1,3,0.3,0.30678569427822766,-0.018026639983825643
1e-07,1e-06,1,4,0.6,0.30674619265444913,-0.19386526543592533
2e-07,5e-07,8,4,0.9,0.3065557431659128,-0.01597530249394863
8e-07,1e-06,2,0,0.9,0.3063474255481519,0.005789110662220737
2.65e-06,1e-06,4,0,0.9,0.3062556377992881,-0.002832697997399991
1.6e-06,1e-06,4,0,0.9,0.3061118790813019,-0.0008088064333557909
1.6e-06,1e-06,1,4,0.6,0.3058423668397528,-0.018500479308270396
8e-07,1e-06,2,5,0.6,0.3057266008073407,-0.020587165972722768
8e-07,1e-06,1,0,0.9,0.3054643543039147,0.0032472257577709496
1.6e-06,3e-08,1,2,0.9,0.3054250418253629,-0.013442115270520416
1.6e-06,4e-08,1,2,0.9,0.3054250418253629,-0.013442115270520416
1e-07,4e-08,8,2,0.6,0.3053599771103107,-0.18750604149532724
1e-07,3e-08,8,2,0.6,0.3053599771103107,-0.18750604149532724
5e-07,5e-07,8,3,0.9,0.3052229087485197,-0.03396692236527521
3e-06,4e-08,1,2,0.6,0.30517507619276996,0.40826170914034726
3e-06,3e-08,1,2,0.6,0.30517507619276996,0.40826170914034726
4e-07,3e-08,2,2,0.9,0.3051117184258639,0.025346111415825656
4e-07,4e-08,2,2,0.9,0.3051117184258639,0.025346111415825656
8e-07,6e-08,2,0,0.9,0.3050765549435035,-0.017557002291364365
3e-06,9e-08,4,1,0.3,0.30491265792683014,0.0729977792470774
1.6e-06,6e-08,1,2,0.6,0.3048916005610216,0.00372660487931864
2.65e-06,1e-06,1,7,0.0,0.3048088605950472,-0.00945833362181181
3e-06,6e-08,1,5,0.6,0.3047232998217266,-0.0023652668176052383
1e-06,5e-07,2,3,0.3,0.3044029989189053,0.03465386360954564
8e-07,6e-08,1,4,0.6,0.3041304202814587,-0.031229760899399578
2e-07,6e-08,4,1,0.6,0.3040183571874325,-0.029557983103809027
8e-07,1e-06,8,5,0.9,0.30395107495635504,-0.007177374982514889
2e-06,5e-07,8,3,0.6,0.3038339560080158,-0.03983872944351641
8e-07,6e-08,8,4,0.6,0.3036830253694839,-0.04172322545052776
4e-07,1e-06,4,2,0.6,0.30364580126954166,-0.021105213502291928
1.6e-06,1e-06,2,5,0.6,0.30351904390461426,-0.0030261274296870255
2e-07,5e-07,4,2,0.6,0.3034695754044924,-0.02168037279237925
1e-06,5e-07,8,3,0.3,0.3033737105240885,0.032910424959991025
8e-07,9e-08,2,9,0.0,0.3033560535622808,-0.0019259104236719615
3e-06,2e-07,1,9,0.0,0.30316597785646193,-0.01150481758127353
8e-07,2e-07,1,6,0.0,0.30315682888238654,-0.007608202362519134
2e-07,1e-06,1,2,0.6,0.3030571647968655,-0.2037663136218052
1e-07,2e-07,1,2,0.6,0.3027934127008539,-0.05842710067166107
3e-06,4e-08,1,1,0.9,0.30262571954192724,0.0647407909531943
3e-06,3e-08,1,1,0.9,0.30262571954192724,0.0647407909531943
1.6e-06,5e-07,4,5,0.9,0.3025904753278218,-0.018269552645766768
1e-07,1e-06,8,1,0.9,0.30250172945581494,-0.0019932082326849787
4e-07,9e-08,8,0,0.3,0.3024747674896391,0.0020163404605216817
8e-07,6e-08,8,5,0.6,0.30225936806875253,-0.006591446101983811
8e-07,3e-08,2,5,0.6,0.3021403254345103,-0.13456823479322177
8e-07,4e-08,2,5,0.6,0.3021403254345103,-0.13456823479322177
8e-07,3e-08,1,9,0.0,0.3018822367029147,0.3273878524032506
8e-07,4e-08,1,9,0.0,0.3018822367029147,0.3273878524032506
1e-07,9e-08,4,1,0.6,0.3018714916743394,0.013784188754702581
1e-07,4e-08,4,2,0.6,0.3018667093376643,-0.32590333160646834
1e-07,3e-08,4,2,0.6,0.3018667093376643,-0.32590333160646834
1e-06,3e-07,4,3,0.9,0.30179738256587485,-0.03184899420386772
4e-07,4e-08,1,9,0.0,0.30174449048379615,0.28695089818000813
4e-07,3e-08,1,9,0.0,0.30174449048379615,0.28695089818000813
1e-07,1e-06,4,1,0.9,0.30169693840705974,-0.005265621674563931
4e-07,9e-08,1,6,0.0,0.301647042222537,4.662122732590479e-05
2e-07,3e-08,1,9,0.0,0.301570488041617,-0.0765493504234887
2e-07,4e-08,1,9,0.0,0.301570488041617,-0.0765493504234887
1.6e-06,9e-08,4,4,0.3,0.30151789343418656,-0.05373102723163581
8e-07,3e-08,2,2,0.6,0.30134284395452465,-0.05303238086153139
8e-07,4e-08,2,2,0.6,0.30134284395452465,-0.05303238086153139
1.6e-06,5e-07,2,5,0.6,0.30127695631215146,-0.002157297392162541
8e-07,9e-08,8,5,0.6,0.30118416200695985,-0.014856411664199987
4e-07,5e-07,1,0,0.6,0.30117166719674826,-0.023597586025377856
1e-07,4e-08,4,4,0.6,0.3010617323765935,-0.09821753996544758
1e-07,3e-08,4,4,0.6,0.3010617323765935,-0.09821753996544758
2e-07,1e-06,2,1,0.9,0.30065598428069723,-0.0034359172485755596
3e-06,3e-08,4,1,0.6,0.30045172191170416,0.12042671117789838
3e-06,4e-08,4,1,0.6,0.30045172191170416,0.12042671117789838
2e-07,3e-08,2,5,0.6,0.3004305167116833,0.059026333907602035
2e-07,4e-08,2,5,0.6,0.3004305167116833,0.059026333907602035
4e-07,6e-08,1,5,0.9,0.3003633045302102,-0.017751275016815893
1e-07,3e-08,2,4,0.6,0.3003287640190474,0.020558088422219067
1e-07,4e-08,2,4,0.6,0.3003287640190474,0.020558088422219067
1.6e-06,6e-08,1,8,0.0,0.30032669267289125,0.0027919848655075796
1.6e-06,2e-07,1,5,0.6,0.3001991451617107,-0.014465920021602185
1e-07,9e-08,8,5,0.6,0.300101253628046,-0.012688033402348198
1e-07,4e-08,4,2,0.9,0.30004706570175355,-0.1565750909334096
1e-07,3e-08,4,2,0.9,0.30004706570175355,-0.1565750909334096
8e-07,5e-07,1,0,0.9,0.29998815038466586,-0.0026019030458448444
1e-07,6e-08,8,0,0.6,0.29985696345491275,-0.033617855218221915
8e-07,2e-07,1,5,0.6,0.29964215678177875,-0.014053450337970952
2e-07,2e-07,1,0,0.6,0.2995405561129717,-0.017836480055209353
2e-07,4e-08,1,5,0.6,0.29942542903831515,0.20995127101030492
2e-07,3e-08,1,5,0.6,0.29942542903831515,0.20995127101030492
1e-07,9e-08,4,0,0.6,0.29941574825737705,-0.02823899234444613
4e-07,6e-08,1,4,0.6,0.29941172299088203,-0.03508603008329378
8e-07,3e-08,8,1,0.6,0.299365064871774,0.09026898301776165
8e-07,4e-08,8,1,0.6,0.299365064871774,0.09026898301776165
1.5e-06,3e-07,4,3,0.9,0.29904087670978,-0.03827968652488989
4e-07,9e-08,1,5,0.9,0.29899918677320086,-0.015582179174154276
2e-07,6e-08,8,2,0.9,0.29897846780212034,-0.026664822204089944
4e-07,3e-08,1,5,0.9,0.298916712825917,-0.1634330954564931
4e-07,4e-08,1,5,0.9,0.298916712825917,-0.1634330954564931
4e-07,3e-08,4,2,0.6,0.2985758524601842,0.11431471127033632
4e-07,4e-08,4,2,0.6,0.2985758524601842,0.11431471127033632
1e-07,9e-08,1,2,0.9,0.29844703267041556,-0.005884948559631287
1e-07,6e-08,8,5,0.3,0.2984359988253572,0.07014604908709854
2e-07,4e-08,2,1,0.9,0.2984322227227828,0.05062634158557672
2e-07,3e-08,2,1,0.9,0.2984322227227828,0.05062634158557672
1e-07,2e-07,1,5,0.6,0.29837552496918357,-0.06687311694180298
1.6e-06,1e-06,4,2,0.6,0.2983250454165144,3.512735467942063e-05
2e-07,5e-07,8,0,0.9,0.2980362134390714,-0.008454830183433848
4e-07,5e-07,4,1,0.6,0.29794223340620907,-0.00800362851946225
1e-07,1e-06,1,1,0.6,0.29792379883378095,-0.1064229611859903
2e-07,9e-08,2,1,0.6,0.2979212243405975,-0.012252391550576808
1e-07,1e-06,8,2,0.9,0.2978912072124985,-0.009592620431646326
3e-06,5e-07,2,2,0.9,0.29782457581006255,-0.0075454599830718505
8e-07,5e-07,2,0,0.9,0.2974558811719027,-0.0032145216223089523
2e-07,4e-08,1,2,0.9,0.29731480205070354,0.02359554996176888
2e-07,3e-08,1,2,0.9,0.29731480205070354,0.02359554996176888
2e-07,5e-07,8,2,0.6,0.2971370525595357,-0.013262236013357867
1.6e-06,1e-06,4,4,0.6,0.2971359435321418,-0.008602855808162585
2e-07,3e-08,2,9,0.0,0.29710505901251305,-0.07337879207384734
2e-07,4e-08,2,9,0.0,0.29710505901251305,-0.07337879207384734
1e-07,9e-08,2,1,0.9,0.2970618540394859,-0.00548718793423586
3e-06,5e-07,1,5,0.6,0.29684034597639375,-0.0033363805847278077
8e-07,9e-08,1,6,0.0,0.29682587057395826,0.003360175864716597
1e-07,3e-08,2,2,0.6,0.29681104395156993,-0.2780060037510713
1e-07,4e-08,2,2,0.6,0.29681104395156993,-0.2780060037510713
3e-06,2e-07,1,1,0.9,0.29613955173481094,-0.011934706844417359
1.6e-06,5e-07,8,2,0.9,0.29609318296196435,-0.02208049538245685
8e-07,2e-07,1,0,0.9,0.29572562534746816,-0.014132747507291127
4e-07,3e-08,2,2,0.6,0.295669032320847,0.32380349008921516
4e-07,4e-08,2,2,0.6,0.295669032320847,0.32380349008921516
2e-07,3e-08,4,2,0.6,0.29541093849167177,0.18819663656705599
2e-07,4e-08,4,2,0.6,0.29541093849167177,0.18819663656705599
8e-07,2e-07,1,8,0.0,0.2950378924093401,-0.008872925258236686
2e-07,3e-08,2,5,0.9,0.29495761844224905,-0.013927356227929844
2e-07,4e-08,2,5,0.9,0.29495761844224905,-0.013927356227929844
2.65e-06,1e-06,1,9,0.0,0.29484175005373403,-0.011255549733821368
2e-07,9e-08,8,4,0.9,0.29478029384982796,-0.03089976824148405
2.65e-06,1e-06,8,1,0.6,0.2947226034339196,-0.0005747964729097832
1.6e-06,1e-06,4,5,0.6,0.29448790907007183,0.0001354376579982275
4e-07,6e-08,2,4,0.3,0.29441621278002816,-2.1081417176604944e-05
2.5e-06,5e-07,4,3,0.9,0.2943999106207999,-0.04299661537940763
3e-06,6e-08,1,9,0.0,0.29399171560217796,-0.00047996855266496663
4e-07,5e-07,8,1,0.6,0.2939351967962772,-0.0051124017741673855
1e-07,9e-08,1,5,0.6,0.29380139784221904,-0.027979627887954633
8e-07,4e-08,1,5,0.9,0.2937286402713249,-0.005214153975997893
8e-07,3e-08,1,5,0.9,0.2937286402713249,-0.005214153975997893
1e-07,5e-07,4,1,0.9,0.2936906826210881,-0.004481890315634396
4e-07,6e-08,8,1,0.9,0.2936193387397412,-0.02928765604434952
2e-07,4e-08,1,4,0.6,0.2935012348259974,0.09546716415799711
2e-07,3e-08,1,4,0.6,0.2935012348259974,0.09546716415799711
2e-07,6e-08,4,4,0.6,0.2933061379719705,-0.03791975850006121
1.6e-06,2e-07,1,6,0.0,0.29311167240441427,-0.007518328601103574
1.6e-06,9e-08,1,5,0.6,0.292917697287474,-0.019613284986342128
2.65e-06,1e-06,4,5,0.9,0.292868533189925,-0.01153937295250368
2e-07,6e-08,4,0,0.9,0.29264724367467243,-0.020004451272101542
3e-06,5e-07,8,4,0.6,0.29257070796534473,-0.020525476306342008
4e-07,1e-06,2,1,0.6,0.29256171232572664,-0.03386471505236005
8e-07,9e-08,2,1,0.6,0.29254381268057006,-0.02957430029504038
1e-07,1e-06,4,0,0.9,0.29218736950805135,-0.0053035334356864305
1.6e-06,3e-08,2,1,0.6,0.29199545277781497,-0.09940994817048732
1.6e-06,4e-08,2,1,0.6,0.29199545277781497,-0.09940994817048732
2e-07,2e-07,1,4,0.9,0.2919523865070808,-0.018986260002682553
1e-07,6e-08,8,1,0.3,0.29179879122892916,0.08896755197905404
4e-07,3e-08,1,0,0.9,0.29176244982736843,0.032282444218559414
4e-07,4e-08,1,0,0.9,0.29176244982736843,0.032282444218559414
2e-07,5e-07,4,0,0.9,0.2914896612105888,-0.007362488835641334
8e-07,6e-08,2,0,0.6,0.2910968264088642,-0.03362688516389878
3e-06,6e-08,1,4,0.9,0.2909369034784983,-0.028354515191679364
2e-07,4e-08,1,0,0.9,0.2908185312074452,-0.04183531573052074
2e-07,3e-08,1,0,0.9,0.2908185312074452,-0.04183531573052074
1.6e-06,5e-07,4,0,0.9,0.29067857374587985,-0.009581903975465156
1.6e-06,2e-07,1,7,0.0,0.290665772464691,-0.002537551798480586
3e-06,2e-07,1,4,0.9,0.2906227234696069,-0.023314570870994672
4e-07,3e-08,4,1,0.9,0.2906121307074975,-0.05861582029375423
4e-07,4e-08,4,1,0.9,0.2906121307074975,-0.05861582029375423
1.6e-06,5e-07,4,1,0.9,0.2903618064100467,-0.007083892035095241
3e-06,6e-08,1,2,0.6,0.29020045589148336,0.01650215910598468
3e-06,5e-07,4,1,0.9,0.29012106877964894,-0.015356057430417763
2e-07,1e-06,4,4,0.9,0.2900876734827956,-0.006959849743815361
3e-06,6e-08,4,2,0.6,0.2897685820499932,0.009954276799742923
8e-07,3e-08,2,1,0.9,0.2897634152308115,0.029422153464432443
8e-07,4e-08,2,1,0.9,0.2897634152308115,0.029422153464432443
2e-07,4e-08,8,1,0.6,0.28963492914926164,-0.03898727585402556
2e-07,3e-08,8,1,0.6,0.28963492914926164,-0.03898727585402556
3e-06,9e-08,8,1,0.3,0.28920453333071194,0.1134090130115083
3e-06,9e-08,1,0,0.6,0.28919459613981224,-0.01167150005820225
4e-07,1e-06,4,5,0.6,0.28917988756035384,-0.021645892493916838
4e-07,9e-08,8,2,0.9,0.2889640558272057,-0.025624061635759254
2e-07,9e-08,8,0,0.6,0.28887045310818654,-0.01887130905555756
1.6e-06,1e-06,1,2,0.6,0.28884337228410983,-0.02725866632238691
1e-07,3e-08,1,2,0.6,0.28873016999559475,-0.05229850233112776
1e-07,4e-08,1,2,0.6,0.28873016999559475,-0.05229850233112776
8e-07,9e-08,4,4,0.9,0.2886618415813336,-0.03294855518884726
1.6e-06,6e-08,8,2,0.6,0.2886325774890771,0.002406550009581565
5e-07,5e-07,2,3,0.3,0.2884655804737443,0.007763706304991347
3e-06,9e-08,1,0,0.9,0.2884076794714176,-0.024444923532000007
4e-07,6e-08,2,0,0.9,0.28816506960549004,-0.006262138290227537
1e-07,9e-08,2,4,0.3,0.28805087261561646,-0.2368510334716752
8e-07,5e-07,4,5,0.6,0.2879787780812443,-0.00434762501887323
1e-07,1e-06,4,2,0.6,0.2878552765239154,-0.05440322328324532
8e-07,9e-08,8,5,0.3,0.2878227597283205,0.06137436934544738
2.65e-06,1e-06,8,4,0.6,0.28762192820347543,-0.011490737119526084
4e-07,9e-08,1,0,0.6,0.2874868360500781,-0.026872528501420634
2e-07,5e-07,4,4,0.9,0.28746830225139675,-0.013183027055379826
4e-07,9e-08,8,4,0.9,0.2872185722349839,-0.04034890000235736
8e-07,9e-08,2,2,0.6,0.28705703425763146,-0.01642992831439516
1e-07,6e-08,1,0,0.6,0.2870281576729161,-0.0193672111535462
2e-07,6e-08,2,5,0.6,0.2870046222084273,-0.004897922324029191
2e-07,3e-08,4,1,0.9,0.2868855438109144,-0.00249053315946024
2e-07,4e-08,4,1,0.9,0.2868855438109144,-0.00249053315946024
8e-07,5e-07,8,5,0.9,0.2868022473485522,-0.017408147788932432
4e-07,4e-08,1,4,0.9,0.28679529670539916,0.04212826497300459
4e-07,3e-08,1,4,0.9,0.28679529670539916,0.04212826497300459
2e-07,3e-08,1,4,0.9,0.2866571265663831,0.01875371645902496
2e-07,4e-08,1,4,0.9,0.2866571265663831,0.01875371645902496
4e-07,6e-08,4,2,0.6,0.28662272039114833,-0.01798447836500544
1e-07,4e-08,4,4,0.9,0.2865786094372677,-0.08151456347182295
1e-07,3e-08,4,4,0.9,0.2865786094372677,-0.08151456347182295
4e-07,6e-08,2,9,0.0,0.2865743948454686,0.003604777774836143
1e-07,1e-06,8,4,0.9,0.2865484145083418,-0.006883401729438188
1.6e-06,1e-06,4,1,0.9,0.28619299567468326,-0.0006188947105370268
1.6e-06,6e-08,4,4,0.6,0.2860980929419831,-0.041387850576598634
8e-07,1e-06,1,2,0.6,0.2859738274632257,-0.058120375950865485
1e-07,9e-08,8,4,0.3,0.28592638986890345,-0.11953689991589028
1.5e-06,1e-06,8,3,0.6,0.2858247397444946,-0.02176417136981157
3e-06,6e-08,2,0,0.3,0.2858187308390564,0.0031236512929949667
1e-07,1e-06,2,1,0.6,0.28579873027219044,-0.058441468386194365
8e-07,6e-08,4,4,0.3,0.28560247838401626,0.003250168587024427
8e-07,1e-06,8,2,0.9,0.285558100021478,-0.006132916294764146
1e-07,1e-06,8,5,0.6,0.2855349685888498,-0.03640866473290583
4e-07,3e-08,2,1,0.6,0.2852010895761456,-0.2746586740997944
4e-07,4e-08,2,1,0.6,0.2852010895761456,-0.2746586740997944
2e-07,9e-08,1,5,0.6,0.2851512782121286,-0.060101770982252445
3e-06,9e-08,1,5,0.3,0.2850161409189817,0.007671105216402019
3e-06,9e-08,2,1,0.6,0.2849665455331035,-0.011738876956906563
8e-07,3e-08,1,4,0.9,0.2846262856189947,-0.027088761607474643
8e-07,4e-08,1,4,0.9,0.2846262856189947,-0.027088761607474643
8e-07,2e-07,1,5,0.9,0.2845846445665806,-0.00934445254262184
4e-07,9e-08,2,9,0.0,0.2844223376729318,-0.0013230840493386742
1e-07,1e-06,8,5,0.9,0.2843188187017348,-0.01220282734414102
3e-06,5e-07,2,0,0.9,0.2841620885025272,-0.008291370318671526
4e-07,1e-06,4,1,0.9,0.2838301269036191,0.0001451686426270915
1e-07,3e-08,2,5,0.9,0.28379000338539884,0.015947593712995256
1e-07,4e-08,2,5,0.9,0.28379000338539884,0.015947593712995256
3e-06,6e-08,8,4,0.3,0.28378134812654876,0.026388551745634925
4e-07,6e-08,2,0,0.6,0.28377154314974895,-0.013736574582377536
2e-07,4e-08,1,5,0.9,0.2837534341650882,0.03762155199431222
2e-07,3e-08,1,5,0.9,0.2837534341650882,0.03762155199431222
3e-06,2e-07,1,4,0.6,0.28345316146419824,-0.017027385926619287
1.6e-06,3e-08,4,1,0.6,0.2833432560110286,0.09919744107117812
1.6e-06,4e-08,4,1,0.6,0.2833432560110286,0.09919744107117812
2e-06,5e-07,1,3,0.3,0.2831340908044031,0.01531238285369746
4e-07,3e-08,4,1,0.6,0.28301750355798194,-0.2613176308202235
4e-07,4e-08,4,1,0.6,0.28301750355798194,-0.2613176308202235
1e-07,5e-07,4,0,0.9,0.2829305122737203,-0.006859918394496539
4e-07,6e-08,4,0,0.9,0.28274862436297593,-0.02350590921878165
1.6e-06,9e-08,1,7,0.0,0.2826865595697402,0.00930168638819473
3e-06,9e-08,2,5,0.6,0.2822820643620626,-0.003956006870347806
3e-06,5e-07,4,4,0.9,0.2819560001295651,-0.026774085027099687
1e-07,6e-08,8,5,0.9,0.28173610595836446,-0.022648081979794843
2e-07,9e-08,4,5,0.6,0.28138283084064597,0.0007275097013311471
1.6e-06,2e-07,1,1,0.9,0.28116692710211616,-0.010501078663062768
1e-06,5e-07,8,3,0.6,0.28113883655128546,-0.022271119488502966
3e-06,9e-08,2,5,0.3,0.2810183201963571,0.06048759076107324
4e-07,6e-08,2,2,0.6,0.280917370958537,-0.00028209064639528325
1.6e-06,9e-08,2,4,0.9,0.2808774879216841,-0.03244137726953583
1.6e-06,9e-08,1,6,0.0,0.2808439669350899,0.0006885399184741736
3e-06,4e-08,1,1,0.6,0.28083166344078403,0.24838252116700021
3e-06,3e-08,1,1,0.6,0.28083166344078403,0.24838252116700021
8e-07,5e-07,8,4,0.9,0.2806594323428676,-0.021389740568324878
5e-07,5e-07,4,3,0.3,0.28054295508692273,0.030237715769236728
1e-07,4e-08,2,4,0.9,0.28038736463287883,-0.04252024535199961
1e-07,3e-08,2,4,0.9,0.28038736463287883,-0.04252024535199961
8e-07,3e-08,1,2,0.9,0.28038611397237073,0.0027138590878793556
8e-07,4e-08,1,2,0.9,0.28038611397237073,0.0027138590878793556
8e-07,5e-07,8,2,0.6,0.2803035700906024,-0.0018456763386564962
4e-07,6e-08,4,4,0.9,0.28023986028158565,-0.02512128829574095
4e-07,6e-08,4,4,0.3,0.2801548969834452,0.012618900624160156
1e-07,4e-08,2,2,0.9,0.27998692076411114,-0.11954733212576957
1e-07,3e-08,2,2,0.9,0.27998692076411114,-0.11954733212576957
1.6e-06,6e-08,2,0,0.3,0.27998313708395195,-0.004736078984735492
1.6e-06,1e-06,8,2,0.9,0.2799182926512271,-0.014175548150617112
1e-07,9e-08,1,0,0.6,0.2798872735051816,-0.0253462579596955
1.6e-06,5e-07,8,4,0.6,0.27987924055887564,-0.01742350364736389
8e-07,1e-06,8,4,0.6,0.2798761329076983,-0.009139626322823086
8e-07,5e-07,4,4,0.6,0.27986929070003075,-0.014344265440254772
8e-07,1e-06,2,1,0.9,0.2798551573819129,0.0014720552433959144
1e-07,9e-08,2,2,0.9,0.27967176978717656,-0.01178539868855455
1.5e-06,6e-07,1,3,0.3,0.27963332593038914,0.002176547787656302
8e-07,1e-06,2,4,0.6,0.27946550335697945,-0.018316576803910994
1.6e-06,2e-07,1,8,0.0,0.27942100110009505,-0.004995659811239617
1.6e-06,5e-07,1,4,0.6,0.27920823533691685,-0.01938518267354339
2e-07,9e-08,8,1,0.9,0.27917636626592296,-0.019122342551934124
3e-06,9e-08,8,4,0.3,0.27914164235436423,-0.0029911957325565175
1.6e-06,5e-07,2,5,0.9,0.2791402624952276,-0.00783005565345643
4e-07,9e-08,2,4,0.3,0.2791306274321747,-0.12995954657563052
7.5e-07,5e-07,8,3,0.9,0.2786905919750647,-0.04000893369873515
8e-07,5e-07,4,1,0.9,0.27868111348046914,-0.004464990092574422
1.6e-06,4e-08,1,9,0.0,0.27866826963630426,0.018866459689486303
1.6e-06,3e-08,1,9,0.0,0.27866826963630426,0.018866459689486303
4e-07,9e-08,4,2,0.6,0.2784464047054358,-0.019623576182289493
1e-07,1e-06,2,2,0.6,0.2781172134482577,-0.1148847968136292
4e-07,6e-08,8,0,0.6,0.27804091247689244,-0.028426579191676793
2e-07,2e-07,1,0,0.9,0.2778092950674747,-0.012872058813349962
2.65e-06,1e-06,4,1,0.6,0.2777135273449046,-0.000343016101481769
1e-07,1e-06,4,4,0.9,0.2776423580634236,-0.011220431154080057
8e-07,6e-08,4,1,0.6,0.277493677382747,0.005309142443996384
8e-07,2e-07,1,9,0.0,0.2772908227328069,-0.019882433549099687
1e-07,3e-08,4,5,0.6,0.2771145651237545,0.050192565956879154
1e-07,4e-08,4,5,0.6,0.2771145651237545,0.050192565956879154
2.65e-06,1e-06,4,2,0.9,0.27707650634855463,-0.008034666538334234
2e-07,6e-08,4,2,0.6,0.2769918570238505,-0.009814788065989344
8e-07,6e-08,2,1,0.6,0.27694571078007424,-0.014935898684846294
1.6e-06,5e-07,8,5,0.6,0.2768864575090292,-0.0013430993061910451
8e-07,6e-08,1,6,0.0,0.27684403208474395,0.004185337723646487
1.6e-06,5e-07,2,4,0.6,0.27683748484424575,-0.014845514995167841
3e-06,6e-08,2,1,0.6,0.2767910852595764,-0.010840479763429223
1e-07,9e-08,4,1,0.9,0.27658328733686227,0.008481317950330136
1e-07,4e-08,1,5,0.6,0.27658058673827285,0.09893981074802854
1e-07,3e-08,1,5,0.6,0.27658058673827285,0.09893981074802854
2.5e-06,6e-07,1,3,0.3,0.2765360311889321,0.012538343002525931
2e-06,6e-07,1,3,0.3,0.2765209594072249,0.013286342772472093
1.6e-06,5e-07,2,2,0.6,0.27645404138416146,-0.0018162186070388858
1e-07,1e-06,4,2,0.9,0.2764026815884819,-0.012216982040030161
1e-07,6e-08,8,4,0.9,0.27630079087555204,-0.030890389233766025
5e-07,3e-07,8,3,0.6,0.2762810825788343,-0.015845419937790373
8e-07,2e-07,1,2,0.6,0.27616317193598966,-0.018662651769475902
1e-07,5e-07,1,2,0.6,0.2761400115833693,-0.11832934479360906
8e-07,1e-06,4,0,0.9,0.2761023850981884,0.005161678100300687
2e-07,9e-08,1,2,0.6,0.2760498014984883,-0.004933584887183706
1e-07,1e-06,1,5,0.9,0.2757792969400171,-0.04965503239368607
1.6e-06,2e-07,1,4,0.9,0.2757586743456485,-0.020767910365008246
8e-07,9e-08,4,2,0.9,0.2756737077079368,-0.023505872170099085
3e-06,6e-08,1,0,0.6,0.2756702312156119,-0.021284480378838067
4e-07,9e-08,2,0,0.3,0.27557870736084283,-0.02785601212639416
1.6e-06,5e-07,2,1,0.9,0.2753702459800192,-0.0038297718412925452
1e-07,3e-08,2,0,0.6,0.27521131131902826,0.07944869999711007
1e-07,4e-08,2,0,0.6,0.27521131131902826,0.07944869999711007
2e-07,5e-07,1,0,0.6,0.27519586829106574,-0.03724106843799191
5e-07,3e-07,4,3,0.9,0.2751088260945061,-0.02464658175762202
1.6e-06,9e-08,1,0,0.6,0.2750321367308694,-0.028932807396745558
8e-07,5e-07,8,2,0.9,0.27485369044378666,-0.012693406338694535
2e-07,1e-06,1,4,0.6,0.2744228635400993,-0.10464530077757614
1e-07,9e-08,4,1,0.3,0.27441284141259226,0.11839827978285
2e-07,1e-06,1,1,0.9,0.2742489346260878,-0.013228183953738704
1.5e-06,5e-07,8,3,0.6,0.27417404186020916,-0.030987414474442032
1.6e-06,4e-08,1,1,0.9,0.2741700038119933,-0.012989808944590897
1.6e-06,3e-08,1,1,0.9,0.2741700038119933,-0.012989808944590897
4e-07,6e-08,1,2,0.6,0.2741475389500664,-0.008404309639121477
2e-07,3e-08,4,1,0.6,0.27414332912441924,-0.1275463766262413
2e-07,4e-08,4,1,0.6,0.27414332912441924,-0.1275463766262413
8e-07,5e-07,4,5,0.9,0.2739199869023985,-0.009567480507004983
1e-06,1e-06,8,3,0.6,0.2738858143900494,-0.014199171368610375
8e-07,1e-06,1,1,0.9,0.27351938055344405,-0.00010368347104833253
1.6e-06,5e-07,4,5,0.6,0.2735191879812426,-0.0019212795179794906
8e-07,9e-08,4,1,0.6,0.27349953292414264,-0.03287085308178339
1e-07,3e-08,1,0,0.6,0.27349910377720216,0.15781383322559794
1e-07,4e-08,1,0,0.6,0.27349910377720216,0.15781383322559794
1e-07,6e-08,8,2,0.9,0.27329130259625944,-0.012445448608087328
4e-07,5e-07,4,4,0.6,0.27315798949492553,-0.01935365493232344
7.5e-07,1e-06,8,3,0.9,0.27308531596231983,-0.028271387066670373
1.6e-06,6e-08,2,1,0.6,0.2730452209644683,-0.0035274399959803193
2e-07,1e-06,8,5,0.6,0.2729028848707892,-0.0203573868314937
1e-06,6e-07,1,3,0.3,0.27286796020255555,0.020688474891666392
1.6e-06,9e-08,1,4,0.6,0.2728431787315129,-0.03512151331334254
3e-06,9e-08,8,5,0.3,0.27283143116964514,0.10472385111199373
2e-07,6e-08,1,2,0.6,0.2727919230733382,-0.061583605412609654
3e-06,9e-08,2,1,0.9,0.2726428712950822,-0.03642749537912404
3e-06,9e-08,2,2,0.3,0.2725615576890364,-2.818644855184793e-06
2.5e-06,3e-07,2,3,0.9,0.2725030149957922,-0.026326351311297735
1e-07,5e-07,8,5,0.9,0.27230661171163906,-0.01331676239092
1e-07,5e-07,8,5,0.6,0.27208753136504593,-0.0237891546638202
1e-07,6e-08,4,2,0.6,0.27208135584727616,-0.025657051314101842
2.5e-06,1e-06,4,3,0.9,0.27199251801662916,-0.028481001460377464
8e-07,9e-08,4,0,0.6,0.27185161175542305,-0.011272326976896119
1e-07,9e-08,2,4,0.6,0.27176451665533996,-0.028085504486923513
2e-07,5e-07,1,1,0.6,0.27165813126934524,-0.046470749671158745
3e-06,5e-07,2,4,0.6,0.2716293205704848,-0.012523039443802814
3e-06,3e-08,2,1,0.6,0.2715861462713519,0.3543790134282773
3e-06,4e-08,2,1,0.6,0.2715861462713519,0.3543790134282773
1.6e-06,9e-08,4,1,0.3,0.27150096788461464,0.042779614628892015
1.6e-06,1e-06,2,4,0.6,0.2713932274788394,-0.012200242916434192
4e-07,6e-08,2,4,0.9,0.2713022769229435,-0.01655147989676281
2e-07,6e-08,1,4,0.3,0.27125200616762357,-0.014269473548451872
8e-07,5e-07,8,4,0.6,0.2712424470779192,-0.014947170691541611
1e-07,5e-07,2,2,0.6,0.2712419526700168,-0.05419341000446232
1.6e-06,5e-07,4,4,0.6,0.27122097594973205,-0.01495663818392709
8e-07,3e-08,1,1,0.9,0.27117345461158815,-0.11101736382750277
8e-07,4e-08,1,1,0.9,0.27117345461158815,-0.11101736382750277
1e-07,4e-08,8,1,0.9,0.27095264805582364,-0.052754066967536206
1e-07,3e-08,8,1,0.9,0.27095264805582364,-0.052754066967536206
1e-07,1e-06,1,2,0.9,0.27077580944878077,-0.04094557458260384
4e-07,4e-08,1,2,0.9,0.2707577137077937,-0.0627167841317482
4e-07,3e-08,1,2,0.9,0.2707577137077937,-0.0627167841317482
3e-06,6e-08,2,4,0.6,0.27059741145864274,-0.04273472968330233
2e-07,9e-08,1,1,0.9,0.2705890286344329,-0.005807621223929027
1e-07,5e-07,4,4,0.6,0.27052503620404295,-0.02577326244722708
1e-07,3e-08,1,2,0.9,0.2703325044637283,-0.13573497790268407
1e-07,4e-08,1,2,0.9,0.2703325044637283,-0.13573497790268407
2e-07,6e-08,4,5,0.9,0.27030514030720965,-0.02066110815344463
4e-07,5e-07,8,2,0.6,0.2701827858144212,-0.00882750012279808
2e-07,5e-07,2,1,0.9,0.27013335066362715,-0.012484528413589602
2e-07,9e-08,2,0,0.9,0.27010799952617326,-0.010802732311168795
4e-07,5e-07,8,0,0.9,0.2700714171363452,-0.010840831671560025
8e-07,9e-08,2,0,0.6,0.2700660680707262,-0.01566935604895739
1e-07,5e-07,1,4,0.6,0.26977134929006985,-0.0784111085720885
1.6e-06,6e-08,2,0,0.6,0.26960014997763165,-0.029188783702147614
1.6e-06,5e-07,4,4,0.9,0.26925236674092146,-0.019530373230857462
2.65e-06,1e-06,1,4,0.6,0.2691562244054081,-0.01409968196238584
3e-06,5e-07,2,1,0.9,0.2691191924972381,-0.006080163109949854
1.6e-06,6e-08,2,2,0.9,0.26909931692481337,-0.024410739381487634
5e-07,1e-06,8,3,0.9,0.2689281653794014,-0.02301103706962948
2e-07,6e-08,1,0,0.9,0.26891834746159665,0.000730212924124618
4e-07,6e-08,1,0,0.3,0.2689116686165529,0.0409017494266628
1e-07,6e-08,2,0,0.6,0.2688996599014768,-0.04340117795814313
5e-07,1e-06,2,3,0.6,0.26881845098081075,-0.005242376351388356
3e-06,9e-08,1,4,0.6,0.26874434888674964,-0.038342098328698004
8e-07,9e-08,2,0,0.9,0.2686837629358008,-0.019470746108114
4e-07,9e-08,4,5,0.6,0.268463293467523,-0.014329292007872446
2.5e-06,3e-07,4,3,0.6,0.2683635588411372,-0.029805744354820474
1e-07,9e-08,1,4,0.6,0.2683498382872321,-0.0540161291884553
2e-07,1e-06,8,4,0.9,0.2682437649768718,-0.005094764291039833
2e-07,1e-06,8,0,0.9,0.26821479211257365,-0.002589062665699693
1e-07,3e-08,8,1,0.6,0.2677351151568138,-0.17496767212433428
1e-07,4e-08,8,1,0.6,0.2677351151568138,-0.17496767212433428
4e-07,2e-07,1,1,0.9,0.26770793370696055,-0.010688463493435885
1e-07,9e-08,4,4,0.3,0.26766238684406735,-0.1742271668556566
2e-07,1e-06,4,2,0.6,0.267597730349839,-0.04174403995064391
2e-07,1e-06,4,0,0.9,0.26751364920786724,-0.0013877651330523322
5e-07,5e-07,8,3,0.3,0.2674908197281777,0.033137514685379094
2e-07,9e-08,8,5,0.3,0.2673471045459703,-0.00042511885262652704
4e-07,1e-06,1,5,0.6,0.26730583094405513,-0.08617708885475399
1.6e-06,9e-08,1,0,0.9,0.2672676586665328,-0.022312742691424803
4e-07,3e-08,2,1,0.9,0.2669238266655378,-0.03909516835326765
4e-07,4e-08,2,1,0.9,0.2669238266655378,-0.03909516835326765
1e-07,9e-08,8,2,0.6,0.2668938046483525,-0.02501983928599391
1e-07,6e-08,2,2,0.3,0.2668557534418371,0.006219776529086785
8e-07,2e-07,1,4,0.6,0.2665018912344692,-0.015406000623210542
4e-07,9e-08,2,1,0.9,0.2664387304672034,-0.014740885071188203
2e-07,9e-08,4,0,0.9,0.26642930636587236,-0.016478468603164154
1e-07,5e-07,4,4,0.9,0.2664098759003361,-0.01295433172761179
8e-07,5e-07,4,2,0.6,0.266314708778001,-0.004859842443480311
1e-07,5e-07,4,2,0.6,0.26600813128904266,-0.03336435180267233
8e-07,3e-08,2,1,0.6,0.26598308647168667,-0.05667252786577198
8e-07,4e-08,2,1,0.6,0.26598308647168667,-0.05667252786577198
1e-07,6e-08,4,4,0.9,0.2659802109910788,-0.018266484026317475
8e-07,6e-08,2,4,0.9,0.2658711659074088,-0.023630632024453035
2e-07,5e-07,8,2,0.9,0.2658516344057351,-0.009777125046809276
8e-07,2e-07,1,1,0.6,0.26579678167580467,-0.02199266065900604
1e-06,1e-06,4,3,0.9,0.26556446910933895,-0.014621192459969234
1e-07,3e-08,2,0,0.9,0.26556213257052286,-0.05474402730375405
1e-07,4e-08,2,0,0.9,0.26556213257052286,-0.05474402730375405
1e-06,1e-06,2,3,0.6,0.2652999090760474,-0.004480168786053118
8e-07,1e-06,4,1,0.9,0.2652946426292292,0.0014633034140122403
4e-07,4e-08,8,1,0.6,0.26526108355181843,-0.05988419196147693
4e-07,3e-08,8,1,0.6,0.26526108355181843,-0.05988419196147693
5e-07,1e-06,4,3,0.6,0.26504263358643065,-0.006613276170261695
1.6e-06,6e-08,1,0,0.9,0.2650381979392444,-0.014102058186043487
2e-07,9e-08,8,2,0.9,0.2649646346608808,-0.021060202768004854
5e-07,5e-07,8,3,0.6,0.26490676199985114,-0.012244671177945088
1.6e-06,6e-08,2,1,0.9,0.2648602953992769,-0.02627719524081712
1.6e-06,9e-08,2,2,0.9,0.26483734939796266,-0.019277866065811722
4e-07,9e-08,8,1,0.6,0.26458080566773995,-0.025361177584177524
1.6e-06,5e-07,8,2,0.6,0.26452121790355304,-0.0007983192463347083
3e-06,6e-08,2,5,0.6,0.2643480920536928,0.004379368743454681
2e-07,1e-06,2,4,0.6,0.26433407033320033,-0.04183453896500519
1e-06,5e-07,4,3,0.9,0.2641571860074718,-0.025635896562551552
4e-07,2e-07,1,5,0.9,0.2641199702106604,-0.016348585996314446
3e-06,9e-08,1,2,0.6,0.26407207788256165,-0.013701391169483823
2e-07,6e-08,8,0,0.6,0.26395703210919624,-0.027630200435934282
4e-07,1e-06,1,2,0.6,0.2639368549389546,-0.08908106543860288
1.6e-06,6e-08,4,5,0.6,0.26390063100644096,-0.0003997942340572269
2e-07,1e-06,2,0,0.9,0.26372965426544104,-0.001675532405488095
1.6e-06,9e-08,1,1,0.6,0.26370942255914964,-0.020268999747985267
3e-06,5e-07,2,4,0.9,0.2636818959211477,-0.014832629790303753
1e-07,5e-07,4,2,0.9,0.2636329671683356,-0.014303551135692705
2e-07,1e-06,8,2,0.9,0.26354021774854075,-0.008364736423940033
8e-07,6e-08,1,2,0.9,0.2632116102122815,-0.008277749063316409
1e-07,3e-08,1,4,0.9,0.2631515022436423,-0.12419863537018566
1e-07,4e-08,1,4,0.9,0.2631515022436423,-0.12419863537018566
4e-07,1e-06,1,1,0.6,0.263069331241526,-0.05630505269270766
1.6e-06,9e-08,8,5,0.3,0.26297391097139916,0.100377973371651
1e-07,4e-08,4,1,0.6,0.2629278558412477,-0.14682305427421166
1e-07,3e-08,4,1,0.6,0.2629278558412477,-0.14682305427421166
8e-07,5e-07,8,5,0.6,0.2627250600923471,-0.002945724252114812
4e-07,5e-07,8,4,0.9,0.2626427073979715,-0.016894867485693632
2e-07,6e-08,8,0,0.3,0.2626371552462795,0.030030072547451492
4e-07,9e-08,4,5,0.9,0.2625153427134895,-0.026612486068309682
3e-06,9e-08,1,9,0.0,0.2623967650466976,-0.00043882359814029215
4e-07,9e-08,4,0,0.9,0.26225389701445806,-0.01841745753483115
4e-07,9e-08,1,4,0.9,0.26224328879165076,-0.016008767569763938
1.6e-06,5e-07,2,0,0.9,0.26210166093207465,-0.006195482429137894
7.5e-07,6e-07,1,3,0.3,0.26205108373816205,0.015574737838199015
8e-07,1e-06,1,5,0.6,0.26202007030505403,-0.052209844594632196
1e-07,9e-08,4,2,0.9,0.2617254652799349,-0.011494419444803616
8e-07,9e-08,1,8,0.0,0.26169199699965373,-0.007170972768092865
1.6e-06,2e-07,1,2,0.6,0.2615648447819816,-0.014020128733788884
1.6e-06,1e-06,1,1,0.9,0.2614548584896917,0.00021512075102639305
4e-07,5e-07,8,4,0.6,0.2613344505115009,-0.014845545711333452
4e-07,1e-06,4,4,0.9,0.26128215728719184,-0.004329426081399135
1.6e-06,4e-08,1,1,0.6,0.26117630705370937,0.2516689030337843
1.6e-06,3e-08,1,1,0.6,0.26117630705370937,0.2516689030337843
2e-06,5e-07,4,3,0.9,0.26109775627636467,-0.0359126115582023
1e-07,3e-08,4,1,0.9,0.26105421383885785,-0.028952220111381488
1e-07,4e-08,4,1,0.9,0.26105421383885785,-0.028952220111381488
2.65e-06,1e-06,1,2,0.9,0.2608513305127875,0.0011548595237549641
5e-07,6e-07,1,3,0.3,0.26063482399955046,-0.002071295707366333
4e-07,2e-07,1,0,0.6,0.2604964282740413,-0.02062696295180072
1.6e-06,5e-07,2,4,0.9,0.2604244111303143,-0.013570312475217311
4e-07,1e-06,2,4,0.6,0.2602525048987784,-0.02778165965618687
2.65e-06,1e-06,2,1,0.6,0.25998265122226727,-0.0019032041670832556
2e-07,5e-07,4,2,0.9,0.2598138667877994,-0.008626760250490112
8e-07,6e-08,4,1,0.9,0.2596654395500667,-0.02939276035673194
1e-06,3e-07,2,3,0.9,0.25962886071229874,-0.018003852532990916
7.5e-07,5e-07,1,3,0.3,0.25961638425539807,0.017843686805667947
2e-07,6e-08,2,2,0.6,0.2595790960346326,-0.021139590790410834
1e-07,3e-08,2,5,0.6,0.25953517255022385,0.16275857486975553
1e-07,4e-08,2,5,0.6,0.25953517255022385,0.16275857486975553
4e-07,9e-08,4,4,0.9,0.2592716328228747,-0.025000797624326887
1.6e-06,9e-08,8,2,0.6,0.25921857489208067,-0.0068619540214480135
1.6e-06,1e-06,4,4,0.9,0.2591728613326133,-0.007145187673664677
8e-07,5e-07,2,1,0.9,0.25916364978477174,-0.0027156381204983537
1.6e-06,6e-08,8,1,0.3,0.25901118257190475,0.07543968239388443
2e-07,4e-08,2,1,0.6,0.2589277510866928,0.07367026993265152
2e-07,3e-08,2,1,0.6,0.2589277510866928,0.07367026993265152
8e-07,5e-07,1,4,0.6,0.25887345478484547,-0.026014541252301432
1e-07,5e-07,2,0,0.9,0.2588628377439798,-0.004420609857585578
4e-07,6e-08,1,9,0.0,0.2587006711253668,-0.005135696751492169
2e-07,1e-06,2,2,0.6,0.2583008396177641,-0.07609838469099324
3e-06,9e-08,2,2,0.6,0.2582111649513902,-0.0064221381450673964
2e-07,9e-08,8,4,0.3,0.25815883546975427,-0.07098506070584804
4e-07,3e-08,1,1,0.9,0.25815092765882913,0.05798773891092679
4e-07,4e-08,1,1,0.9,0.25815092765882913,0.05798773891092679
1e-07,1e-06,2,0,0.9,0.25790768751040355,-0.003087997589960395
1e-07,3e-08,2,1,0.9,0.25783624169717967,-0.047555720254062905
1e-07,4e-08,2,1,0.9,0.25783624169717967,-0.047555720254062905
4e-07,5e-07,8,2,0.9,0.25775718581865037,-0.009942479495043316
4e-07,6e-08,2,5,0.9,0.2577278599040396,-0.01883422537985363
2e-07,5e-07,2,0,0.9,0.2576698340259337,-0.008376110118686997
8e-07,5e-07,1,5,0.6,0.25763525873540816,-0.03235485706167704
8e-07,6e-08,2,5,0.9,0.2576327939689233,-0.023106710061548297
4e-07,1e-06,4,0,0.9,0.25761856580212894,0.0011486921883498147
2e-07,5e-07,1,5,0.6,0.257460336947002,-0.07534561109841617
1e-07,9e-08,8,0,0.9,0.2574308381192928,-0.018167476002954097
1.5e-06,5e-07,4,3,0.9,0.2571805948516398,-0.02913731682137477
8e-07,5e-07,4,4,0.9,0.2570645220124258,-0.013835585673965256
1.6e-06,1e-06,1,0,0.9,0.256914404116753,0.004149988289102069
4e-07,1e-06,2,2,0.6,0.2567631572282894,-0.049336588247632915
4e-07,5e-07,8,5,0.9,0.2567622939993599,-0.012150162183188012
1.6e-06,2e-07,1,2,0.9,0.25674984014954183,-0.013470482913852833
1.6e-06,2e-07,1,4,0.6,0.25673920069985656,-0.01820450643495153
8e-07,9e-08,1,1,0.9,0.2565447875174099,-0.01443519460228132
5e-07,1e-06,2,3,0.3,0.2563199385655231,-0.005390386148878407
2.65e-06,1e-06,4,1,0.9,0.25619031476342063,-0.00602612652450446
1e-06,5e-07,1,3,0.3,0.2561763956555941,0.014087467215761484
8e-07,2e-07,1,4,0.9,0.256148069762814,-0.016499160006495983
1e-07,6e-08,2,1,0.9,0.25563620310542234,-0.02225771077766936
1e-07,6e-08,1,1,0.9,0.2552012905826703,-0.0067330082141163206
3e-06,5e-07,1,0,0.9,0.2551759032483469,-0.005181724697779583
4e-07,9e-08,4,1,0.6,0.25486013800736884,-0.014388710227374257
5e-07,1e-06,8,3,0.6,0.25448627203085405,-0.00985162253335492
1e-07,6e-08,2,5,0.9,0.2544586994925321,-0.0154354660392651
1.6e-06,6e-08,1,6,0.0,0.25442004999651846,0.007950237755482537
1e-07,6e-08,4,0,0.9,0.2543380910432139,-0.012688567927834571
2.65e-06,1e-06,4,4,0.9,0.2543019114261926,-0.011169350228137281
3e-06,6e-08,1,2,0.9,0.25426950071724846,-0.013667946095343997
1.6e-06,6e-08,1,4,0.9,0.2542630530828334,-0.01651208928406006
1.6e-06,6e-08,1,9,0.0,0.2542250649715142,-0.0073204325549640625
3e-06,5e-07,1,1,0.9,0.25395874066486773,-0.0022504592941321178
1e-07,9e-08,2,4,0.9,0.25343085570453583,-0.00019439251837533034
1e-06,1e-06,4,3,0.6,0.25335505648698814,-0.007836939550375954
4e-07,5e-07,8,1,0.9,0.25334618696959843,-0.0073685967916319595
4e-07,5e-07,4,2,0.6,0.2532959773902803,-0.015559451123622475
1e-07,9e-08,1,4,0.9,0.2531364309195371,-0.00920427902947546
2e-07,2e-07,1,2,0.6,0.25305158876474154,-0.03025671902587221
5e-07,3e-07,2,3,0.9,0.252902624747726,-0.015057600219242795
1.6e-06,2e-07,1,9,0.0,0.2528072349895504,-0.008740746110163511
2e-07,9e-08,2,5,0.6,0.25276016417228586,-0.027815577959237475
1.6e-06,1e-06,4,5,0.9,0.25252222348932357,-0.010107263597645244
2.5e-06,5e-07,2,3,0.9,0.2524939894312334,-0.020636900814462955
8e-07,1e-06,8,4,0.9,0.2524436514276832,-0.01022214859049253
8e-07,2e-07,1,1,0.9,0.25230360373195304,-0.013369222467373515
2e-07,6e-08,8,1,0.6,0.2522445540308088,-0.013073600283158127
2e-07,6e-08,2,4,0.9,0.2522299536242804,-0.021830593915747265
2e-07,5e-07,2,4,0.6,0.25220039028758523,-0.030094394235369887
2e-07,5e-07,1,2,0.6,0.25217955950258436,-0.06745239836496877
5e-07,1e-06,2,3,0.9,0.2520536631912755,-0.003839168799237458
4e-07,9e-08,4,4,0.3,0.25195494358115034,-0.12443699777976408
8e-07,5e-07,2,4,0.6,0.2516758437586606,-0.01923946430293924
2e-07,2e-07,1,1,0.9,0.2516280495053442,-0.01392086517347274
1e-07,1e-06,2,4,0.6,0.25154408956601937,-0.06826968117542528
1e-07,6e-08,1,2,0.6,0.25152833738048097,-0.027094649758477696
1e-06,1e-06,1,3,0.6,0.2514981281255491,-0.006217506932835182
8e-07,5e-07,1,1,0.9,0.2514664283900552,-0.003991001099432484
2e-07,9e-08,2,4,0.6,0.25135151388274785,-0.032053274485815686
1e-07,6e-08,8,4,0.3,0.251065509819415,-0.008246144902488428
2e-07,1e-06,2,5,0.6,0.25102636931019645,-0.07467939885297208
2e-07,9e-08,2,2,0.9,0.2509787414673371,-0.013205995209602917
4e-07,5e-07,8,5,0.6,0.2509778126865493,-0.010262025019474555
2e-07,6e-08,2,5,0.9,0.25094699082042227,-0.01996823310388074
1.6e-06,5e-07,1,1,0.9,0.250812778200489,-0.001774382222991755
8e-07,9e-08,1,5,0.9,0.2506821961860233,-0.01663630703167146
1.6e-06,6e-08,1,4,0.3,0.25055778523080574,-0.005408099179253778
4e-07,1e-06,2,5,0.6,0.25051021153846775,-0.04598604555626683
4e-07,1e-06,1,0,0.9,0.2504892269276181,-0.00014810351336913552
4e-07,5e-07,4,4,0.9,0.25041788293616807,-0.013413439500761681
4e-07,6e-08,8,1,0.3,0.2503064896854655,0.08769349099003598
3e-06,5e-07,4,4,0.6,0.2501959056912887,-0.015948743320572778
2.65e-06,1e-06,2,4,0.6,0.2499831314753434,-0.00978194231975335
1.6e-06,6e-08,8,4,0.3,0.24997144347940248,0.01780586042360477
2e-07,9e-08,4,1,0.9,0.24978084005441942,-0.017506647008427134
1e-07,5e-07,2,1,0.6,0.2497348011170737,-0.029813501186294278
4e-07,6e-08,4,2,0.9,0.24972733975037897,-0.018320728958615806
8e-07,5e-07,2,5,0.6,0.24969245850243377,-0.01446727662076551
1e-07,5e-07,1,4,0.9,0.24962037421580513,-0.017642125090153116
2e-07,9e-08,4,4,0.3,0.24941890221763102,-0.10211934798218136
2e-07,6e-08,4,2,0.9,0.24931101846453646,-0.015894088295974107
3e-06,9e-08,1,2,0.9,0.249112632516081,-0.020751117680590236
2e-07,9e-08,4,4,0.9,0.24900432858825683,-0.023096093491409397
2e-06,1e-06,4,3,0.9,0.24884641187730455,-0.022736776041528795
2e-07,2e-07,1,1,0.6,0.24860702731384157,-0.022785016387027818
2.5e-06,3e-07,1,3,0.9,0.24841148122015683,-0.012659536344543865
2.5e-06,1e-06,2,3,0.9,0.248283804793827,-0.012048359005621012
3e-06,9e-08,4,4,0.3,0.2478731506279747,-0.027872309569682507
2e-07,9e-08,8,1,0.6,0.24765341088858653,-0.009250146168363282
8e-07,6e-08,8,4,0.3,0.2476387832543264,0.018784465226466263
2e-07,1e-06,8,5,0.9,0.24763616881356162,-0.010475387830066435
1e-07,6e-08,4,4,0.6,0.24735570716761052,-0.03505429446832109
1.6e-06,5e-07,1,0,0.9,0.2473313550013147,-0.0035472402254974056
8e-07,6e-08,1,5,0.9,0.247207272231266,-0.016638691907928715
2e-07,4e-08,1,1,0.9,0.24718306834834508,0.050787636970005656
2e-07,3e-08,1,1,0.9,0.24718306834834508,0.050787636970005656
1e-06,3e-07,4,3,0.6,0.24716730935706693,-0.011199211482243787
5e-07,5e-07,1,3,0.3,0.24709627694666603,-0.004490059995597762
7.5e-07,1e-06,8,3,0.6,0.24701622099941925,-0.011443795253132882
4e-07,5e-07,4,5,0.6,0.2468282457171198,-0.01789531512634862
1e-07,9e-08,8,4,0.6,0.24681204625866232,-0.02848070156893423
1e-07,9e-08,2,5,0.9,0.24675586516807457,-0.012219712556190032
5e-07,5e-07,4,3,0.9,0.2466343206697316,-0.017165395303387565
7.5e-07,3e-07,8,3,0.6,0.2466267515413426,-0.019374217521245796
1.6e-06,6e-08,4,2,0.6,0.24662341248202463,-0.0038134523136998943
5e-07,1e-06,4,3,0.9,0.24658503758932912,-0.010441103264985208
1e-07,6e-08,4,1,0.9,0.24633781557244494,-0.0022328293622211892
2e-06,1e-06,4,3,0.3,0.24628500944151557,0.008788088138498906
8e-07,6e-08,1,1,0.6,0.24627821573558634,0.018064736143652727
2e-06,3e-07,2,3,0.9,0.24615307322222657,-0.02052594283946435
2e-07,5e-07,2,5,0.6,0.24577605601412134,-0.045514980189049675
8e-07,6e-08,1,9,0.0,0.24577492786414162,-0.0021957206948692853
4e-07,6e-08,1,1,0.9,0.24570599768024676,-0.00198191909438844
4e-07,9e-08,1,1,0.6,0.24519983289670116,-0.014705136433846105
1.6e-06,9e-08,2,1,0.9,0.245090010395067,-0.026950669579045516
4e-07,9e-08,1,9,0.0,0.24508589528607586,-0.01497972302607975
8e-07,2e-07,1,2,0.9,0.2450633404819548,-0.009835552782799795
4e-07,1e-06,1,4,0.6,0.24472059798448137,-0.05088045479117717
2e-07,6e-08,8,4,0.6,0.24455935576262305,-0.04039734326130784
1.6e-06,1e-06,2,1,0.9,0.24455722317417722,0.0036596596202627396
4e-07,1e-06,8,2,0.9,0.2439592977330391,-0.004809931598577677
4e-07,2e-07,1,0,0.9,0.2438591379073615,-0.015486084200172279
8e-07,6e-08,4,4,0.6,0.24383962243467233,-0.041256368845468794
1.5e-06,1e-06,4,3,0.9,0.24368624018615245,-0.017536745177174184
5e-07,1e-06,4,3,0.3,0.24365140264187124,0.0027536740286535077
2.5e-06,1e-06,4,3,0.3,0.2435368944047131,0.007339087943208145
4e-07,5e-07,2,1,0.6,0.24342041073105883,-0.019032012892255618
4e-07,9e-08,8,1,0.9,0.24330578620334165,-0.03094817558237456
8e-07,9e-08,2,4,0.6,0.24317593568075346,-0.040013657045147116
4e-07,9e-08,2,5,0.9,0.24312972549803896,-0.019659055485870103
4e-07,5e-07,2,0,0.9,0.24308466315393643,-0.005898571017424387
1e-07,5e-07,2,5,0.6,0.24306258060219155,-0.05644563119153523
8e-07,5e-07,2,2,0.6,0.2430319170563895,-0.016545193162307195
4e-07,6e-08,2,5,0.6,0.2429981092302363,-0.02847884729823591
2e-07,5e-07,2,4,0.9,0.24296154291925304,-0.01586912376302979
1.6e-06,5e-07,1,4,0.9,0.24292875452834925,-0.012381539775172645
1e-07,3e-08,1,0,0.9,0.24285693330534008,-0.015334679971697296
1e-07,4e-08,1,0,0.9,0.24285693330534008,-0.015334679971697296
1e-07,1e-06,4,5,0.6,0.24269977347929256,-0.05978255321195125
2e-07,1e-06,4,2,0.9,0.24268562701995205,-0.012189133555701726
5e-07,3e-07,4,3,0.6,0.24258927524965307,-0.004709773303178955
4e-07,5e-07,4,5,0.9,0.24247117133778145,-0.010605266896772242
2e-07,9e-08,2,0,0.6,0.24234592487801482,-0.011835364688510819
1.6e-06,5e-07,1,5,0.6,0.2422844462630938,-0.015093903788314655
8e-07,5e-07,1,5,0.9,0.24226483547563243,-0.008013453814179117
1e-07,2e-07,1,4,0.6,0.2421660906437258,-0.03662179988012235
8e-07,1e-06,2,2,0.9,0.24212339867935775,-0.0031445191556951912
2.65e-06,1e-06,1,1,0.6,0.24205277152770122,-0.008899787317404442
4e-07,6e-08,2,1,0.9,0.24175926236683698,-0.015022865832753252
1.6e-06,5e-07,4,2,0.6,0.2417441902996018,-0.0013242715907583191
7.5e-07,3e-07,4,3,0.9,0.24169237540934002,-0.023803587395209436
8e-07,1e-06,1,4,0.6,0.24159078164784026,-0.033037694239183124
1.6e-06,6e-08,1,0,0.6,0.24147334586365132,-0.014764375121190998
2e-07,6e-08,1,4,0.9,0.24138446595950605,-0.015272316948624243
2e-07,5e-07,8,5,0.6,0.24135974011623335,-0.01535289362185964
2e-07,6e-08,4,5,0.6,0.24104161717252287,-0.015702281727428546
1.5e-06,3e-07,1,3,0.9,0.24090512219739982,-0.009005379181167172
2e-07,5e-07,8,5,0.9,0.24090222195300334,-0.013501645505232807
1.6e-06,9e-08,8,4,0.3,0.24074793290306307,-0.02009581042501052
1e-07,5e-07,4,5,0.9,0.2407317860362573,-0.016895778440556786
8e-07,6e-08,1,0,0.9,0.2407199824039731,-0.010123414193857094
2.5e-06,1e-06,4,3,0.6,0.2407143009385389,-0.013115700562198906
2e-07,6e-08,1,5,0.9,0.2406982251218246,-0.014790857314167294
3e-06,5e-07,1,4,0.9,0.24068024172811953,-0.013554256092761119
4e-07,5e-07,1,2,0.6,0.24067750035926933,-0.05416839236675569
8e-07,5e-07,4,2,0.9,0.24046018076651104,-0.007763269683762536
4e-07,6e-08,8,0,0.3,0.24039164987767875,0.0017035626056340902
4e-07,1e-06,4,5,0.9,0.24038387146532098,-0.0073805691755814695
1.6e-06,5e-07,4,2,0.9,0.24018790880755753,-0.011552148440109544
4e-07,1e-06,4,2,0.9,0.24009214224400313,-0.0056957475805774205
1e-07,6e-08,2,4,0.9,0.2400838988770392,-0.02090979186714731
2e-06,3e-07,4,3,0.6,0.23990555973077785,-0.02230454842070939
4e-07,1e-06,2,0,0.9,0.2398536292877039,-0.0005271790013707534
1e-07,5e-07,1,1,0.6,0.2397957429008438,-0.05009585650047488
1.6e-06,9e-08,4,4,0.6,0.23973994748934507,-0.04004218321347386
1e-06,3e-07,1,3,0.9,0.23962426801443576,-0.009681707340285728
1e-07,2e-07,1,4,0.9,0.23961480821038314,-0.019452789281390603
1.6e-06,9e-08,4,5,0.3,0.23945741918138536,0.044808975479878166
1e-07,1e-06,2,1,0.9,0.23936911134704525,-0.009717888098489919
2.5e-06,1e-06,2,3,0.6,0.23931631492562278,-0.007293760406501426
4e-07,9e-08,2,4,0.6,0.23904084413557128,-0.03456846381289633
1.6e-06,1e-06,2,0,0.9,0.23900431188100182,0.002539512180873088
4e-07,1e-06,8,5,0.9,0.23878769883132173,-0.006528665928180993
2e-07,5e-07,1,4,0.6,0.23861483371158906,-0.046970732825273614
1.6e-06,6e-08,1,5,0.9,0.2385780445402274,-0.02445926934608289
4e-07,1e-06,8,0,0.9,0.23849754501479742,-0.0010390046124365282
5e-07,1e-06,1,3,0.6,0.23843884002165297,-0.01035368221302102
1e-07,3e-08,1,1,0.9,0.23842830230162226,-0.04167857813837034
1e-07,4e-08,1,1,0.9,0.23842830230162226,-0.04167857813837034
2e-07,9e-08,2,1,0.9,0.23841878413176185,-0.00819643791243857
4e-07,9e-08,1,2,0.9,0.2383390057635352,-0.010600222798860748
2e-07,6e-08,8,4,0.3,0.2383312827529936,0.03180427280654596
1.6e-06,1e-06,1,5,0.9,0.2382829147785699,-0.004160794743127971
1.6e-06,1e-06,1,4,0.9,0.2382128734257249,-0.00390223483490848
1e-06,1e-06,2,3,0.9,0.2381504643023586,-0.006776908413147098
1e-07,1e-06,2,2,0.9,0.2381381189611876,-0.022714043173155368
4e-07,5e-07,2,5,0.6,0.23806777755408182,-0.032240273603359806
2e-07,5e-07,1,5,0.9,0.23805400194809856,-0.016995527860065196
8e-07,9e-08,2,5,0.9,0.23804326156190583,-0.023592223121594258
1.5e-06,1e-06,1,3,0.6,0.23795671352774156,-0.0037185981411214097
1.6e-06,5e-07,2,2,0.9,0.23790665069055755,-0.004198340721677185
4e-07,9e-08,2,5,0.6,0.23779619046834638,-0.023912201189649845
4e-07,9e-08,8,0,0.6,0.23746259505519224,-0.01470482138365084
4e-07,9e-08,4,0,0.6,0.23741735395869207,-0.0103496992412144
2e-07,6e-08,2,1,0.6,0.23736513818255892,-0.0016172844471235015
1.5e-06,3e-07,2,3,0.9,0.23729541542345411,-0.016279372762064037
8e-07,9e-08,1,2,0.9,0.23729074269739564,-0.010539173574864669
1e-06,1e-06,1,3,0.9,0.23711447216437992,-0.004814042733118584
4e-07,2e-07,1,4,0.9,0.2361684641342042,-0.022093601749317737
4e-07,5e-07,1,5,0.6,0.23616304464096122,-0.05604355433097269
1e-06,9e-07,1,3,0.6,0.23614910779952938,-0.0046842821020292025
4e-07,6e-08,4,1,0.9,0.23606838450661619,-0.02697648655355267
1.6e-06,5e-07,1,2,0.6,0.23605589068981425,-0.018715516419952158
4e-07,1e-06,2,1,0.9,0.23585448648389207,-0.004649098143905767
4e-07,6e-08,2,2,0.9,0.2355948909700738,-0.00878694480317005
3e-06,5e-07,1,4,0.6,0.23559300618293041,-0.016372884167711405
2e-07,1e-06,1,4,0.9,0.2354897015629635,-0.01817780318397616
2e-07,1e-06,4,5,0.6,0.23546786635772432,-0.04102580915556536
2e-07,1e-06,1,0,0.9,0.23532443869289615,-0.003794450378227149
8e-07,9e-08,8,4,0.6,0.23523995812661513,-0.0434844493574289
1e-07,9e-08,8,2,0.9,0.23523723487563974,-0.013494604072179228
8e-07,5e-07,2,5,0.9,0.2351986978177651,-0.009083065478150965
1e-06,1e-06,2,3,0.3,0.23510237346999982,0.006717590810443763
1e-07,9e-08,1,0,0.9,0.235098851496467,-0.008457516909094409
2e-07,9e-08,8,2,0.6,0.23490333122138782,-0.014018733185915122
4e-07,9e-08,2,2,0.9,0.23483813847893723,-0.01662467056915734
2e-07,9e-08,2,5,0.9,0.2348274558711705,-0.015490552002139779
4e-07,5e-07,2,5,0.9,0.23474848921357241,-0.012248473160303752
1.6e-06,9e-08,1,8,0.0,0.23428915618074964,0.0002453281035666999
1.6e-06,9e-08,1,5,0.9,0.23421728894841248,-0.0222303399224979
1e-07,5e-07,1,1,0.9,0.2341870635742916,-0.010868253565903485
8e-07,5e-07,1,4,0.9,0.2340195252294473,-0.01367114256155788
3e-06,9e-08,1,5,0.6,0.2339859917446704,-0.005161123954733338
2e-06,3e-07,1,3,0.9,0.23392959482915016,-0.01191187067460292
1.6e-06,9e-08,4,2,0.6,0.23389928285747447,-0.010024671383066036
2e-07,1e-06,2,4,0.9,0.23387882455192358,-0.008693244699311875
4e-07,2e-07,1,5,0.6,0.23381481160808196,-0.02763278730769178
1.5e-06,3e-07,4,3,0.6,0.23377443559761613,-0.014732732487991396
8e-07,9e-08,1,0,0.6,0.23371091903034763,-0.04023288920360377
2e-07,6e-08,2,2,0.9,0.23368424170249794,-0.010943666203951818
2e-07,5e-07,1,1,0.9,0.2336664760928447,-0.013154636120031316
1.6e-06,6e-08,2,5,0.6,0.23359875968941654,-0.006210047863816182
2e-07,6e-08,2,4,0.3,0.23359462639216538,0.008736407193759788
1.6e-06,5e-07,1,5,0.9,0.23351224127233663,-0.009246266749700777
2.5e-06,9e-07,1,3,0.6,0.23312474274986386,-0.006174037860214032
1e-07,5e-07,1,0,0.6,0.23282868732106632,-0.04174820336206003
2.5e-06,1e-06,1,3,0.6,0.23250322211607072,-0.005183538358907003
1e-07,1e-06,4,5,0.9,0.23246511422641497,-0.018787326092212925
8e-07,5e-07,2,4,0.9,0.23205626075827152,-0.013297046791309886
2e-07,5e-07,4,5,0.9,0.23200498953436596,-0.01467760701411433
4e-07,5e-07,2,4,0.6,0.2319866301959804,-0.024471738732304682
4e-07,5e-07,1,1,0.6,0.23193724184630682,-0.03361155678472326
2.5e-06,9e-07,1,3,0.9,0.23169647468195018,-0.00609816973887739
8e-07,1e-06,2,5,0.9,0.2316891257547137,-0.00493872690725608
2e-07,6e-08,2,1,0.9,0.2316547526824666,-0.011302827217001432
4e-07,5e-07,4,1,0.9,0.23157655129216134,-0.0044114117626090354
2e-07,5e-07,1,0,0.9,0.23146434661876847,-0.010904050336976195
2e-07,9e-08,1,4,0.9,0.23131584399931535,-0.016535101254363693
2e-07,9e-08,4,0,0.6,0.2313008330859406,-0.014641439059707384
1e-07,6e-08,8,1,0.6,0.23121028030013308,0.006555494690881014
1e-07,6e-08,2,2,0.9,0.23116201477119125,0.002926633062111106
2e-07,1e-06,2,2,0.9,0.2310582024727028,-0.015754223701351266
8e-07,5e-07,1,2,0.6,0.2309715676176025,-0.03466490039512357
2e-06,5e-07,2,3,0.9,0.23090588286770314,-0.014143494538958301
7.5e-07,3e-07,4,3,0.6,0.23078480238376026,-0.004978292660786865
2e-07,6e-08,1,1,0.9,0.23075756532843755,-0.002022966406909965
8e-07,9e-08,1,4,0.9,0.23073169878231345,-0.02238829524977476
1.6e-06,1e-06,4,2,0.9,0.23072475184331148,-0.005618845894529323
2e-06,1e-06,1,3,0.6,0.23071732435478154,-0.004861837458153273
8e-07,9e-08,8,1,0.3,0.23065407762703488,0.08069453884339067
1.6e-06,9e-08,2,2,0.6,0.2305585897587387,-0.0006936562954041603
5e-07,3e-07,2,3,0.6,0.2305579060910282,-0.0002813009535955757
1.6e-06,9e-08,2,1,0.6,0.2305378134560349,-0.025697385078609608
8e-07,1e-06,1,2,0.9,0.2304923326814284,-0.007902188233915614
1.6e-06,9e-08,1,9,0.0,0.23043514305935692,-0.004859663479634846
1e-07,1e-06,1,1,0.9,0.2303110017552291,-0.018387818943274875
8e-07,9e-08,8,1,0.6,0.23025807712638452,-0.00859337426475451
7.5e-07,1e-06,4,3,0.3,0.23021840725584436,0.011108466783919607
1e-07,6e-08,8,1,0.9,0.23016398950241604,0.00034349687556894937
3e-06,9e-08,1,4,0.9,0.23012168245930725,-0.031602128831238696
2.5e-06,5e-07,4,3,0.6,0.23011312026112035,-0.019266717035063663
2e-07,9e-08,1,0,0.6,0.23000737672215948,-0.017666388183670806
7.5e-07,3e-07,2,3,0.6,0.2298358904553616,-0.0002540160428198823
4e-07,5e-07,4,2,0.9,0.22954445581981248,-0.006939120815665473
1.5e-06,1e-06,4,3,0.6,0.22948605965075225,-0.008430715357396756
2e-07,9e-08,1,2,0.9,0.22942261704700137,-0.009246934730039513
8e-07,9e-08,4,1,0.9,0.22936574821903358,-0.030268716776982896
4e-07,1e-06,8,4,0.9,0.22927105104497686,-0.005939853080645319
2e-06,1e-06,2,3,0.9,0.2291355756683655,-0.008671464681175078
1.5e-06,1e-06,4,3,0.3,0.22905984459824466,0.012601913731337816
2e-07,9e-08,8,4,0.6,0.22905069822604057,-0.03215063722956596
1e-07,9e-08,4,4,0.6,0.2290152089427444,-0.03846036760474453
1.6e-06,9e-08,1,2,0.9,0.22896854778891468,-0.012132208919765464
3e-06,6e-08,2,2,0.6,0.22895709807191592,-0.0003727383621378033
7.5e-07,3e-07,1,3,0.9,0.22891760726095364,-0.009301063775030372
4e-07,5e-07,4,0,0.9,0.22890134147894683,-0.008891599836358871
4e-07,9e-08,2,0,0.6,0.228821202786186,-0.029780659128320675
8e-07,9e-08,2,4,0.9,0.22858301944870346,-0.023222093540986866
1e-06,1e-06,1,3,0.3,0.22830576419176105,-0.011692226354173246
1e-07,6e-08,8,4,0.6,0.22825733387327007,-0.04088913293611257
2e-07,1e-06,4,5,0.9,0.22820367841788944,-0.014667640411341998
7.5e-07,5e-07,8,3,0.6,0.22798300146568043,-0.014750135583725621
7.5e-07,5e-07,4,3,0.6,0.2275835952985441,-0.005934163873396792
4e-07,9e-08,1,1,0.9,0.2275779435775625,-0.014820933747198228
4e-07,5e-07,2,4,0.9,0.22743098465330655,-0.014144232782089428
5e-07,1e-06,1,3,0.9,0.2272154172374842,-0.006369005231302405
4e-07,1e-06,1,5,0.9,0.2272040527124465,-0.016767715371270253
3e-06,9e-08,4,2,0.6,0.22698513612840823,-0.014061553346277705
2e-07,5e-07,1,4,0.9,0.22692038504296255,-0.02082410865802231
1.6e-06,9e-08,2,4,0.6,0.22691841433160342,-0.036407607460763186
4e-07,9e-08,8,4,0.6,0.22687665530050277,-0.034859307162315195
3e-06,9e-08,8,2,0.3,0.22685504420883001,0.10482047572927722
2.5e-06,3e-07,2,3,0.6,0.22683872277614636,-0.011081925713860075
2e-07,6e-08,4,0,0.6,0.22683433712752787,-0.013744304451465433
2e-06,5e-07,4,3,0.6,0.22682675194699492,-0.015618181685157217
2e-06,1e-06,2,3,0.6,0.22673449740317922,-0.005860173176264416
4e-07,5e-07,1,5,0.9,0.22673071924100047,-0.014603327450028014
2e-07,9e-08,4,5,0.9,0.22656140467851457,-0.019602685529783115
4e-07,2e-07,1,2,0.9,0.22655223562302318,-0.01670531001624803
1e-07,2e-07,1,5,0.9,0.22649894550461128,-0.025850418636461203
2e-07,9e-08,1,0,0.9,0.2263167329099562,-0.009346945998147838
4e-07,5e-07,1,0,0.9,0.2262752969836383,-0.0046109200654792515
1e-07,5e-07,2,4,0.6,0.2260896614253692,-0.036344093832972574
7.5e-07,9e-07,1,3,0.6,0.22607785912246178,-0.006395719188715898
1e-06,5e-07,4,3,0.6,0.22607277822587388,-0.010539508657719132
1e-06,3e-07,2,3,0.6,0.22607244678562108,-0.003993500217168933
8e-07,6e-08,8,1,0.6,0.2259528213935394,0.0006488652267030437
1.5e-06,9e-07,1,3,0.6,0.22588987439848932,-0.004198453776956879
1e-07,1e-06,1,4,0.9,0.22584456929655944,-0.03291832057799193
1.5e-06,1e-06,8,3,0.3,0.22577357587100977,0.0140515359176894
2e-07,1e-06,1,2,0.9,0.22574553305588294,-0.023209280842453994
2.65e-06,1e-06,2,4,0.9,0.2257403132455526,-0.006836189640560042
2e-06,3e-07,2,3,0.6,0.22571131435005545,-0.005067115926799759
1e-07,9e-08,4,5,0.9,0.22560338984200662,-0.009472329297671112
1.5e-06,1e-06,2,3,0.9,0.22548840338872247,-0.007351373315972465
2e-07,5e-07,2,2,0.6,0.22542334086047852,-0.04075900838568258
1e-06,5e-07,2,3,0.9,0.22528550994912008,-0.01153349682279825
1e-07,6e-08,1,0,0.9,0.22523016123791165,-0.001930568806038313
8e-07,6e-08,2,1,0.9,0.225222731117337,-0.022139030055563447
1e-07,2e-07,1,2,0.9,0.2252199986721021,-0.027632540485420742
2e-06,1e-06,4,3,0.6,0.2251964271824623,-0.010902527687216612
8e-07,1e-06,1,5,0.9,0.22508590929334646,-0.01189992896206124
2e-06,9e-07,1,3,0.3,0.22499653095873323,-0.0028060608991948566
2e-07,6e-08,4,1,0.9,0.22497161098656374,-0.021120685730950217
8e-07,9e-08,2,1,0.9,0.22490357548760503,-0.018505721554891053
2.65e-06,1e-06,1,0,0.9,0.22483956634758434,0.0033385099535521157
1.5e-06,1e-06,2,3,0.3,0.2247463816782908,0.011495210809507439
2.65e-06,1e-06,1,5,0.9,0.2243862460643618,-0.002991582541337162
2.5e-06,1e-06,2,3,0.3,0.22434833876046462,0.002560244489820951
4e-07,6e-08,1,4,0.9,0.22421501510628242,-0.008874371795189684
4e-07,9e-08,1,0,0.9,0.2240289156555027,-0.012854321963017057
4e-07,6e-08,4,5,0.6,0.22394615034850482,-0.012476197786568388
1e-07,9e-08,4,0,0.9,0.2238955351558744,-0.013168551356351643
4e-07,6e-08,8,4,0.6,0.22381796991557215,-0.04121930924706066
4e-07,5e-07,1,4,0.6,0.22348359683523428,-0.03519316508382081
8e-07,9e-08,4,4,0.3,0.22347987154393337,-0.05924436762614932
2.5e-06,1e-06,8,3,0.3,0.22341484075503953,0.007037078324275803
8e-07,6e-08,1,1,0.9,0.22335191807708293,-0.004908031199948759
8e-07,1e-06,4,4,0.9,0.22320784957105594,-0.004295485957007739
1.5e-06,3e-07,2,3,0.6,0.22319440952075484,-0.0029388237074473023
5e-07,3e-07,1,3,0.6,0.22304442003239786,0.0017547521287870071
5e-07,9e-07,1,3,0.6,0.22301648854534806,-0.007125124831567353
3e-06,9e-08,4,5,0.3,0.22301451267542854,0.08496867144816433
1e-07,5e-07,4,5,0.6,0.22300695850901117,-0.0394648621278999
8e-07,1e-06,4,5,0.9,0.22299903862802628,-0.0036002024255118448
1.5e-06,1e-06,1,3,0.3,0.2229741731878354,-0.00918348770578617
1.5e-06,5e-07,4,3,0.6,0.22275261010713326,-0.011293053155998045
1e-07,9e-08,8,5,0.9,0.222727451914038,-0.015485313926231037
2.5e-06,3e-07,1,3,0.6,0.22264287257880716,-0.0004003168202270646
4e-07,9e-08,4,2,0.9,0.2225654605488198,-0.020921223881681106
8e-07,9e-08,4,2,0.6,0.22254708846713567,-0.00016310410497427652
1e-06,3e-07,1,3,0.6,0.22253489909492,-0.0003639765361632685
5e-07,1e-06,1,3,0.3,0.22248795382264883,-0.04852744218558189
5e-07,5e-07,1,3,0.6,0.2223600114759249,-0.005216012193243191
1.5e-06,3e-07,1,3,0.6,0.2223107412975962,0.0016156271899581687
1e-07,9e-08,8,4,0.9,0.2223067387387025,-0.018926293246747494
1e-07,9e-08,2,0,0.6,0.22211367146137934,-0.04738584142272095
3e-06,9e-08,1,1,0.9,0.2219646575974425,-0.024179913236554884
2e-06,1e-06,8,3,0.3,0.2219542762815931,0.008001321295545982
4e-07,5e-07,2,2,0.6,0.2219060704517942,-0.03213912216295094
4e-07,1e-06,8,1,0.9,0.22184903270973427,-0.003444049753780626
4e-07,2e-07,1,2,0.6,0.22181233730297295,-0.026817037546043476
2e-06,5e-07,1,3,0.9,0.2217200367930018,-0.006555383291484418
4e-07,1e-06,2,5,0.9,0.22167201346537566,-0.012301443155768449
4e-07,1e-06,2,2,0.9,0.22164276412580203,-0.010403566089784766
8e-07,1e-06,2,4,0.9,0.22157044664241887,-0.004584542719508922
2e-06,1e-06,2,3,0.3,0.2214964432156258,-0.002965868634733415
1e-07,9e-08,1,5,0.9,0.22146039617378385,-0.00014093377440355104
7.5e-07,3e-07,2,3,0.9,0.22130410129368605,-0.010961576569118836
1e-07,9e-08,8,1,0.6,0.22128452085887224,-0.013598265657802061
4e-07,1e-06,1,2,0.9,0.22125300477022553,-0.016225730099135083
7.5e-07,1e-06,8,3,0.3,0.22123810993248227,0.009891913916806161
2e-07,6e-08,8,2,0.6,0.22116284959816293,-0.005069813870426598
1.6e-06,6e-08,2,4,0.6,0.22114137490203906,-0.039976663582777544
1e-07,1e-06,2,5,0.9,0.2210937489604527,-0.030432041653586123
7.5e-07,3e-07,1,3,0.6,0.22105629047217196,-0.0015403469560144045
2e-06,3e-07,1,3,0.6,0.22103382187736953,-0.0018633181829950662
1e-07,6e-08,4,0,0.6,0.22099396418237283,-0.035056905232400376
2e-06,9e-07,1,3,0.6,0.22097585726365146,-0.0063046154699814005
1.6e-06,6e-08,1,1,0.6,0.2208493967781418,-0.002721827850909908
1.6e-06,9e-08,1,1,0.9,0.22056994484762443,-0.015871986748135947
1e-06,9e-07,1,3,0.9,0.22056834318686888,-0.004079215915664847
7.5e-07,1e-06,1,3,0.3,0.22056720994496787,-0.01971406081320709
5e-07,1e-06,8,3,0.3,0.22050292553558806,0.006311195820746435
1.5e-06,1e-06,2,3,0.6,0.2204934003225604,-0.005354597545592477
8e-07,6e-08,2,4,0.6,0.2203233279073086,-0.04674938792296365
1e-07,6e-08,8,5,0.6,0.22027032905686053,-0.007476044837215146
1e-07,2e-07,1,1,0.6,0.22024503783237112,-0.012946133426475659
8e-07,5e-07,1,2,0.9,0.22024396501184124,-0.00978964184362316
1e-06,5e-07,1,3,0.9,0.2202184893825238,-0.008676334508126882
1e-06,9e-07,1,3,0.3,0.220162841868717,-0.00243657924472096
2e-07,1e-06,1,5,0.9,0.22014208761009396,-0.02955228943746857
2.5e-06,5e-07,2,3,0.6,0.22013616868313696,-0.007641141041473676
7.5e-07,5e-07,4,3,0.9,0.22010542020296658,-0.016803391781964327
8e-07,5e-07,2,2,0.9,0.2200501347655477,-0.00652492677963451
2e-07,6e-08,1,2,0.9,0.2200292435582701,-0.02636380147452355
8e-07,6e-08,2,2,0.9,0.2199553313313582,-0.017268274250598625
4e-07,1e-06,2,4,0.9,0.21988384237341027,-0.008214487758125555
8e-07,9e-08,8,2,0.6,0.2198086140369729,-0.01026053989149689
1.5e-06,5e-07,2,3,0.6,0.21973647943092117,-0.0037193287274440157
2.5e-06,9e-07,1,3,0.3,0.2195944539058277,-0.0028103277831646456
5e-07,5e-07,1,3,0.9,0.219540797472002,-0.008137807563091737
2e-07,5e-07,4,5,0.6,0.21951943118286077,-0.026636824493354028
1.5e-06,5e-07,2,3,0.9,0.21945659069744589,-0.012018402106655723
4e-07,9e-08,2,4,0.9,0.21941820857207667,-0.019964505038241154
8e-07,6e-08,1,4,0.9,0.2193381973523548,-0.012623876749782048
8e-07,6e-08,8,2,0.6,0.21929527100156948,-0.007691988970497443
1e-07,2e-07,1,1,0.9,0.21928741056218523,-0.009567440328695498
1e-06,5e-07,1,3,0.6,0.21925377309180244,-0.004436274997790313
1.6e-06,9e-08,2,5,0.6,0.2191719366220048,-0.006113986854560577
2.5e-06,5e-07,1,3,0.9,0.2191548538768923,-0.00901764538572658
2e-07,9e-08,4,2,0.9,0.21915111738858398,-0.014738627607677524
2e-07,6e-08,4,0,0.3,0.21913705848455262,0.0333443854889488
3e-06,9e-08,2,4,0.6,0.21910716629616958,-0.03888164331724031
2e-07,6e-08,1,4,0.6,0.2189632140695493,-0.033289195868622806
2e-07,9e-08,4,4,0.6,0.2188208792576532,-0.03796418091760237
2e-07,9e-08,2,4,0.9,0.21878303609596247,-0.017329534081739262
4e-07,6e-08,1,0,0.6,0.21876539996860225,-0.0178407610274669
1e-07,6e-08,2,0,0.9,0.218748792761343,-0.019509424789269203
1e-07,9e-08,4,4,0.9,0.21865003333249894,-0.016064164929971314
1e-07,6e-08,4,5,0.9,0.21861765952120593,-0.006736613024180715
1.6e-06,9e-08,1,4,0.9,0.21841288103002832,-0.02366937473576658
7.5e-07,5e-07,2,3,0.6,0.2181760806853207,-0.0025437356675676592
2e-07,6e-08,2,4,0.6,0.21815256353666626,-0.03865586946459479
8e-07,1e-06,4,2,0.9,0.21808688148755348,-0.003165837694627971
2e-06,5e-07,2,3,0.6,0.21806976039321974,-0.005098487826187381
4e-07,9e-08,8,5,0.6,0.2178799432766338,-0.0021122627374506042
8e-07,6e-08,4,2,0.6,0.21780345736924187,-0.016888542193112588
1e-07,5e-07,2,4,0.9,0.21776865578884824,-0.013532398044098282
1.6e-06,6e-08,1,1,0.9,0.2176096699179432,-0.01432682117710099
8e-07,6e-08,4,5,0.6,0.217596410957848,-0.011271055142029307
2e-07,1e-06,2,5,0.9,0.2175260846758975,-0.017438817284677388
8e-07,6e-08,1,0,0.6,0.21725417373894254,-0.030333162818936166
2e-07,2e-07,1,5,0.9,0.21716438172277924,-0.02051181319963294
3e-06,6e-08,1,1,0.9,0.21706911174294974,-0.016033713523200543
4e-07,6e-08,4,0,0.6,0.21704594326532628,-0.03055222778275013
5e-07,3e-07,1,3,0.9,0.21702260853650493,-0.0082804035191546
1e-06,1e-06,8,3,0.3,0.21702191883289218,0.01170986982996805
1e-07,5e-07,2,2,0.9,0.216857370500738,-0.02068405504477952
5e-07,9e-07,1,3,0.3,0.21683140032971226,-0.03999407166009561
7.5e-07,9e-07,1,3,0.3,0.2168311724775532,-0.01405640854640891
4e-07,9e-08,4,1,0.9,0.21673621100067195,-0.020935493368488156
1e-07,1e-06,1,0,0.9,0.2165572330084776,-0.011503248856457454
5e-07,6e-07,1,3,0.6,0.21644524667253334,-0.004449180081547155
5e-07,5e-07,4,3,0.6,0.21628860589331947,-0.007776845767374918
4e-07,6e-08,1,0,0.9,0.21627690189330076,-0.0004768991758664076
1e-07,1e-06,2,4,0.9,0.2162470604334123,-0.01490601349009002
1e-07,5e-07,2,5,0.9,0.21612084365114698,-0.018985469377108072
4e-07,6e-08,2,4,0.6,0.21609590058965678,-0.03375636394737064
1e-06,1e-06,4,3,0.3,0.21606382414234843,0.008287956151219578
1e-07,6e-08,4,2,0.9,0.21606353671675943,-0.00940665898775006
4e-07,9e-08,4,4,0.6,0.21595689860761932,-0.03385151450862156
4e-07,1e-06,1,4,0.9,0.2159243042599616,-0.012727636922778063
1e-07,6e-08,8,2,0.6,0.21587800813463706,-0.012352760739042123
2.5e-06,5e-07,1,3,0.6,0.21573380373570528,-0.0029457756728658024
4e-07,6e-08,4,4,0.6,0.21569300500920768,-0.03315783715600501
4e-07,9e-08,2,0,0.9,0.21565399083570047,-0.01554196039724931
1.5e-06,9e-07,1,3,0.3,0.2155924339578502,-0.013789908206410073
1e-07,9e-08,8,0,0.6,0.2155263893570484,-0.027741720153323046
1e-07,9e-08,2,0,0.9,0.21531795462815118,-0.018192082010127897
1.5e-06,5e-07,1,3,0.9,0.21523591468562428,-0.008240375809760558
2e-06,1e-06,1,3,0.3,0.21503324480793845,-0.02287501288532451
1e-07,2e-07,1,0,0.9,0.21502222956064254,-0.017847824342648755
4e-07,5e-07,1,4,0.9,0.215003389033373,-0.01591842139603944
7.5e-07,6e-07,1,3,0.6,0.21496192318968999,-0.0018491545199240678
3e-06,6e-08,1,4,0.6,0.21493597334672904,-0.028930896741355294
2.5e-06,1e-06,1,3,0.3,0.21487314618093273,-0.010532370047972667
1.5e-06,5e-07,1,3,0.6,0.21473080288875987,-0.0034972975940162354
8e-07,9e-08,2,2,0.9,0.21470671325490032,-0.016385148989227383
2e-07,5e-07,1,2,0.9,0.21448298310173394,-0.01663159467955
8e-07,9e-08,4,4,0.6,0.2144725303813309,-0.030238559343524096
1e-06,6e-07,1,3,0.6,0.21431307955459258,-0.004729439028325733
5e-07,5e-07,2,3,0.6,0.21424056556035714,-0.003691647472922832
7.5e-07,5e-07,2,3,0.9,0.2139645142498697,-0.00941764193605732
1.6e-06,6e-08,1,4,0.6,0.2138860209440739,-0.036253001557097514
7.5e-07,5e-07,1,3,0.6,0.2138680927215606,-0.0008085070954801377
8e-07,1e-06,1,4,0.9,0.21376294226645212,-0.009598346838618044
1e-07,2e-07,1,0,0.6,0.21360447957269088,-0.021978498827463694
1e-07,5e-07,1,2,0.9,0.21357178303745736,-0.01648560992876466
8e-07,9e-08,1,0,0.9,0.21356612810532966,-0.016610249477754246
2e-07,6e-08,8,5,0.6,0.2134687505558194,-0.0021531834703242825
7.5e-07,1e-06,2,3,0.3,0.21340358314133295,-0.00037473782895955376
2.5e-06,6e-07,1,3,0.9,0.21339009498444347,-0.006797521580439447
1.5e-06,1e-06,1,3,0.9,0.21324157501494256,-0.0018244894351525653
2e-07,9e-08,1,5,0.9,0.21307335284891127,-0.017526623275998743
4e-07,2e-07,1,4,0.6,0.21282521013340389,-0.024155316924690362
1e-07,5e-07,1,0,0.9,0.21281255779434444,-0.01010710143686916
5e-07,6e-07,1,3,0.9,0.2128011622445498,-0.00608530769965776
2.5e-06,6e-07,1,3,0.6,0.21248866261718788,-0.003728430866035526
1.5e-06,6e-07,1,3,0.6,0.2122876452207675,-0.004916679419630532
4e-07,6e-08,8,1,0.6,0.2121991862957436,-0.002263699490490434
7.5e-07,1e-06,1,3,0.6,0.21216658482939849,-0.006607071284351229
1.6e-06,6e-08,1,2,0.9,0.21212838648814242,-0.009952551285922817
2e-07,2e-07,1,2,0.9,0.21184670170659747,-0.017868838298136486
4e-07,5e-07,1,1,0.9,0.21152844164316614,-0.006998982813343407
7.5e-07,1e-06,2,3,0.6,0.21138475976592802,-0.002394261196605796
8e-07,9e-08,1,9,0.0,0.21138257998523477,-0.0070247686961594225
3e-06,6e-08,4,1,0.6,0.21125292595333614,0.007573220606130304
2e-06,6e-07,1,3,0.9,0.21118639984603665,-0.006064730932001439
7.5e-07,1e-06,4,3,0.9,0.21117458585950186,-0.009984107947688947
2e-07,5e-07,2,5,0.9,0.21095446141222984,-0.01780875635630158
4e-07,6e-08,8,5,0.6,0.210932958675709,-0.004343552349103996
2e-06,6e-07,1,3,0.6,0.21069258488666534,-0.003825181715353343
4e-07,6e-08,1,2,0.9,0.21059275383331597,-0.004629895727972455
3e-06,9e-08,4,1,0.6,0.2105071554751358,-0.00509887794892927
4e-07,5e-07,2,1,0.9,0.21044897233466275,-0.005779410100132026
2e-06,5e-07,1,3,0.6,0.2103136328802544,-0.0019382077635690664
4e-07,9e-08,8,2,0.6,0.21028508388808861,-0.0018608774956625496
1e-07,9e-08,8,1,0.9,0.2102584052363007,-0.0005770855115330153
2e-07,9e-08,8,5,0.6,0.2101096251607645,-0.010915713700243718
7.5e-07,6e-07,1,3,0.9,0.20983899721065025,-0.0053802347461705535
1.6e-06,1e-06,1,2,0.9,0.20973467123385864,-0.005745116247332288
7.5e-07,9e-07,1,3,0.9,0.20965596876051476,-0.004196665403550237
1e-07,6e-08,1,4,0.9,0.2096323091963832,0.0016898919383951938
8e-07,9e-08,4,5,0.6,0.2085699957281435,-0.012647893842204605
7.5e-07,5e-07,1,3,0.9,0.20825597821695663,-0.005454890918958399
1e-06,5e-07,2,3,0.6,0.20816754188749426,-0.0029049905684155886
2e-07,5e-07,2,2,0.9,0.20810987430783107,-0.01656027516765901
7.5e-07,1e-06,4,3,0.6,0.20784929519988987,-0.005003049414108729
1e-07,6e-08,1,2,0.9,0.20736845129023976,-0.0015051421316559788
4e-07,1e-06,1,1,0.9,0.20732780756755043,-0.006698355181103233
5e-07,9e-07,1,3,0.9,0.20726806772981837,-0.004228883901653269
1e-07,6e-08,1,4,0.6,0.2070800480312262,-0.025689584865880133
1.6e-06,6e-08,4,1,0.6,0.20696166598761287,0.002886895657921551
1e-07,5e-07,2,1,0.9,0.20664572395530834,-0.006727271412707847
5e-07,5e-07,2,3,0.9,0.20566124452058485,-0.007247171156110621
1e-06,6e-07,1,3,0.9,0.20561766848308743,-0.008136300080729686
4e-07,5e-07,2,2,0.9,0.20555041502583588,-0.01300838962094475
1.6e-06,9e-08,4,1,0.6,0.20542381596673925,-0.006875121796965228
4e-07,6e-08,8,2,0.6,0.20508516374472147,-0.0038662242530162483
1e-07,6e-08,2,2,0.6,0.2046548297518481,-0.004456171230552808
4e-07,5e-07,1,2,0.9,0.20415533614905218,-0.011851582570469504
1.5e-06,9e-07,1,3,0.9,0.20298935964901738,-0.0018465457818127584
2.65e-06,1e-06,1,4,0.9,0.20192999551852156,-0.004770418445128544
7.5e-07,1e-06,1,3,0.9,0.2017086666946227,-0.002964313945000907
1.6e-06,5e-07,1,2,0.9,0.19978181339613446,-0.010319829611153464
1.6e-06,1e-06,2,5,0.9,0.19867475482102265,-0.004988002833689192
2e-06,1e-06,1,3,0.9,0.19310837724652916,-0.001950204607718553
7.5e-07,1e-06,2,3,0.9,0.19281334789181503,-0.0018314000260192254
1.6e-06,1e-06,2,2,0.9,0.19094307732506824,-0.0027881982552486473
2.65e-06,1e-06,1,1,0.9,0.19068990805912256,-0.003278680723356575
2.65e-06,1e-06,2,0,0.9,0.18856994371901956,0.001515566295074211
1.6e-06,1e-06,2,4,0.9,0.18569030721098084,-0.005710973320005919
2e-06,9e-07,1,3,0.9,0.18053622293516564,-0.005294358872327876
1.5e-06,6e-07,1,3,0.9,0.18037067540073473,-0.006650534597550717
2.65e-06,1e-06,4,4,0.6,0.15495618001245479,-0.008153642399501088
2.5e-06,1e-06,1,3,0.9,0.14574058866445552,-0.0036669118065987827
3e-06,5e-07,1,2,0.9,0.13906611081927095,-0.00509250002360262
3e-06,5e-07,1,5,0.9,0.11549616747854716,-0.006603423921296203
2.65e-06,1e-06,2,2,0.9,0.11494736498920824,-0.0027438699179760107
2.65e-06,1e-06,2,5,0.9,0.0693165843689544,-0.005236077194113814
2.65e-06,1e-06,2,1,0.9,0.05597682365389876,-0.0032166210964927333
